total_eui_kwh_m2_yr,heating_eui_kwh_m2_yr,cooling_eui_kwh_m2_yr,sda_pct,utilization,cost_usd_m2,eplus_success,radiance_success,fem_success,success,eplus_error,radiance_error,fem_error,eval_time_s,x0,x1,x2,x3,x4,x5,x6,x7,x8,x9,generation
19.785350980771817,1.9840546660585465,17.80129631471327,92.0,0.061897285940305545,758.5280528555128,True,True,True,True,,,,16.78394603729248,0.1361420939177241,0.1254384615750357,0.11999791243432592,0.1408348126774746,0.2014812944119319,2.4036439507673864,0.28760768552420707,3.43682245351904,0.5345365480573443,0.01107737002957425,7
20.296903150786427,2.051395403380803,18.245507747405625,100.0,0.08577646694372099,696.3304827493511,True,True,True,True,,,,14.181928873062134,0.16183719828673107,0.19114471100953967,0.11242510099619063,0.12639857892870646,0.2819795315551372,1.7017903633170688,0.2435111291561265,3.223191016417383,0.3326163989254102,0.0049557157905267225,8
20.566165649350335,2.301503248095617,18.264662401254718,100.0,0.3360229917524899,589.2307146113011,True,True,True,True,,,,16.611375093460083,0.10887983490741379,0.14202123279446582,0.10022028598999506,0.15700709835723745,0.25709152997490464,0.49129645441007697,0.12195882178220174,3.2306408451671405,0.08251072064432292,0.010842259154932678,8
19.957272594821255,1.9108423830191275,18.04643021180213,96.0,0.09605469802948619,776.7212914744266,True,True,True,True,,,,16.83270287513733,0.12661001161817606,0.12540575819648728,0.14951178846669164,0.17645956370908206,0.2755118729735252,2.7070567786389237,0.2982857894819856,1.851671403220836,0.467052947174769,0.0107636690244447,8
21.060218919052918,2.5036009275021827,18.556617991550734,100.0,0.23919659437430416,581.9660305805501,True,True,True,True,,,,17.02675986289978,0.14554096846986272,0.11390592450759762,0.10378598059655449,0.1603209529553097,0.13071240247716603,0.6884326468008534,0.15485667103114725,0.8081503184802664,0.02584139976153227,0.00794840632626805,8
21.29664584594642,2.436943711476932,18.859702134469487,100.0,0.0790318172356824,629.9070456305351,True,True,True,True,,,,16.922909021377563,0.14763060340217438,0.23748729994869178,0.10540111251553153,0.11150726276103222,0.19045932960369674,0.6577433868710931,0.25388604956307453,3.821540454007852,0.5118736047114284,0.010526676594098774,8
23.134748733331875,2.914455510309724,20.22029322302215,100.0,0.14820718899615673,565.6508634532529,True,True,True,True,,,,16.35035014152527,0.1238291658148328,0.38595240770721684,0.11131574511658421,0.14979727274200533,0.06131027368453767,0.5126605632585554,0.18444429775522603,3.6958962344504376,0.5796859876643159,0.006599218665468721,8
20.478192652601187,2.3461669648665744,18.132025687734615,96.0,0.06943786775396105,639.2682104466493,True,True,True,True,,,,15.190096139907837,0.10704172283341785,0.11002493532739915,0.1041837213639164,0.13900814096421157,0.1997238992114402,0.14447021800967896,0.27120942729876585,3.1626644637026056,0.26989063781155165,0.006887565094338963,8
20.803584360977347,2.276150587507121,18.527433773470225,100.0,0.6882624201885994,550.6258140802682,True,True,True,True,,,,13.690685272216797,0.10747367707148799,0.11160586132828985,0.17343792630561575,0.1415849773976876,0.2615840158744902,0.5322912419260267,0.2724296479063775,2.153895553714319,0.2027970875711286,0.006877473690697876,9
21.36782606512886,2.585263613751783,18.782562451377075,100.0,0.058779980934749294,629.3024177571459,True,True,True,True,,,,13.618506908416748,0.18896748868810723,0.16847611456316072,0.10070398436005196,0.12165371312309048,0.12319634609422159,0.6696723161392266,0.2953057602400191,3.1546620377690657,0.5395851685947831,0.009766726588234182,9
20.495658976684503,2.4023202470320264,18.093338729652476,92.0,0.0790318172356824,628.8745522939175,True,True,True,True,,,,13.406898260116577,0.1490237414960042,0.1048682410219417,0.10540111251553153,0.11150726276103222,0.19045932960369674,0.6577433868710931,0.25388604956307453,3.2308416901708776,0.5118736047114284,0.010526676594098774,9
20.448526841282145,2.3448296843981806,18.103697156883964,92.0,0.06943786775396105,638.5840546314931,True,True,True,True,,,,13.73303508758545,0.10363145341193274,0.10659005717985105,0.10410972609942229,0.13900814096421157,0.19755628885769513,0.6480787148245606,0.27120942729876585,3.164056849892763,0.26989063781155165,0.006887565094338963,9
20.01050924398648,1.952114753529458,18.058394490457022,100.0,0.0589188981116241,784.8008214848977,True,True,True,True,,,,14.569416046142578,0.1907719889333749,0.16847611456316072,0.10114051502089859,0.1425305697616558,0.22044461823139294,2.463541925532013,0.29494955656754096,3.120830279972176,0.5393326925175412,0.009732386041781336,9
19.908894120596127,2.0656525820161797,17.843241538579946,92.0,0.05770537535408439,702.9848545936683,True,True,True,True,,,,12.796224117279053,0.12964538610611698,0.10978600741377068,0.11444146983695139,0.13840644346748993,0.24690907347459856,1.9768436732377175,0.29810518697118304,3.6825066455582776,0.4846938158594895,0.004197401154735307,9
21.44097848847284,2.7723065330452616,18.668671955427577,92.0,0.19836279886227018,550.3258404104562,True,True,True,True,,,,13.961217164993286,0.11425456430977478,0.10443359615825772,0.10380088389009033,0.13617248835760312,0.06749725889026192,0.8991548267530962,0.1591380406523715,3.4935991703096523,0.412947817304648,0.007349024481533521,10
20.607957166999665,2.3995002295156427,18.20845693748402,88.0,0.5988837298005638,523.9020122662101,True,True,True,True,,,,13.149580001831055,0.10681366390017155,0.11935722291074297,0.10520513735747515,0.1392119914843999,0.1666287585916233,0.16059548484335348,0.29249210659717473,2.1016902355472906,0.26299984265569504,0.00689093836728423,10
20.956298032291663,2.3318018382696026,18.62449619402206,100.0,0.7048789948436002,532.7210601312753,True,True,True,True,,,,13.22275424003601,0.10747367707148799,0.11160586132828985,0.17343792630561575,0.14076633738294225,0.1996850445193653,0.5322912419260267,0.26913279296929377,2.153895553714319,0.19656757979281803,0.006877473690697876,10
22.1239301489153,2.8990938529668275,19.224836295948474,100.0,0.057001249035596314,613.8098067477529,True,True,True,True,,,,13.109164237976074,0.19761050460870466,0.13098612596932907,0.10378226058526721,0.14167591021890935,0.06131027368453767,0.48655760087993705,0.29998292541598937,3.6958962344504376,0.5838706251544815,0.006592922467184877,10
22.26691338956464,2.7695693779328945,19.497344011631746,100.0,0.29909485207597636,539.4022297436554,True,True,True,True,,,,13.054467916488647,0.12964538610611698,0.14793742374226754,0.10314769340191883,0.21792782977424197,0.06720693656059516,0.5482353879648254,0.12933106385852644,3.4906102576917197,0.4840739817241272,0.0072186836868127924,10
21.531065633650904,2.4815442089014255,19.049521424749475,100.0,0.286221663751832,555.1980932231559,True,True,True,True,,,,13.2272367477417,0.11269770332117604,0.12431000213285709,0.18680609187027994,0.1438275553247539,0.12030644567118653,0.5588417600372049,0.13223313360921424,3.0486048838414193,0.4802498973028716,0.009811863143894914,10
22.587284472401134,2.9420484331919816,19.645236039209152,100.0,0.33302299684569775,534.4111299495681,True,True,True,True,,,,13.0987548828125,0.22150373742892673,0.14210276834007723,0.11261604053987706,0.15769328094294438,0.05796555584249777,0.9575311551000623,0.12251127826789218,3.0733577127783955,0.010167344505641782,0.006706189901105455,10
21.18411557639083,2.5812017531518596,18.60291382323897,100.0,0.6289392736845214,503.29694042437893,True,True,True,True,,,,13.506325960159302,0.10628871941649878,0.11114960394214854,0.11530957838555538,0.14379486087274873,0.09697221563139652,0.6382959004702565,0.2852629912663136,2.275736968990824,0.5017071348351155,0.007005347078685487,10
21.494615231264508,2.589400072687248,18.90521515857726,100.0,0.058392211358912614,623.4428638533865,True,True,True,True,,,,13.385735034942627,0.1395956668118247,0.15281562774386348,0.10196231035500605,0.1630967660137917,0.10206526627760668,0.6076576776296942,0.29630687736458716,3.891139607286641,0.03493421836170807,0.0086594368680938,10
22.083050345636984,2.8325108920566544,19.250539453580327,100.0,0.30519319570341913,536.0072674168796,True,True,True,True,,,,13.909551858901978,0.1238291658148328,0.15077526084353432,0.11131574511658421,0.15064282522234967,0.06131027368453767,0.5481637417476292,0.12802128443548363,3.1316928643757,0.5796859876643159,0.00659390419026914,10
21.270565185256604,2.5123843536062256,18.758180831650378,100.0,0.08610065749958393,610.8232072883247,True,True,True,True,,,,14.081163883209229,0.17794071363785552,0.1374509570341848,0.11588892896780789,0.13689576746077436,0.14122698304777442,0.4597721972390214,0.2430437674571071,3.9785633606790074,0.47439425562111104,0.007097857099170116,10
19.956799155560372,1.9108481108638387,18.045951044696533,96.0,0.05763707767108595,796.3973408446268,True,True,True,True,,,,14.063758134841919,0.12644681293868512,0.12540575819648728,0.14951178846669164,0.17646015144980473,0.2755118729735252,2.7070567786389237,0.2982857894819856,3.4537033322918473,0.467052947174769,0.01077286606406137,10
20.794119833086892,2.3828100333553666,18.411309799731526,96.0,0.5763676116757578,531.0835331028086,True,True,True,True,,,,13.053405046463013,0.1374662653530463,0.10826650689890606,0.11765830281909101,0.14906475584449463,0.18904217233565718,0.9597814636840687,0.29828005828279885,2.2154468981853306,0.06268214541065689,0.0064953369387162185,10
21.959974339525264,2.858786331717878,19.101188007807387,100.0,0.06259081545719701,606.5734959594005,True,True,True,True,,,,13.131566286087036,0.1479669834561606,0.12857502335670543,0.10160574212802295,0.15193028080418164,0.06082195983200446,0.04162509618830845,0.2859748766717374,3.969441763024035,0.33540899072251995,0.007385084672941146,10
22.676724093418834,2.78804992350817,19.888674169910665,100.0,0.11123444669629588,576.4402597386431,True,True,True,True,,,,13.119960069656372,0.13975397322301714,0.12166453514603649,0.1812975460698244,0.199421112459822,0.06207286195221391,0.6395952569750123,0.21335710639274136,3.749205095880716,0.5186608965358321,0.010539176046483023,10
20.859462935084743,2.3912174974596945,18.468245437625047,100.0,0.22543688566435427,585.620897754797,True,True,True,True,,,,13.343761920928955,0.14928615621658262,0.14092555883892882,0.10374975558320021,0.14084297684984012,0.20162839193021453,0.8199498734148741,0.14917126569535866,3.5781980069288823,0.34562611573440893,0.00737849229747704,10
20.7994370103223,2.4059576401614304,18.393479370160872,100.0,0.07984803607818385,629.3332648963252,True,True,True,True,,,,13.505449056625366,0.1490237414960042,0.1477962369154197,0.11264369812858696,0.11150726276103222,0.19275100762257733,0.6531792193244644,0.2525600304210297,3.2308416901708776,0.5118736047114284,0.010526676594098774,11
20.391917202508715,2.331301932527214,18.060615269981504,92.0,0.05909253904191963,664.5329084184503,True,True,True,True,,,,13.74904489517212,0.13819383349628142,0.10715726051567803,0.10187027985865388,0.13915206226877663,0.25014322265825867,0.3181355111910599,0.29450611040694835,3.378432453124231,0.2586352979994263,0.00718672386040449,11
20.297060584420816,2.0513888385085135,18.245671745912304,100.0,0.08579293245398106,696.322472424509,True,True,True,True,,,,14.050363302230835,0.16183719828673107,0.19114471100953967,0.11245967361648523,0.12639857892870646,0.2819795315551372,1.8206561111327257,0.24348732739397144,3.6962487924078795,0.5802079783156573,0.0049557157905267225,11
20.83348089424067,2.4654792668057692,18.368001627434897,100.0,0.19804196928873463,592.1827159189044,True,True,True,True,,,,13.989943027496338,0.21974646853144703,0.13898474309718467,0.10273065033145556,0.10301875829465405,0.20807070325755256,0.1250498589122967,0.1592683723955677,3.389568914080406,0.3766307068125836,0.008037869329259822,11
20.735687288591652,2.3367316206437425,18.39895566794791,100.0,0.061975230212008174,647.0357473089655,True,True,True,True,,,,14.136666059494019,0.10186494871267487,0.12526471967221128,0.12163432790791215,0.15048756582881415,0.2004864632263892,0.6513819124203111,0.2874227913844056,3.4816132136239686,0.029752301728944677,0.011080451983890948,11
20.418557365076566,2.3525770018727314,18.065980363203835,92.0,0.7451678561522089,530.9804865241562,True,True,True,True,,,,13.920362949371338,0.10747367707148799,0.109206799554962,0.10102085093153146,0.14076633738294225,0.19694352194582618,0.5322912419260267,0.26160829694480753,2.1499512658001545,0.19656757979281803,0.009739971428080436,11
21.49517598236725,2.529236451349607,18.965939531017646,100.0,0.17100995465806038,576.497557981451,True,True,True,True,,,,13.960692167282104,0.16821197119824027,0.1582440198312527,0.10193120378678563,0.17332135009800978,0.13172810149013378,0.341059747807992,0.17154617871096509,3.5010821722886982,0.4768622962451539,0.004463816445978485,11
22.405729567525107,3.0365507085239303,19.369178859001178,100.0,0.2850138150286803,537.9870302969864,True,True,True,True,,,,13.63937783241272,0.26870339292494394,0.14208973713415887,0.10567735403317202,0.10280517148885074,0.05569301798692001,0.6313501122755488,0.13251554495760526,3.8973442205358313,0.006155247923532545,0.006131886518034,11
21.247800623840586,2.416654415474899,18.831146208365688,100.0,0.08858069914472308,622.877481928039,True,True,True,True,,,,13.903677225112915,0.1470641839218333,0.1891549957816462,0.10008839160931363,0.16184187249294235,0.1884203134321684,0.6752384797666013,0.2395548462656078,3.7753779233503093,0.09595526091221318,0.007995696531510884,11
23.0121754119871,2.854490140740471,20.15768527124663,100.0,0.32886951309749995,533.3838133088879,True,True,True,True,,,,13.654105186462402,0.10355407821935267,0.10391168995813288,0.28446356284089136,0.16050685960728256,0.05172954944887108,0.14621293494625026,0.12328868217108185,3.3428631601516576,0.040770693106153263,0.005747424881401522,11
21.306893778173716,2.6317399998401854,18.675153778333527,100.0,0.07633583244773139,604.4262431649628,True,True,True,True,,,,13.744691848754883,0.14902456313258014,0.13346822202732006,0.10401107543936275,0.13382406169284455,0.09697221563139652,0.6848243106178794,0.2584180673203976,3.3767479258861184,0.03783604122966701,0.00975204454210296,11
22.49118021078147,2.8612760284436587,19.62990418233781,100.0,0.2869173062403811,536.5728688180983,True,True,True,True,,,,13.649003028869629,0.11269770332117604,0.12975732202400256,0.1858466882333201,0.1438275553247539,0.054565698429767474,0.5154120445055679,0.13207129886030622,3.0486048838414193,0.4802498973028716,0.009811863143894914,11
20.359114269473412,2.3073563460761677,18.051757923397243,100.0,0.6182557761982895,552.3627603279865,True,True,True,True,,,,13.835153102874756,0.10643325503683004,0.13417596392809233,0.10028911423310187,0.1363934845279955,0.2650910166616636,0.21229289546045005,0.2877712861274955,2.243224404014657,0.08251072064432292,0.010191466761525674,11
20.90909477594532,2.6271211870398483,18.281973588905473,84.0,0.16761959777789243,572.2421004070084,True,True,True,True,,,,14.06233811378479,0.12047909258569679,0.11004620554317104,0.10479228033408539,0.10520220936443309,0.09385345100264203,0.5303128018652615,0.22455454220247945,1.1618196887364156,0.43960149483429845,0.006881115538051314,11
23.13454976346044,2.914469907025423,20.22007985643502,100.0,0.1481694619087373,565.6608953332169,True,True,True,True,,,,14.076992750167847,0.1238291658148328,0.38595240770721684,0.1112811724962896,0.14979727274200533,0.06131027368453767,0.5333858327847559,0.18446809951738108,3.2228384584599077,0.33207140455197026,0.006599218665468721,11
20.4578998651415,2.3398586141230493,18.11804125101845,88.0,0.08123458831658484,629.8816072304663,True,True,True,True,,,,14.39014720916748,0.1008872481733994,0.11002493532739915,0.10540445843742233,0.13900814096421157,0.1997238992114402,0.5728643557441382,0.25035403069836387,3.1626644637026056,0.44541746581139907,0.006881933422946043,11
20.779163848508915,2.3641946174342188,18.414969231074696,100.0,0.3289608851802584,576.3582126802177,True,True,True,True,,,,14.10166597366333,0.13019080048024775,0.1455634470839482,0.10614694344929457,0.13836046673178193,0.2101586186411359,0.520484262641062,0.12327142080672418,3.1198861656985932,0.4846938158594895,0.0038940600416892688,11
20.17529021676951,2.047333339151345,18.127956877618164,96.0,0.08577646694372099,693.886927728582,True,True,True,True,,,,13.822863817214966,0.13887626832455519,0.191247361697356,0.10355239841696198,0.12639857892870646,0.2819795315551372,1.673730179251557,0.2435111291561265,3.2232405842948384,0.3326163989254102,0.0049557157905267225,11
21.417927849396786,2.6852218896276416,18.732705959769145,100.0,0.29805149441319084,541.264272789248,True,True,True,True,,,,13.53934907913208,0.1238291658148328,0.1105668549738025,0.10955003728924953,0.15112933881623677,0.07974303401282842,0.5481637417476292,0.12955919946195046,3.0439534426060844,0.5798132260246878,0.00659390419026914,11
21.39018715162604,2.6228878225953736,18.767299329030667,100.0,0.4255036538307534,534.7873490819782,True,True,True,True,,,,13.522064685821533,0.12015210353881928,0.13014073312578048,0.10132540549361435,0.15686124196841045,0.08956675533549593,0.8324904174194576,0.10828772820516856,3.2527833191747137,0.4492788757770811,0.00478072774979252,11
22.81488164989858,2.9591495509689296,19.855732098929654,100.0,0.15097890625182825,562.9021528407199,True,True,True,True,,,,13.471242189407349,0.26870339292494394,0.13677399123022166,0.1853036633516712,0.10280517148885074,0.05932306779063496,0.5631492091364814,0.18272035722434357,3.8967953835858196,0.006714849032490982,0.010214886462564242,11
22.148930169486608,2.726666021405247,19.422264148081364,100.0,0.11016360884107274,577.3084181261453,True,True,True,True,,,,13.049155235290527,0.10436386514186578,0.14297001160040138,0.18405126047426562,0.13586222383006244,0.06835131276471877,0.022528589720572256,0.21440830123957363,3.513277252756738,0.07690236777901241,0.011386843667928262,11
20.87895765200521,2.3832919901644845,18.495665661840725,100.0,0.057275225498751255,670.9750531437096,True,True,True,True,,,,12.994371891021729,0.17455168186229442,0.1659056590058856,0.10019724200892931,0.13889881932895884,0.2644499023711508,0.5036055281646783,0.29924811718207633,3.984487528180529,0.4829996886080329,0.008466670423935844,11
20.884412995202396,2.479006291042625,18.40540670415977,96.0,0.08413657469512317,611.2877722282278,True,True,True,True,,,,12.681042194366455,0.13962407578231245,0.1229179108872863,0.10129404266889967,0.14035624992197293,0.14101860021874074,0.33006589524135543,0.24591701461865226,3.394459492568457,0.022924511809971043,0.008582089629343263,12
21.166597238509777,2.4967753779924045,18.669821860517374,100.0,0.1995270102323865,569.6472447722591,True,True,True,True,,,,12.737143993377686,0.1391611512444285,0.1250653738513251,0.10101934878672372,0.17332135009800978,0.13077494381526528,0.260681803923258,0.15866776445648284,3.3837616313033165,0.018486233831431442,0.007187213725139138,12
20.421200246181773,2.3205588266314376,18.100641419550335,92.0,0.05707712275279056,671.6344806424925,True,True,True,True,,,,12.655916929244995,0.1297872635255642,0.11132155922363729,0.10504810769428172,0.1380778867846148,0.2664776026679819,0.5216247449930287,0.29977889339574854,3.35013269207863,0.4994003884277599,0.006988339558351693,12
21.54699380468686,2.6488013954855254,18.898192409201336,100.0,0.5975052153704714,502.6770909554242,True,True,True,True,,,,12.344358205795288,0.14502306076750454,0.14438786652384306,0.10776632620103894,0.14549804174968034,0.08975700508225634,0.6857059043638463,0.29283689512205585,2.617994276356473,0.010783380988007185,0.00995983165164518,12
20.00309531533433,1.9527413520974866,18.05035396323684,96.0,0.0589188981116241,784.4726130388354,True,True,True,True,,,,12.561730861663818,0.1907719889333749,0.1644719873020274,0.1036312110974577,0.1425370147422855,0.22044461823139294,2.450811724198009,0.29494955656754096,3.120830279972176,0.5443493320782238,0.01113219041914862,12
21.357762182783123,2.6751069456054677,18.68265523717766,100.0,0.06173498736267248,613.8687326757299,True,True,True,True,,,,12.297186136245728,0.14006760075531458,0.12042910009875188,0.1056653884277375,0.1361485425473301,0.08472481412766174,0.7997821665797202,0.2879938189671063,3.2082367812676944,0.1782606318087283,0.010518879218708723,12
21.907314401052613,2.8807921315762273,19.026522269476384,96.0,0.2522610480735483,545.9266430264998,True,True,True,True,,,,12.268736124038696,0.1112352111595632,0.12529174259552395,0.10362310098264357,0.14853201925099307,0.05596434073711652,0.3824687613077937,0.18247053858325726,1.1462805508391596,0.20422071900917593,0.01021648153939775,12
21.067529993146415,2.5867137712383,18.480816221908114,96.0,0.718783656908108,502.1464941997956,True,True,True,True,,,,12.4285409450531,0.10568839575103452,0.11114960394214854,0.10757623877276402,0.14355201512945223,0.09697221563139652,0.6382959004702565,0.2664635280749795,2.275736968990824,0.5006226425786932,0.007005347078685487,12
21.21686590765697,2.544108341149511,18.672757566507457,92.0,0.05716705597760335,630.4408866402192,True,True,True,True,,,,12.532989025115967,0.1638572517345901,0.121646757259765,0.11273506740709854,0.13805975078886723,0.12258430358255715,0.534998335834823,0.2995375883178963,3.6645534502402084,0.4840604310867288,0.007545399555667415,12
22.67473365346587,2.9512413876547843,19.72349226581109,100.0,0.15333929932251983,558.8854927194427,True,True,True,True,,,,12.562592029571533,0.1470641839218333,0.18886973810639096,0.10868012946916186,0.16968514786510477,0.052556066173208654,0.6845887650707141,0.18128960902982658,3.4010047869578988,0.03771268421259183,0.011063833477419665,12
20.33226626703696,2.360536806363926,17.971729460673036,96.0,0.10303921026539953,635.1137626801816,True,True,True,True,,,,12.75304388999939,0.13416350172074945,0.13113688165307166,0.10032628226917364,0.10183269326806596,0.22502993915877711,0.1299605750340218,0.2877712861274955,1.551372419848565,0.08251072064432292,0.011073633020042535,12
20.502385762853674,2.3467149676971153,18.155670795156556,92.0,0.7048789948436002,532.1932351529397,True,True,True,True,,,,12.930352926254272,0.10747367707148799,0.11160586132828985,0.1042237621351213,0.14076633738294225,0.19956182634437677,0.5322912419260267,0.26913279296929377,2.1527827280996785,0.19656757979281803,0.004746027669837818,12
19.5096690798785,1.9462747829545057,17.563394296923992,84.0,0.14802836708690867,721.3460360167338,True,True,True,True,,,,12.937322854995728,0.1195723645776634,0.12711136199259762,0.10379932632330549,0.13562417718171488,0.2600169565264351,2.6928126004945216,0.1845571967036844,3.213779282938142,0.027198578877187383,0.005851437876230539,12
21.896966867446675,2.902680664977522,18.99428620246915,92.0,0.06181893734716272,604.9265052076842,True,True,True,True,,,,12.672485113143921,0.12394329869413866,0.12526266508853282,0.12336943508423631,0.10646592438897227,0.055614210655471806,0.5548666397745061,0.2877938962903273,3.4385783439401068,0.01563951263626373,0.006005667414250454,12
22.120076124377917,2.9000051279177823,19.220070996460137,100.0,0.08397764748227242,589.4846743648477,True,True,True,True,,,,13.036081075668335,0.19761050460870466,0.1286316736429822,0.11136869329092712,0.12628920191204793,0.06131027368453767,0.48655760087993705,0.24615396317808744,3.2236528930148367,0.5838706251544815,0.006592922467184877,12
19.389290413779072,2.0133986858042503,17.37589172797482,84.0,0.41968866411727257,662.3230039468722,True,True,True,True,,,,13.115578889846802,0.12358734700894593,0.11860702071986973,0.10379009323421304,0.10291104063508447,0.20145167215944423,2.7738760905457145,0.10904017170043988,3.1590208654062084,0.2656365591392762,0.006887565094338963,12
22.02956597996149,2.789374767498898,19.24019121246259,100.0,0.3490838446083811,533.8561276915945,True,True,True,True,,,,13.044739007949829,0.13093782732777226,0.14611280485379835,0.11245493617135885,0.15834326771048213,0.06621591748399522,0.9571835089766588,0.11963777766329761,3.083447687997551,0.1473834172075237,0.006507556193219639,12
20.467305145811398,2.312292753745756,18.15501239206564,96.0,0.3360229917524899,586.1581391284622,True,True,True,True,,,,13.218126773834229,0.10887983490741379,0.14202123279446582,0.10022028598999506,0.13836873277742565,0.24664724412603795,0.4802324674680666,0.12195882178220174,3.2237890367913655,0.08251072064432292,0.010842259154932678,12
21.779806984757613,2.79362739259722,18.986179592160394,100.0,0.5865031279200835,496.29266382382826,True,True,True,True,,,,13.254663944244385,0.14571532846510504,0.12500823795961094,0.11014338196221164,0.14609435976279933,0.06786128763917368,0.11480461673988279,0.29563277764502854,2.617994276356473,0.42757014737264254,0.010145503878633562,12
20.9787454493626,2.419257979592316,18.559487469770282,100.0,0.618596196652303,525.2471164130966,True,True,True,True,,,,13.528296947479248,0.13891626592525025,0.12706885625667427,0.10756029757977825,0.15736208467871332,0.17015861138229443,0.9737904698689189,0.2876903457046618,2.2154468981853306,0.06268214541065689,0.0064953369387162185,12
21.00140341734974,2.5133914138416373,18.4880120035081,96.0,0.085452711005825,610.8388468178287,True,True,True,True,,,,13.922821998596191,0.17794071363785552,0.11158991584305761,0.10383561105195935,0.1409244576712792,0.14122698304777442,0.4597721972390214,0.24398054972399055,3.9785633606790074,0.5306929053255685,0.010460373109196565,12
22.675734470214884,2.7878550662411157,19.88787940397377,100.0,0.1071688260818616,578.2631020881348,True,True,True,True,,,,13.691137075424194,0.1395118861107368,0.12166453514603649,0.1812975460698244,0.199421112459822,0.06207286195221391,0.5234650765751923,0.21743229455475216,3.749650711463345,0.5189876599159535,0.006925609577326758,12
22.525565622290728,2.836175646620668,19.68938997567006,100.0,0.08020645445887872,592.2237366736117,True,True,True,True,,,,13.665508031845093,0.12304532103949575,0.14607239760103538,0.10445834427193018,0.23425734533235304,0.05884921575654468,0.5156449881586761,0.25198423785535623,3.909385220563022,0.47848697843864085,0.004593762911207411,12
20.174972422980286,2.0473526317294843,18.1276197912508,100.0,0.08615349417455247,693.6393817796877,True,True,True,True,,,,13.828500986099243,0.13887626832455519,0.191247361697356,0.10355239841696198,0.12634742140952648,0.2819795315551372,1.673730179251557,0.24296784997335522,3.2232405842948384,0.3326163989254102,0.010473509054920171,12
21.617331233572948,2.745327970139333,18.872003263433616,92.0,0.5716367744738771,498.9122932211208,True,True,True,True,,,,13.563474893569946,0.1688115440633502,0.10464367206532504,0.11057846673140385,0.13830301983385773,0.07653485831668769,0.6880499136269781,0.29954010236380313,2.9271111112036716,0.47922405952598635,0.010129603334581119,12
21.4034904898942,2.6073797203647695,18.796110769529427,100.0,0.05962181406541389,621.1292679888246,True,True,True,True,,,,13.78392505645752,0.13643554301637784,0.15281562774386348,0.10196231035500605,0.1461259538718856,0.099967065057858,0.9230676184882578,0.29316659448866456,3.374695950783801,0.03334331453568812,0.0086594368680938,12
21.983730915524568,2.732294203941201,19.251436711583366,100.0,0.19748109345402307,552.1119474241791,True,True,True,True,,,,13.724704027175903,0.11425456430977478,0.10372714681956152,0.1867542900237297,0.13617248835760312,0.06799661359671623,0.0334402298864529,0.1594969880508562,3.4935991703096523,0.412947817304648,0.011302802146329912,12
20.523898385849623,2.347673283152776,18.176225102696847,92.0,0.1019358594378603,620.8196766632851,True,True,True,True,,,,14.036340951919556,0.12057656996421769,0.11140362771617807,0.10614694344929457,0.13836046673178193,0.2101586186411359,0.520484262641062,0.22303648184112887,3.1079863197121718,0.4846938158594895,0.0038940600416892688,12
20.79647241509147,2.3828489927104197,18.41362342238105,100.0,0.057639243122505124,648.70372763999,True,True,True,True,,,,14.35182809829712,0.13744454663084046,0.10868343649624311,0.11768841096610944,0.14906475584449463,0.18904217233565718,0.4794445551485369,0.29828005828279885,3.052855345801907,0.06268214541065689,0.00980223894574824,12
20.64608771249943,2.3927319483730796,18.25335576412635,96.0,0.19965396824782408,588.4278357102307,True,True,True,True,,,,13.894651889801025,0.15340582995260182,0.10652682675582802,0.12418303289785652,0.11458933406511695,0.19755628885769513,0.6480787148245606,0.1586167315467201,3.391284273938406,0.26989063781155165,0.006887019246762971,12
19.854912014224656,1.9271880648841655,17.92772394934049,96.0,0.42175419127706365,706.3864930789904,True,True,True,True,,,,13.949218988418579,0.13562700132548855,0.10839544409409484,0.10379641238067404,0.2161633919538639,0.26818068369504455,2.6130206564553253,0.10877110537134216,3.985093123406055,0.00536259031360155,0.0047912987923591065,12
21.077462203681176,2.490978464244803,18.586483739436375,100.0,0.059891057352210834,631.4532585886939,True,True,True,True,,,,13.882220983505249,0.14653645487409972,0.1256782025632464,0.10380821418910526,0.15764659926453234,0.13727769366086817,0.562544342766492,0.29249210659717473,3.3856212689589915,0.2708515523577072,0.006107387598380863,12
20.60164060212599,2.3494792633443207,18.25216133878167,96.0,0.05943402898654793,649.1574637129656,True,True,True,True,,,,13.481062889099121,0.1111313653182022,0.11712641443954411,0.1488948644811442,0.10216150411028374,0.1986790152458967,0.8850408052968851,0.29363977104692973,3.876550814419132,0.07686984913681075,0.010200777974594562,12
21.076974060999802,2.5059194068228514,18.57105465417695,100.0,0.2684512560744943,556.1372346692718,True,True,True,True,,,,13.34853982925415,0.11584127293123404,0.12431000213285709,0.11265349788972162,0.1438275553247539,0.12016913441613726,0.5588417600372049,0.13657981166820332,3.0486048838414193,0.4802498973028716,0.009811863143894914,12
21.715937775540045,2.615491924417511,19.100445851122533,100.0,0.058524401519049675,619.9231209735118,True,True,True,True,,,,13.648579835891724,0.12214201381252082,0.14253282980940132,0.1037824345736907,0.19292707003071782,0.09000463439464959,0.3605658913655157,0.29596446319041386,3.48302572529345,0.07787029204253614,0.0102888881481501,12
21.44279900872615,2.77228637088365,18.6705126378425,92.0,0.19191536075915908,551.5349929566855,True,True,True,True,,,,13.626811027526855,0.11425456430977478,0.10443359615825772,0.10416182664698537,0.13617248835760312,0.06749725889026192,0.8980187779117161,0.16182012506759133,3.499011649431353,0.2771459068309565,0.007349024481533521,12
21.68667140075461,2.833318762694853,18.853352638059757,100.0,0.08182847605652664,591.0675324750532,True,True,True,True,,,,13.647958040237427,0.15319261435897616,0.1343823506250281,0.10141079128491157,0.11577579732021835,0.06550690884300431,0.1370537616512471,0.24942657585748954,3.984487528180529,0.49055343415992675,0.01080274987612063,12
20.405620176268478,2.3493704602079357,18.05624971606054,92.0,0.06943786775396105,639.2519684350951,True,True,True,True,,,,14.193175077438354,0.10704172283341785,0.11002493532739915,0.10189701780966538,0.13900814096421157,0.1997238992114402,0.14447021800967896,0.27120942729876585,3.1627747802722976,0.26989063781155165,0.006887565094338963,12
20.899027588169265,2.4336889228054477,18.465338665363817,96.0,0.05707009739061641,653.1681274847869,True,True,True,True,,,,13.478668928146362,0.19761050460870466,0.1110216330823166,0.10378226058526721,0.14167591021890935,0.2011799403813085,0.4836699438932825,0.2997977679398421,3.6213624550711745,0.5838706251544815,0.006592922467184877,13
20.38268546063567,2.338337189240155,18.044348271395513,96.0,0.06943786775396105,642.2432298723393,True,True,True,True,,,,13.45686388015747,0.10704172283341785,0.11158205986528474,0.10189701780966538,0.13888325313175998,0.20991728496111245,0.14447021800967896,0.27120942729876585,3.1627747802722976,0.3329655758561712,0.006624342923346299,13
20.58527008384874,2.349693756660718,18.235576327188024,92.0,0.5716299441734798,555.9157767252811,True,True,True,True,,,,14.243505001068115,0.168044679808814,0.1042309721142656,0.1127447097677787,0.1381255663978963,0.27497411580318454,0.6889971232534489,0.2995419330679612,2.9532767907827275,0.49323215888763877,0.007088345545301845,13
21.77994486968277,2.7702774909126746,19.009667378770096,96.0,0.3360229917524899,534.4302256282953,True,True,True,True,,,,13.125256061553955,0.10887983490741379,0.14202123279446582,0.10391679888362114,0.15700709835723745,0.06686312278017924,0.49129645441007697,0.12195882178220174,3.1320590858948485,0.09211212052191764,0.010845693834616449,13
21.734264116928546,2.7535824173727517,18.980681699555795,96.0,0.19191536075915908,552.238818430336,True,True,True,True,,,,13.01006293296814,0.11425456430977478,0.10443359615825772,0.1426615999185805,0.13617248835760312,0.06753140142114276,0.8980187779117161,0.16182012506759133,3.499011649431353,0.2771459068309565,0.00605057357790126,13
21.11373319021915,2.549389189833563,18.56434400038559,100.0,0.3038402699176415,553.5780715125044,True,True,True,True,,,,13.166378021240234,0.1638572517345901,0.121646757259765,0.10617984210584568,0.13840620758561625,0.12258430358255715,0.6202175016523457,0.12830842942019033,3.7083411394297885,0.4728251573047792,0.0043789577130173216,13
23.424504101177508,2.9725167203501868,20.451987380827322,100.0,0.28385695191391586,541.3492956552562,True,True,True,True,,,,13.077493906021118,0.27002055046091233,0.13652491277442647,0.27979459734826384,0.10280517148885074,0.055741032684984614,0.6313501122755488,0.1327877359402594,3.450720733013328,0.0004149115806735765,0.010196897797917314,13
22.142874373443917,2.8455831515904757,19.297291221853442,100.0,0.13660030892586894,572.7853990121678,True,True,True,True,,,,13.272504091262817,0.10826261952619542,0.1461273132115427,0.12378588547844965,0.148907086302498,0.058107052641064465,0.48169919805569716,0.2492087304034592,1.2924525124680604,0.4904694501304131,0.004575319776585289,13
21.673617775527635,2.7834938257623976,18.890123949765236,96.0,0.5891157081448865,496.4249568433369,True,True,True,True,,,,13.31369686126709,0.14698590746423149,0.11449264316950325,0.11014338196221164,0.14250683448884177,0.06924878431629021,0.13137509698445482,0.2949616683460014,2.2614007578761193,0.538886491489025,0.009747323832903039,13
19.47878256815386,1.95867929280879,17.520103275345072,88.0,0.10316229453034943,751.2065535084763,True,True,True,True,,,,13.642795085906982,0.13625982453208474,0.10766810685763319,0.10294318636647407,0.14065769835492117,0.26814223458855213,2.4036439507673864,0.28759576863498465,1.8545301629472681,0.20321010255301697,0.01106402147958533,13
20.535832014634448,2.397641298707697,18.138190715926747,100.0,0.3195391860798819,592.8953238364171,True,True,True,True,,,,13.543828964233398,0.1541741849324292,0.13842604598727515,0.10166452255506131,0.10443756558743882,0.20898281776443323,0.26844199834770427,0.13377945919554665,0.678915045775236,0.02387391173570058,0.009777684487011142,13
21.7150216326493,2.715172289942066,18.999849342707233,100.0,0.058283915924654,620.7288489521915,True,True,True,True,,,,14.570606708526611,0.1999540978980232,0.17981085077200518,0.10280848461476433,0.10482553183711202,0.09037878991891506,0.541202761954785,0.29658827756339695,3.9177551260050025,0.07771224614563507,0.011062324030113029,13
20.596208030852512,2.3998765684912167,18.196331462361297,92.0,0.059891057352210834,639.2182409686994,True,True,True,True,,,,14.69250202178955,0.10681366390017155,0.11935722291074297,0.1052967760492876,0.13726157547022336,0.1666287585916233,0.16059548484335348,0.29249210659717473,3.7623831990158227,0.26299984265569504,0.00689093836728423,13
21.785661688874193,2.907805868074707,18.87785582079949,84.0,0.059900017586285506,606.5919896949616,True,True,True,True,,,,14.839954853057861,0.11854422366161375,0.12515583029841676,0.11328102962074735,0.10149731342928045,0.05547631300810723,0.6695419372585014,0.2924697394942028,3.153995339214923,0.0345372647396236,0.005031352575752657,13
21.419233791399893,2.7527747348501252,18.66645905654977,92.0,0.1019358594378603,580.0065358921695,True,True,True,True,,,,14.599369764328003,0.12057656996421769,0.10446298486060904,0.10614694344929457,0.13618503796099454,0.07048442004882742,0.5217738239835136,0.22303648184112887,3.1079863197121718,0.4846938158594895,0.0038149368164251247,13
21.588288969032426,2.5982928331264024,18.989996135906026,100.0,0.11064267115295827,583.7470982473753,True,True,True,True,,,,14.878695964813232,0.10478307635350327,0.14367914860975667,0.10307749281031642,0.19257113504437534,0.0931039634164922,0.7405934234591132,0.2139361191858087,3.514855653537547,0.07811638036460407,0.007434064202749597,13
20.448130683633817,2.350969977945063,18.097160705688754,96.0,0.745516234090565,531.0093526461644,True,True,True,True,,,,14.769577980041504,0.10747367707148799,0.1068354090695721,0.10102085093153146,0.14753441283982305,0.19694352194582618,0.5268336698713616,0.261545941005609,2.1203674662567007,0.1010334682289771,0.009739971428080436,13
21.21111018898699,2.5418519901161076,18.66925819887088,100.0,0.05709714923988695,630.7317191132535,True,True,True,True,,,,14.808093070983887,0.16370074731917475,0.12167149364034222,0.11273506740709854,0.13805975078886723,0.1233131204319626,0.5261695210898398,0.299725109062453,3.649413939134972,0.47570147043277655,0.006483303893898316,13
21.073289591147496,2.433036922779277,18.64025266836822,100.0,0.22745869756272424,576.2931589996949,True,True,True,True,,,,14.149590015411377,0.15351747286629908,0.12567218710936318,0.10745149930703002,0.1630967660137917,0.1695910163760658,0.6108904171425753,0.14849982343096296,3.8077464828565617,0.03493421836170807,0.007261163300259498,13
22.28084262449149,2.996868913104723,19.283973711386768,100.0,0.28851285289626044,538.5459381134033,True,True,True,True,,,,13.975513935089111,0.26870339292494394,0.13678995111280567,0.1055561149517661,0.10280517148885074,0.059363248645346325,0.6313501122755488,0.13170233929470385,3.8973442205358313,0.005249431657516795,0.007089198158397612,13
20.435366100659365,2.3177004980539704,18.117665602605395,92.0,0.05745018172409008,671.3427981578878,True,True,True,True,,,,14.287883996963501,0.1269617641302697,0.11414450637232511,0.10381045231133117,0.1409244576712792,0.26700441244397627,0.4597721972390214,0.29878167721477594,3.9785633606790074,0.5306929053255685,0.010477300334648578,13
20.89057184820077,2.6271276535518466,18.263444194648926,84.0,0.14013315661711453,580.380341664958,True,True,True,True,,,,14.327346086502075,0.12047909258569679,0.11004620554317104,0.10125292156729848,0.10520220936443309,0.09385345100264203,0.33025034906565304,0.2459877185243773,1.1618196887364156,0.43960149483429845,0.006841921014531017,13
19.88122938892644,2.017250653302295,17.863978735624148,92.0,0.059596847534942356,751.737392521575,True,True,True,True,,,,13.785552740097046,0.12546706290167686,0.12571441200586306,0.11811851361372477,0.14726477682607303,0.17357853855699673,2.4482319440749984,0.29322937371051583,3.43682245351904,0.5859251519471265,0.007537735046701086,13
22.22285839147983,2.8917793770841613,19.331079014395666,100.0,0.5767677129238251,493.0189860802634,True,True,True,True,,,,13.489712238311768,0.13759740562726366,0.10820694474946124,0.1170462781680519,0.17283854651450867,0.05539175676199651,0.47374187780253885,0.29817421499824276,2.2105936321533655,0.12265111794838958,0.01179451444316438,13
20.328933394896392,2.366737316087714,17.96219607880868,84.0,0.10509713971763117,629.6225402213788,True,True,True,True,,,,13.707689046859741,0.12496998289804725,0.13113688165307166,0.10032628226917364,0.10104168580286302,0.21021517056300648,0.12503444033746164,0.2848779321113857,1.5365843505444767,0.08251072064432292,0.011073633020042535,13
20.165982380870638,2.047130610652012,18.118851770218626,100.0,0.08615349417455247,693.7276586306218,True,True,True,True,,,,14.040399074554443,0.13887626832455519,0.18969091190360637,0.10355239841696198,0.12647230924197805,0.2826779029769719,1.673730179251557,0.24296784997335522,3.2232405842948384,0.2695414608807906,0.010473509054920171,13
21.913132191086635,2.9017297141476703,19.01140247693897,88.0,0.0594628050831955,607.114415104712,True,True,True,True,,,,13.86879587173462,0.11422749921190359,0.10485993992952969,0.10409345163132463,0.15770358170708051,0.054114850739552356,0.48410247828577146,0.2935671141028322,3.1640459563534273,0.1212171974072514,0.010508441384135692,13
21.773271702756194,2.6746369541181685,19.098634748638027,100.0,0.4176271044073624,532.9935534198613,True,True,True,True,,,,13.698120832443237,0.12361416206802134,0.12567876848050555,0.10952514482735465,0.18379081087080426,0.07974303401282842,0.4374281454032036,0.10931072190320684,3.067941734229714,0.023801647902781303,0.006583829381059393,13
21.155901694989954,2.583307502575411,18.57259419241454,100.0,0.726257057844915,502.29142871806073,True,True,True,True,,,,13.876594066619873,0.10568839575103452,0.11160192861128379,0.10757623877276402,0.1572614805193869,0.09697221563139652,0.6382959004702565,0.2650610787566234,2.275736968990824,0.10939282933334374,0.006018337215439503,13
21.982168175020448,2.8776233483594456,19.104544826661,100.0,0.2522610480735483,546.1363658975501,True,True,True,True,,,,13.653169870376587,0.1047105541741401,0.14327971694675934,0.10362310098264357,0.1481199245941894,0.05596434073711652,0.8938624858398534,0.18247053858325726,1.486021729158687,0.07576145590589842,0.01021648153939775,13
20.699809000362073,2.319419459902307,18.380389540459767,100.0,0.7250736987107053,549.6278847731439,True,True,True,True,,,,13.642278909683228,0.13891626592525025,0.12231398599235682,0.11807545093335839,0.14906475584449463,0.2594919326629785,0.9582585588920988,0.2652816810058611,2.227027449924636,0.06268214541065689,0.0064953369387162185,13
21.07250128325175,2.466268267080087,18.606233016171664,96.0,0.18352087468860317,576.5022664329006,True,True,True,True,,,,13.617244958877563,0.1391611512444285,0.1250653738513251,0.10048004842746883,0.17133043412410842,0.14410209231127338,0.23694162393463603,0.16552368564400236,3.3837616313033165,0.018486233831431442,0.009812524552233312,13
21.79486380795747,2.860367021445867,18.934496786511605,96.0,0.06181893734716272,605.9553263051936,True,True,True,True,,,,13.488915920257568,0.12262656297907007,0.12526266508853282,0.12336943508423631,0.10646592438897227,0.05923642661583351,0.5548666397745061,0.2877938962903273,3.885201791125726,0.01563951263626373,0.006005667414250454,13
20.630316065628836,2.3800433129040486,18.25027275272479,92.0,0.6013412302688836,526.1825447608861,True,True,True,True,,,,13.726992130279541,0.10682798265266658,0.11935722291074297,0.10499980265793322,0.1392119914843999,0.17457089811960885,0.16059548484335348,0.2918804338146107,2.1016902355472906,0.26299984265569504,0.00689093836728423,13
19.74082167817854,1.9480736270230432,17.7927480511555,92.0,0.05747861721683862,790.400264068378,True,True,True,True,,,,14.248050928115845,0.18808873323854117,0.13402723643546074,0.10380088389009033,0.13727883551685,0.26471139020875967,2.4036439507673864,0.29870607145744715,3.39202841908472,0.026075466962051513,0.01107994009227297,13
21.813040542548002,2.735980749319973,19.077059793228027,100.0,0.31117570676942347,540.937558267192,True,True,True,True,,,,14.013978958129883,0.17716046521382,0.12567876848050555,0.10948217488855964,0.15104848240933227,0.07889808966773248,0.5481637417476292,0.12677424524723854,3.4107446411629616,0.024880148161489923,0.006583882667399549,13
19.23288937387909,1.966247860486634,17.266641513392454,84.0,0.18328684556944003,704.5970390580898,True,True,True,True,,,,14.116286039352417,0.11947896690511842,0.11515463868196885,0.10380952844051679,0.10882224553113631,0.26025598230068897,2.409058250260351,0.16563060049600248,3.3869217005057513,0.03433916409195623,0.008705780459711604,13
22.128553886052114,2.961203388145396,19.167350497906718,96.0,0.8823962433213418,487.70777610659826,True,True,True,True,,,,13.886656045913696,0.12023918695591193,0.1297004779927125,0.10008839160931363,0.14952416429649945,0.05027855754263662,0.6810760495255689,0.24001762239941324,2.6842544218210618,0.09595526091221318,0.011047274126191754,13
21.218803153649667,2.593221975514233,18.625581178135434,100.0,0.3472816718322089,541.8079177541517,True,True,True,True,,,,13.851614952087402,0.10627371218137557,0.14202123279446582,0.10022028598999506,0.14374357803237592,0.0966556340088038,0.49129645441007697,0.11995018352949346,3.251936157095239,0.08251072064432292,0.010842259154932678,13
21.379428250749434,2.5184775400530173,18.860950710696418,100.0,0.1717525514614801,575.9678080199925,True,True,True,True,,,,13.722024917602539,0.16821197119824027,0.12433042572599681,0.10744770354444885,0.17332135009800978,0.13172810149013378,0.3343431906686416,0.17117026441836217,3.5010821722886982,0.44108358525903607,0.004417607851653151,13
20.19089258388299,2.094859888754421,18.09603269512857,92.0,0.06129971772557419,687.2880120680857,True,True,True,True,,,,14.085109233856201,0.12457664904420047,0.1252956115107092,0.11999791243432592,0.14071522368374928,0.2014812944119319,1.005786717127869,0.28903706622586955,3.466406252793013,0.1970824628756296,0.010883749191401462,13
20.83834537928124,2.5166752287582383,18.321670150523,88.0,0.2684512560744943,555.6186998004667,True,True,True,True,,,,13.987138032913208,0.11584127293123404,0.12543561700801517,0.11265349788972162,0.1047807944618551,0.12016913441613726,0.5262506858395988,0.13657981166820332,3.4306944538034663,0.4796968771126565,0.011069557776883876,13
20.911393237325747,2.606104858357509,18.30528837896824,92.0,0.09611919913225683,602.7808951091728,True,True,True,True,,,,13.677664041519165,0.1394715217596893,0.11854967986074909,0.10206469995470747,0.10077203269059758,0.10092311933580549,0.22731709543977285,0.29818339618242057,1.2759205692497728,0.44221794283304694,0.008928189250005245,13
21.0031670254085,2.5178164305620463,18.485350594846455,92.0,0.08506705731483681,610.9517126322706,True,True,True,True,,,,14.140512943267822,0.18076621303353424,0.11132155922363729,0.1050732664349099,0.1380778867846148,0.14070017052791192,0.5560788312749239,0.24454325521107595,3.35013269207863,0.4994003884277599,0.006971412332763447,13
20.964971977506753,2.481008459031897,18.483963518474855,96.0,0.10064733381570988,601.839466825717,True,True,True,True,,,,13.59957504272461,0.13962407578231245,0.13296060637793783,0.10483340143883182,0.14035624992197293,0.14101860021874074,0.530128348040964,0.22448383829675442,3.394459492568457,0.022924511809971043,0.008621284152863559,13
20.23793072488791,2.3051867075748733,17.932744017313038,88.0,0.13808408169359918,630.4178311958203,True,True,True,True,,,,15.160953998565674,0.12047909258569679,0.10941720109815226,0.11667079753300058,0.10520220936443309,0.26136419510368003,0.33025034906565304,0.24784068225668,1.1618196887364156,0.43960149483429845,0.00685293536555879,14
20.755888178180648,2.3433811509868905,18.41250702719376,96.0,0.09998329050683244,628.9089502505791,True,True,True,True,,,,13.726893901824951,0.10478307635350327,0.10906707331121833,0.10333962965533389,0.19257113504437534,0.19685375615842127,0.008538114885712877,0.29223395429896265,1.2819774565954962,0.07526025818552097,0.011386843667928262,14
21.85904497762254,2.7548739327790974,19.10417104484344,100.0,0.1924559289184142,552.5192935862216,True,True,True,True,,,,13.089781999588013,0.11425456430977478,0.12498355813935741,0.1433992764457773,0.13617248835760312,0.06753140142114276,0.1359416109203796,0.1615900432891845,3.600850148600193,0.43914891572552545,0.006073511607670443,14
21.994163401429994,2.8675612166750777,19.126602184754915,96.0,0.15138706483016956,558.3320134096151,True,True,True,True,,,,13.16372299194336,0.1112352111595632,0.12428767108768508,0.11263157155691887,0.14853201925099307,0.05664102610658513,0.3824687613077937,0.18247053858325726,3.0673153955620984,0.20422071900917593,0.01021648153939775,14
21.412479269113483,2.6589245965144492,18.753554672599034,96.0,0.1966669403339634,555.6660936186659,True,True,True,True,,,,13.120624780654907,0.10627371218137557,0.14243479914214763,0.10372830921882069,0.14374357803237592,0.08253945560916713,0.4806602174486797,0.15983059427647506,3.2532946586246982,0.08251072064432292,0.010842259154932678,14
21.983736345950916,2.9024455818711288,19.08129076407979,100.0,0.05767632082481654,609.4236172442697,True,True,True,True,,,,13.18156909942627,0.11422749921190359,0.11856974500316696,0.10409345163132463,0.15653408279252495,0.054114850739552356,0.48410247828577146,0.2981819773087986,3.1617709841304507,0.1212171974072514,0.010508441384135692,14
21.93268352022662,2.860366215700531,19.07231730452609,96.0,0.7472855055541536,491.0946104672039,True,True,True,True,,,,13.22989797592163,0.10803886091303182,0.1547477703803587,0.1293591292734309,0.10142311776190198,0.05841289974583222,0.834049984776928,0.2612299426997994,2.175110067924031,0.45780008082779977,0.009730358392433344,14
22.27116945222591,2.9978293782207355,19.273340074005176,100.0,0.2932226899550086,538.0358033067545,True,True,True,True,,,,13.204771995544434,0.26870339292494394,0.1371337892660821,0.1055561149517661,0.10087107604345323,0.059363248645346325,0.6313501122755488,0.13063096906932556,3.8973442205358313,0.4909505036701808,0.007089198158397612,14
19.5873539194858,1.938255941486206,17.649097977999595,88.0,0.5844682990590261,663.5102574171815,True,True,True,True,,,,13.42158579826355,0.11114899309052079,0.1348387961110585,0.12281446958738243,0.13917523541327784,0.2746152809235937,2.7034474293937603,0.2961586381028919,2.117394464153252,0.02707588247966014,0.011221548368490883,14
20.560194884343577,2.372412916323267,18.18778196802031,100.0,0.11176956548426165,635.4418338119953,True,True,True,True,,,,13.545237064361572,0.17626099088139466,0.1401871216308139,0.10758202001682875,0.10054668385306857,0.27597966319024414,0.24106848228429856,0.21283753671184455,3.988446487629378,0.20175311606329285,0.008043025856519906,14
21.59820677036812,2.7666512718596055,18.831555498508514,96.0,0.255131798105102,542.0216151670717,True,True,True,True,,,,13.394888162612915,0.10887983490741379,0.11099474517851782,0.10406323470494697,0.15700709835723745,0.06686312278017924,0.49101577392350665,0.14013369134097825,3.1320590858948485,0.3773490150790503,0.010845693834616449,14
19.467112744702252,2.05696393887917,17.41014880582308,84.0,0.19981729759028374,672.668289787992,True,True,True,True,,,,13.975178003311157,0.11184286592386491,0.1071475247179923,0.11332478955557124,0.10452772743990224,0.17015349348413183,2.3724543193833663,0.1585511507298501,3.3954622884726584,0.08774369534338444,0.006512242656847142,14
20.596658894565916,2.3950163935348074,18.20164250103111,96.0,0.6015473983044716,524.7353904950369,True,True,True,True,,,,14.006325960159302,0.10682798265266658,0.11960988622426716,0.1050739640141598,0.1392119914843999,0.16960589539421492,0.16059548484335348,0.29182929155717735,2.101953611217585,0.26591538651993296,0.007073356264155153,14
20.376938431345106,2.3065374234245195,18.070401007920587,96.0,0.18458386610273797,609.3054364862242,True,True,True,True,,,,14.149947881698608,0.11946663562710363,0.12491790729377661,0.11999791243432592,0.1088673323542466,0.25997263051600145,0.12505677983915464,0.1650406488172983,3.4371306287891414,0.4406535230778374,0.005380691895992681,14
21.654211042324306,2.72031268064565,18.933898361678654,96.0,0.0725750705515396,599.7658572191331,True,True,True,True,,,,20.112612009048462,0.11425456430977478,0.10443359615825772,0.1426615999185805,0.1359963727169002,0.07164917395520284,0.8980187779117161,0.26516281470696484,3.499011649431353,0.2771459068309565,0.006487485560531776,14
19.99545426101129,1.9529796208771066,18.04247464013418,100.0,0.15484528644286222,726.4116785692905,True,True,True,True,,,,20.391669034957886,0.1469855897085586,0.18914269222368177,0.10114051502089859,0.1425305697616558,0.2134106169144403,2.4349056447033957,0.18039406629001176,3.403609886693135,0.5393326925175412,0.009741180574247589,14
20.269575389212495,2.3110376866226034,17.95853770258989,84.0,0.05707780774512807,670.8446809197452,True,True,True,True,,,,19.419666051864624,0.11425456430977478,0.11137423901382723,0.10032542436502609,0.13834791712839048,0.26388453262202644,0.9205688608841232,0.2997770532645646,3.4935991703096523,0.13794540364762786,0.007428148202405202,14
20.734469733063534,2.366568301125434,18.3679014319381,96.0,0.5751441886346378,551.9646417243949,True,True,True,True,,,,19.406666040420532,0.174748041637604,0.14221279883467006,0.10006745977607776,0.13889881932895884,0.2611611739262122,0.04300862552910942,0.29860439956142537,2.260255275082141,0.4548500519223566,0.008121411602146541,14
21.32588720056723,2.749722623976938,18.576164576590294,84.0,0.28924359689851403,539.0286376450482,True,True,True,True,,,,19.030811071395874,0.10800538530632027,0.13613954482329002,0.10546561944618064,0.10280517148885074,0.07156801133206668,0.6313501122755488,0.13153438725008854,3.8840265430677596,0.021937493779847606,0.006042840636685679,14
21.211986514743284,2.5425816534415695,18.669404861301715,92.0,0.05716705597760335,630.5903567282842,True,True,True,True,,,,17.79334306716919,0.1638572517345901,0.1216120819053502,0.11278954556016957,0.13788893096417965,0.12311382982531954,0.6193007239048129,0.2995375883178963,3.6645534502402084,0.4840604310867288,0.006754370847135371,14
19.738344369927397,1.9200879709291985,17.8182563989982,96.0,0.1800661981440419,743.1445226524186,True,True,True,True,,,,17.634329080581665,0.15312544145148752,0.22233625535395646,0.10093184605827672,0.10890516598507723,0.28957531541528936,2.4635996777973075,0.16712323095549794,3.98581053088803,0.57302012888889,0.009777522095190287,14
21.796920361609192,2.8211591180770044,18.97576124353219,100.0,0.057913126615025755,612.0349924320419,True,True,True,True,,,,14.80164384841919,0.12333365777494283,0.14221279883467006,0.10382902831100684,0.13696120123693573,0.06327790360082906,0.04300862552910942,0.2975578167099716,3.984487528180529,0.4548500519223566,0.00688227717571855,14
20.586243740379157,2.3497198340548864,18.236523906324273,92.0,0.5701230077129176,555.9378025299405,True,True,True,True,,,,15.01658320426941,0.168044679808814,0.10436913637413388,0.1127447097677787,0.1381423085609255,0.27497411580318454,0.5325929486074841,0.2999466489005637,2.1593892477397207,0.4981833474850975,0.007088345545301845,14
20.720995675844783,2.458167968040419,18.262827707804366,92.0,0.08610065749958393,609.6361021484641,True,True,True,True,,,,14.941874980926514,0.11066850436836093,0.1374682500868547,0.11017094705871547,0.10301042074057656,0.14152876960963406,0.4597721972390214,0.2430437674571071,3.9785633606790074,0.47046998699050524,0.008017572449523159,14
19.507565033371765,1.9383150273347132,17.569250006037052,88.0,0.061897285940305545,780.2140852622967,True,True,True,True,,,,14.828084945678711,0.1365902216641273,0.1254693339446097,0.10018791176259756,0.14065828609564385,0.29136967975646444,2.329754846271069,0.28760768552420707,3.5926897259086004,0.20429026439095863,0.011073218519202,14
21.577794202239577,2.861734353443981,18.7160598487956,88.0,0.4748404588430781,527.4138655083012,True,True,True,True,,,,15.25109314918518,0.1212590620279086,0.1253714829844231,0.10567699961272024,0.10280517148885074,0.06014139273777826,0.7093565521136602,0.13251554495760526,1.3894187314842326,0.02538498071306649,0.01072407927836412,14
21.35168124269162,2.622010779363458,18.729670463328162,100.0,0.44035308696220854,534.6667239496717,True,True,True,True,,,,15.699764013290405,0.11956630477694054,0.1307697375717742,0.10131577646322329,0.15686124196841045,0.09202760015190967,0.8324904174194576,0.10643476443055895,3.2527833191747137,0.020023187851649325,0.004769713398764749,14
21.78607769112941,2.905122893895775,18.880954797233635,100.0,0.17288828514369653,552.7040582034703,True,True,True,True,,,,15.441391229629517,0.127171627048929,0.14208973713415887,0.10567793218044831,0.10280517148885074,0.05682378692093659,0.7965747725454935,0.1706000722582129,3.7986483548505467,0.006155247923532545,0.00614058540433791,14
19.829560108105284,2.0002081847621,17.829351923343182,92.0,0.060561294883168464,757.6469283497125,True,True,True,True,,,,15.230260133743286,0.15311963492542946,0.10868343649624311,0.11768841096610944,0.14898446548447866,0.18872714604312976,2.767393861607846,0.29083294906330037,3.160320209788734,0.26568763293396136,0.00980223894574824,14
20.59318520057733,2.313970539527014,18.279214661050318,100.0,0.057544221727771724,669.6608693979286,True,True,True,True,,,,15.266011238098145,0.12483753412947524,0.13879394552232135,0.10258900036692652,0.1524390927681511,0.26136859793970213,0.1418756316612697,0.2985318559200909,3.976078814421104,0.4490171314579469,0.008037869329259822,14
20.60409570570041,2.3240098552777724,18.280085850422637,100.0,0.5914263583076186,551.2943602998043,True,True,True,True,,,,15.248466968536377,0.1390280369214572,0.12706383771051213,0.10674287293044254,0.1413861809209514,0.2599220018886874,0.9431857135060748,0.29437188316745844,2.2154468981853306,0.07795329946294234,0.006225023676414969,14
20.12684267037863,1.9510739408946,18.17576872948403,100.0,0.05736865245591281,776.6245727171378,True,True,True,True,,,,18.04626727104187,0.12660275412196637,0.12543818284084798,0.15098603928574264,0.17669630693534377,0.20295863750003743,2.7070567786389237,0.2989987677838146,3.0818474677506105,0.467052947174769,0.01077249888603419,14
21.13584837954911,2.628146668327086,18.507701711222023,96.0,0.0592986809739998,619.9191138818671,True,True,True,True,,,,18.368812799453735,0.14902456313258014,0.10549912927955966,0.10285265607127939,0.13382406169284455,0.09697221563139652,0.7285252147362427,0.2939822319001905,3.381009946320401,0.07996992497173425,0.011089121533961695,14
20.970093802068565,2.513255095804286,18.456838706264282,100.0,0.4472569960692223,546.8070705463132,True,True,True,True,,,,18.537058115005493,0.11584127293123404,0.12531407364069597,0.10364502731629474,0.1438275553247539,0.11949502660827793,0.5588417600372049,0.13657981166820332,1.1141841706663176,0.4802498973028716,0.009811863143894914,14
20.933711873956963,2.587805846484112,18.345906027472846,88.0,0.2624543064083471,549.1269984365796,True,True,True,True,,,,18.06175994873047,0.10253876103068534,0.10402130478557627,0.10029362476778436,0.13617248835760312,0.0964134179544387,0.9097910637144936,0.13814615591217239,3.492240668780193,0.412947817304648,0.007349024481533521,14
20.83955182274558,2.604183029964342,18.235368792781237,88.0,0.09909617267116465,600.8284224008876,True,True,True,True,,,,17.351750135421753,0.1394715217596893,0.10483987479499693,0.10206469995470747,0.10215733015256223,0.10092311933580549,0.22731709543977285,0.29356853297588603,1.2781955414280244,0.44221794283304694,0.008928189250005245,14
21.719845937482358,2.758717192758682,18.961128744723677,100.0,0.10097967319612873,581.396152339455,True,True,True,True,,,,15.17422103881836,0.12057656996421769,0.15560567290158214,0.10614694344929457,0.13618503796099454,0.07048442004882742,0.5217738239835136,0.22410785206650707,3.1079863197121718,0.0039518161535365415,0.0038149368164251247,14
20.83270150446109,2.514361435959357,18.318340068501733,92.0,0.20148690344749726,565.40009109197,True,True,True,True,,,,15.392742156982422,0.11591647700542453,0.12543561700801517,0.11265349788972162,0.1047807944618551,0.12094500457683653,0.46000112839395707,0.1578853817698976,3.4998191066111595,0.4383890067958974,0.010476861908093741,14
21.749583690628846,2.849764004201961,18.899819686426884,92.0,0.061818696375267546,605.7375959351197,True,True,True,True,,,,14.319044828414917,0.10914905098848011,0.12708750184752793,0.12336943508423631,0.10646592438897227,0.05923642661583351,0.9466488079248625,0.2877944695613033,3.8877152776295545,0.07863695463990948,0.006005667414250454,14
20.995398678746284,2.3929608366890585,18.602437842057224,100.0,0.09138134017166784,628.1311652865402,True,True,True,True,,,,14.43120813369751,0.1470641839218333,0.1891556810482119,0.10010283438513808,0.13518373472980552,0.21369061013436616,0.6277160818733725,0.23578904325092492,3.7753779233503093,0.43143615709986893,0.007972107757355138,14
21.707818666662995,2.6774298909254495,19.030388775737546,100.0,0.40373467018145426,533.8233861073347,True,True,True,True,,,,14.477195978164673,0.12266628965864372,0.12592591931360422,0.10952514482735465,0.18379081087080426,0.07974303401282842,0.44565871950348324,0.11118796146963542,3.067941734229714,0.025555138607242248,0.006839915462102186,14
21.070003795624814,2.4221055814790393,18.647898214145773,100.0,0.5978574950607215,523.3889535875392,True,True,True,True,,,,14.646596193313599,0.13863674881830437,0.1132126468397038,0.130024963395249,0.1572801910298211,0.16242613421112756,0.9737904698689189,0.2927486692034661,2.23963985556335,0.05897782870455992,0.007006759887611786,14
19.374481803929466,2.014630247410178,17.35985155651929,84.0,0.0667578519137451,736.9263996195976,True,True,True,True,,,,14.716238021850586,0.12395290398900194,0.11526388780384422,0.10380952844051679,0.1027996332565757,0.20176464619661802,2.409058250260351,0.2767137906675019,3.3866135252356493,0.031643346279312784,0.008725346593375599,14
21.910532869236444,2.901734009474721,19.008798859761722,96.0,0.06016881530805899,606.3129287694323,True,True,True,True,,,,14.053715944290161,0.11422749921190359,0.10444572544674718,0.10400532614562999,0.15770358170708051,0.054114850739552356,0.4776776217779777,0.29180110938661274,3.22068459431442,0.1212171974072514,0.010418013978057585,14
20.615352481475416,2.392985517040652,18.222366964434762,100.0,0.05734545245561315,670.8097129981912,True,True,True,True,,,,14.246770143508911,0.18969303242300514,0.1342034363507759,0.10141079128491157,0.10797609522592999,0.2644499023711508,0.13508242178092966,0.2990606290601409,3.984487528180529,0.4668330837885821,0.01105788184558622,14
22.325052370903773,2.906787678955326,19.418264691948444,100.0,0.1372606739004925,571.1393739041532,True,True,True,True,,,,14.073506116867065,0.10827693827869045,0.1461273132115427,0.12175492954137758,0.15694990027169362,0.052780011894542775,0.48169919805569716,0.24859709525297238,1.244916127618488,0.26305506816514873,0.006865824833970068,14
20.341327375463347,2.364613284968111,17.97671409049524,96.0,0.5960898030986884,540.9418721177874,True,True,True,True,,,,14.215560913085938,0.1391542858196424,0.1273375994189325,0.10062414289046893,0.10292748788289141,0.22495813679041374,0.13036218149765605,0.29319217489254124,2.1490899186947314,0.18242199333469494,0.010574382219326977,14
20.305213915606128,2.3724690000077486,17.932744915598377,92.0,0.48674081784310697,563.4648873928041,True,True,True,True,,,,14.242895126342773,0.1236050389129079,0.11857101880271306,0.10380635519521757,0.10291104063508447,0.20145167215944423,0.5259813070541388,0.10120632299393365,3.1590208654062084,0.2656365591392762,0.006876285742995524,14
21.9670454329433,2.872073855440886,19.094971577502417,100.0,0.05720724381129373,611.2021522714574,True,True,True,True,,,,14.198745727539062,0.1269617641302697,0.11414450637232511,0.10404423906984188,0.163770665223956,0.05731393738923339,0.44906633647830363,0.2994299448243362,3.9785633606790074,0.5299574445856686,0.010477300334648578,14
22.222816740926095,2.9084608491213317,19.314355891804762,100.0,0.0594628050831955,607.4732077611732,True,True,True,True,,,,14.197314739227295,0.11422749921190359,0.12586559080578083,0.11991161480792706,0.15770358170708051,0.05291315998198655,0.4871256153819785,0.2935671141028322,3.1640459563534273,0.5453622691797847,0.010508441384135692,14
20.01136741662236,1.9524066525594777,18.05896076406288,96.0,0.05803361280811375,785.7272839426491,True,True,True,True,,,,14.450370073318481,0.1907719889333749,0.1684788698793211,0.10113420213776954,0.1425305697616558,0.22008618661742702,2.504909943583125,0.29724173515314134,3.120830279972176,0.08283605101775501,0.009734662771516491,14
22.15726282912747,2.8436929692276656,19.313569859899804,100.0,0.07473277008465384,594.8101392367073,True,True,True,True,,,,14.21445918083191,0.1078434201808404,0.1547477703803587,0.1293591292734309,0.1393391958688369,0.05841289974583222,0.5321814722471114,0.2612299426997994,3.8897686522512314,0.19656757979281803,0.009730358392433344,14
21.758717760129088,2.83579256040568,18.92292519972341,92.0,0.7472855055541536,491.0757143566984,True,True,True,True,,,,14.480520009994507,0.10803886091303182,0.11009881910747674,0.10102085093153146,0.1578290466053009,0.059417774481138955,0.5321814722471114,0.2612299426997994,2.2008350396218357,0.01118819113672638,0.009730358392433344,14
21.56543719367924,2.6832530718365413,18.8821841218427,96.0,0.31117570676942347,540.2600855807638,True,True,True,True,,,,14.523945331573486,0.12361416206802134,0.12548671585638538,0.10952514482735465,0.15082561708148642,0.07974303401282842,0.6405271944341087,0.12677424524723854,3.3905591811384936,0.46821706887303366,0.006583829381059393,14
20.981522342255335,2.5019698593303197,18.479552482925016,92.0,0.060055558941480396,625.4717919515738,True,True,True,True,,,,14.123862028121948,0.11412526092319213,0.10342065997737926,0.11254512754106241,0.1490648166278658,0.11964037528268881,0.5764765348542501,0.29208227732234543,3.2907085438376438,0.09517613788712981,0.006287528426727498,14
21.04772431576583,2.431527223770618,18.616197091995215,100.0,0.06059008897762613,640.7507554556759,True,True,True,True,,,,15.785109043121338,0.15302113550330143,0.13116773290982778,0.10617988375189744,0.15701526625893625,0.17200937307197517,0.61186999030662,0.29076229656058966,3.771788829372521,0.07904256769339964,0.003835508691729858,15
19.684782726714925,2.003103336974506,17.68167938974042,84.0,0.05979695163602736,749.1372884944842,True,True,True,True,,,,15.664314270019531,0.11184286592386491,0.1071475247179923,0.1133958961423889,0.15023333636962086,0.19130227127166588,2.3708287637446745,0.2927273273991148,3.2883712700143253,0.09520577518470075,0.006377184799745741,15
21.622181161142553,2.93427861870286,18.687902542439694,88.0,0.2020758951373563,545.1410109274057,True,True,True,True,,,,15.516685009002686,0.11854422366161375,0.11139955594708174,0.10013884604089274,0.10149731342928045,0.053822767788890696,0.6602091952111669,0.15765250442675874,3.153995339214923,0.0345372647396236,0.005031352575752657,15
20.583963739533484,2.347671960059703,18.23629177947378,100.0,0.41498550924170474,585.8078358910366,True,True,True,True,,,,14.610658884048462,0.14896181651529022,0.12511259965596763,0.10285527167127191,0.14227276001279934,0.2466831492426139,0.478465870011548,0.14184408164162748,1.3513787309066823,0.08219959265035354,0.009751668770832621,15
20.055500836419505,2.0571949680513635,17.99830586836814,96.0,0.6211720441406986,593.2619254168632,True,True,True,True,,,,14.715734004974365,0.13891626592525025,0.12231398599235682,0.11807545093335839,0.14062264530082996,0.2685190882063301,1.1561047693600297,0.2870800865764799,2.227027449924636,0.06142866380013237,0.0064953369387162185,15
20.57106180140051,2.3585008767655196,18.212560924634992,100.0,0.5792609763767171,555.8133609169402,True,True,True,True,,,,14.386039018630981,0.16714580939750417,0.12485946492608054,0.10099142499430952,0.1381423085609255,0.27497411580318454,0.5080292805160136,0.29751715451442906,2.1593892477397207,0.4979022520325985,0.007046305540338719,15
21.326542933775357,2.612676581179135,18.71386635259622,100.0,0.4255036538307534,536.072581413596,True,True,True,True,,,,14.349987983703613,0.12015210353881928,0.13014073312578048,0.10128748231119232,0.15686124196841045,0.09402526641819461,0.8165356524621727,0.10828772820516856,3.241185764895105,0.027863287112696117,0.00478072774979252,15
20.591331769076522,2.355982748904131,18.23534902017239,100.0,0.11031000319348608,614.366441931697,True,True,True,True,,,,14.39452075958252,0.10887983490741379,0.14202123279446582,0.10016847165698846,0.13835942774902776,0.20119132056338754,0.5049346189768871,0.21426367941016483,3.228703595820903,0.11996827948168942,0.011073847864323591,15
21.426845548628904,2.818837969849134,18.608007578779773,84.0,0.19191536075915908,549.9698176259204,True,True,True,True,,,,14.204587936401367,0.1143453111340332,0.10393988014375936,0.10625582676505485,0.11646050779715449,0.06327798879419311,0.8980187779117161,0.16182012506759133,3.499011649431353,0.2771459068309565,0.0060699680952305815,15
19.667700834680208,2.0730543197666114,17.594646514913595,88.0,0.1800661981440419,654.9117735367538,True,True,True,True,,,,14.397616863250732,0.15299470796201864,0.10715421182662713,0.10093184605827672,0.10890516598507723,0.28957531541528936,1.5180697719965415,0.16712323095549794,3.98581053088803,0.3326970139344342,0.005089892858701532,15
21.62065799589578,2.761155042160883,18.859502953734896,100.0,0.1924559289184142,552.5428161747521,True,True,True,True,,,,14.22915506362915,0.1192724082996414,0.12500621231262066,0.10368906631461361,0.1478265346259379,0.0690456964604862,0.14516101037915297,0.1615900432891845,3.600850148600193,0.057924557490983714,0.006073511607670443,15
19.977498437513205,1.907563672599466,18.06993476491374,96.0,0.05739978448887301,792.2996973747286,True,True,True,True,,,,14.544175148010254,0.1241538051086863,0.1257198900760728,0.15005978075878218,0.17646015144980473,0.261101803580079,2.7070567786389237,0.2989158161074438,3.4435178195978353,0.46710171217733937,0.01077235773708543,15
21.13902961286701,2.513500631180913,18.6255289816861,100.0,0.2481804690176543,558.7853432951198,True,True,True,True,,,,14.142623901367188,0.12494606459381036,0.12431000213285709,0.11265349788972162,0.14730058466739523,0.12016913441613726,0.5588417600372049,0.1421019328332608,3.0486048838414193,0.4802498973028716,0.007538760156922858,15
20.528630612625438,2.33339294329991,18.19523766932553,100.0,0.49560529124405095,569.558974698392,True,True,True,True,,,,14.235188961029053,0.10894258530281221,0.14222225495335566,0.1002226712852484,0.13836873277742565,0.22290248572697602,0.7056315886747546,0.10029217950059363,3.252117742303768,0.03818533158124211,0.010554139657935861,15
21.746017747744805,2.763707392779,18.982310354965804,100.0,0.057457980840169516,614.9783610879236,True,True,True,True,,,,14.004590034484863,0.12649249642772187,0.15560567290158214,0.10629280726004885,0.13618503796099454,0.07048442004882742,0.5217738239835136,0.298760934850535,3.1079863197121718,0.49616149834497086,0.010976761969595603,15
19.71706255548411,2.0829994421604603,17.634063113323652,88.0,0.07492190206198521,727.5687219760779,True,True,True,True,,,,14.68057107925415,0.158182100441497,0.10161826777483371,0.11243359715214711,0.10562376810534549,0.27612699147176323,1.716361057574148,0.27927932378144016,0.6429565944414666,0.3326163989254102,0.009753111348358323,15
20.20602348946218,2.2883755791637435,17.917647910298435,88.0,0.05707780774512807,680.7098478353457,True,True,True,True,,,,14.618626832962036,0.11425456430977478,0.11137423901382723,0.10032542436502609,0.13834791712839048,0.29766372371749356,0.9086383959099291,0.2997770532645646,3.8057231444867163,0.09249029108618553,0.00709717190489719,15
21.66218473598254,2.8704610978018446,18.7917236381807,92.0,0.08420217734766433,588.0244752941375,True,True,True,True,,,,15.682601928710938,0.16145033219610935,0.1037836134103916,0.11329207058795211,0.10120939576033051,0.062169615472621634,0.6714583515159427,0.2458194041455627,3.2112493281742576,0.3326163989254102,0.0049557157905267225,15
20.723930403729593,2.519868308169228,18.204062095560364,88.0,0.09515793202665616,609.6346227934149,True,True,True,True,,,,15.7186279296875,0.1212590620279086,0.1253714829844231,0.10567699961272024,0.10280517148885074,0.1226227844174165,0.7093565521136602,0.29972030887616813,1.3351499211660072,0.025357197639462925,0.010682848788250906,15
21.104654909002686,2.497633849922656,18.60702105908003,100.0,0.05739261763313068,630.0110463251458,True,True,True,True,,,,15.580776929855347,0.11024387520579754,0.14260872436161903,0.10396441562406222,0.15631892679335999,0.12311382982531954,0.49091195384815045,0.29893490620834284,3.6645534502402084,0.4840604310867288,0.006754370847135371,15
20.548292848401903,2.3123878207625412,18.23590502763936,100.0,0.059463053963651105,667.4197043574968,True,True,True,True,,,,15.000241994857788,0.12496169017476459,0.1314213992248053,0.10272377981722662,0.15224052839193236,0.2613686371769674,0.1418756316612697,0.2935664859365646,3.15942100266197,0.4431660141970358,0.008037869329259822,15
20.7553481996926,2.5914425246619612,18.16390567503064,84.0,0.1961338704620149,580.3090077222269,True,True,True,True,,,,14.918932914733887,0.10889421007772854,0.10564676497266438,0.10762618959846307,0.10041264427789186,0.09955971695665662,0.46601050876097727,0.17121895378032087,0.695246331490964,0.019483909988411957,0.01086653959268104,15
21.64977728894149,2.84176201641368,18.80801527252781,92.0,0.7038615021324054,491.17824933615583,True,True,True,True,,,,14.404398918151855,0.10803886091303182,0.109206799554962,0.10102085093153146,0.14076633738294225,0.059417774481138955,0.5321814722471114,0.26933126322605455,2.1664841477744887,0.19656757979281803,0.004743577651880682,15
20.38755879020988,2.4018996412148437,17.985659148995037,92.0,0.5719548232214411,541.917154798895,True,True,True,True,,,,15.024848222732544,0.1821881856270292,0.10448885653520865,0.10062414289046893,0.10292748788289141,0.22680450617779396,0.13036218149765605,0.29945489362514094,2.1490899186947314,0.4825381850146008,0.010574382219326977,15
21.25886959960814,2.636287365156682,18.622582234451457,100.0,0.10058502310632589,588.0111063792816,True,True,True,True,,,,14.95521879196167,0.12047909258569679,0.16875766102738304,0.10479228033408539,0.10520220936443309,0.09385345100264203,0.5303128018652615,0.22455454220247945,3.1135959027700855,0.4412797457763505,0.009750897291092464,15
20.64692489696809,2.369978489891489,18.276946407076604,100.0,0.05953683706613537,650.017534707666,True,True,True,True,,,,14.945628881454468,0.12332396442627838,0.14221279883467006,0.10016093399253778,0.13696120123693573,0.20147785104299532,0.044079813566851506,0.2933804360902805,3.984487528180529,0.4550111974453227,0.00688227717571855,15
19.347257818056768,2.014798408270266,17.332459409786498,84.0,0.19662672051936123,682.8551571245628,True,True,True,True,,,,14.33229112625122,0.11184286592386491,0.1071475247179923,0.11381719904954102,0.10452772743990224,0.20242408113199176,2.3724543193833663,0.15984712884072114,3.3954622884726584,0.08774369534338444,0.006885661002503488,15
20.966996167868487,2.6280037578311286,18.33899241003736,84.0,0.161270838901454,574.0983661487725,True,True,True,True,,,,14.10338807106018,0.12004449703167261,0.12108223972962145,0.10387222699900636,0.10520220936443309,0.09385345100264203,0.5507553203961845,0.22900850224666153,1.1546346199967972,0.09234993038914895,0.0070886783710466155,15
20.604010468737314,2.3665365392655744,18.237473929471737,96.0,0.1855286299643025,600.1403269827458,True,True,True,True,,,,14.143027067184448,0.12503410547517863,0.1254384615750357,0.10318406749964937,0.14271100278279863,0.2021155091728518,0.40676504001511715,0.21326066040401956,1.0889110337211403,0.538161339721497,0.01107737002957425,15
19.46349464749246,1.9683382516422199,17.495156395850238,84.0,0.18863622658686907,701.6037328269838,True,True,True,True,,,,14.283720970153809,0.11415426457037105,0.12711136199259762,0.10379932632330549,0.12050837856165009,0.24022750871912588,2.7091417623653413,0.16323713783153854,3.220220969734776,0.2713659940402388,0.01058161189466882,15
21.51467687572749,2.7311966050091625,18.783480270718325,100.0,0.1783393724578004,556.4933089154446,True,True,True,True,,,,13.952495813369751,0.12304532103949575,0.11498740311541006,0.10380805650473258,0.1499615053089763,0.07309875995724475,0.43537996580134297,0.16794028994967253,3.255004783254371,0.48968185593221203,0.004569472477057006,15
20.36433626884902,2.4027946612516633,17.961541607597354,88.0,0.20203414273637674,579.4384279908202,True,True,True,True,,,,13.99482798576355,0.11409635893769218,0.10342065997737926,0.10597733196807077,0.10336974423407114,0.170310668026664,0.9656923113934986,0.15766897879044278,3.397799562295977,0.0877140580458135,0.0065071769426631645,15
20.592118119498448,2.3942403030417054,18.197877816456742,96.0,0.1004977227950594,620.5315977407148,True,True,True,True,,,,14.043414831161499,0.10681366390017155,0.11926755397272537,0.1052865046361146,0.13899361559678314,0.1701157074755511,0.18661757191441097,0.29146827205027137,1.973056063256475,0.2665312698434914,0.00689093836728423,15
21.995412428631912,2.913000476558175,19.082411952073738,96.0,0.37188752558328003,529.2164224363955,True,True,True,True,,,,13.776519775390625,0.16479006303510466,0.12170585677219034,0.10258738094169165,0.13637850577627803,0.05732806504927443,0.7403791952902836,0.11588436539379171,3.4397950117776346,0.14861681203269436,0.006742655515170805,15
21.89133824055271,2.930097270045294,18.961240970507415,92.0,0.06942401695558487,596.0860730411514,True,True,True,True,,,,13.777374982833862,0.10401442292553215,0.11425971714827776,0.10381045231133117,0.1409244576712792,0.0518093022291722,0.5260217546846631,0.271237041313877,3.926208438065007,0.5331419719392808,0.00835800991383514,15
22.564513668887816,2.977366184903193,19.587147483984623,100.0,0.08694772747833522,588.8079409462124,True,True,True,True,,,,13.80473780632019,0.26870339292494394,0.13678995111280567,0.1055561149517661,0.1497902742363385,0.059363248645346325,0.6802013333381589,0.2418351255672438,3.8973442205358313,0.005249431657516795,0.007089198158397612,15
22.347933673598398,2.8983778775091444,19.449555796089253,100.0,0.29174250417089476,536.962585247447,True,True,True,True,,,,13.810121059417725,0.17870691500242739,0.10444078782943157,0.13639267653026263,0.15808606768198197,0.05732806504927443,0.9415056967809385,0.13096485696773144,3.8611312419633395,0.14861681203269436,0.0072055241200134745,15
20.240652773277255,2.3032077188175113,17.937445054459744,88.0,0.18458386610273797,609.258649140095,True,True,True,True,,,,14.100338220596313,0.11960376218163303,0.10424033247440051,0.11992802589979562,0.1074731473396795,0.25997263051600145,0.12505677983915464,0.1650406488172983,3.4371306287891414,0.4578111310858174,0.005380691895992681,15
19.245324327169133,1.9696775273030223,17.27564679986611,84.0,0.09909617267116465,746.0373181798498,True,True,True,True,,,,14.072875022888184,0.15165922700315013,0.10483987479499693,0.10206469995470747,0.10215733015256223,0.2622591726528007,2.63888710441083,0.29356853297588603,1.232134736074424,0.4481783444866328,0.010243027003697659,15
21.067529993146415,2.5867137712383,18.480816221908114,88.0,0.7152331017154786,502.182951144342,True,True,True,True,,,,14.361889839172363,0.10568839575103452,0.11114960394214854,0.10757623877276402,0.14355201512945223,0.09697221563139652,0.6382959004702565,0.26713761641790296,2.336561697055586,0.5006226425786932,0.007005347078685487,15
20.935445336645998,2.6233384318559914,18.312106904790006,92.0,0.5960898030986884,503.9263561630447,True,True,True,True,,,,14.328236103057861,0.1391542858196424,0.11666298082199722,0.10010348602274242,0.10292748788289141,0.09860106946324489,0.1521312808401754,0.29319217489254124,2.120761213182253,0.18242199333469494,0.010862501716323794,15
20.08125849442078,1.896081044179072,18.185177450241707,100.0,0.1017545703025531,767.0550788733609,True,True,True,True,,,,14.37745714187622,0.10413967148586037,0.1680654997786779,0.1493660762118003,0.17646015144980473,0.2755118729735252,2.7070567786389237,0.22323843513306674,3.4537033322918473,0.0002265419006694247,0.003611915052383965,15
19.808253200814544,2.053177508862834,17.75507569195171,84.0,0.06030408110257465,709.47851274017,True,True,True,True,,,,14.884450674057007,0.11893108975383604,0.12515583029841676,0.11241406002898587,0.12670585800520462,0.28200683906935164,1.6998739490596804,0.2914663553512233,3.153995339214923,0.0345372647396236,0.005031352575752657,15
20.735539093274088,2.405902653469917,18.329636439804172,96.0,0.059596847534942356,641.8635914223212,True,True,True,True,,,,14.760813236236572,0.12546706290167686,0.12571441200586306,0.1013361757651683,0.14726477682607303,0.17357853855699673,0.8727542695806848,0.29322937371051583,3.4367199639810977,0.5792110449972445,0.007537735046701086,15
21.916169870310895,2.845317171983494,19.070852698327403,96.0,0.42519415329794497,526.1586987762759,True,True,True,True,,,,14.616588592529297,0.12005058531243423,0.13014073312578048,0.1012328528282261,0.15686124196841045,0.059598586694952924,0.9744009333210274,0.10832738492669554,3.0727183895147285,0.020023187851649325,0.00478072774979252,15
21.26841088161218,2.6801677738505196,18.58824310776166,96.0,0.7451678561522089,501.6117748333208,True,True,True,True,,,,14.754520893096924,0.17628318551309022,0.12775194371670673,0.10102085093153146,0.1100442224886962,0.09347405513319326,0.5322912419260267,0.26160829694480753,2.1637676047932204,0.20584714493987377,0.009739971428080436,15
20.14380091758985,1.9490072946046326,18.194793622985216,100.0,0.09931156767140872,763.473786808285,True,True,True,True,,,,14.937181949615479,0.15344722189100507,0.22035347172360395,0.10060824215546488,0.13902396400417313,0.2080253584038886,2.44132714935993,0.29324282514245614,1.646016031773614,0.5401093588494443,0.00973930646497256,15
22.05003507742694,2.8761006043478416,19.173934473079097,96.0,0.30812241770159116,535.3811306107685,True,True,True,True,,,,15.296106100082397,0.1638572517345901,0.121646757259765,0.11273506740709854,0.13805975078886723,0.060103000671064506,0.534998335834823,0.12740612535192147,3.6645534502402084,0.4842364479775752,0.007586630045490197,15
20.971715244032588,2.493676436645219,18.478038807387367,96.0,0.06289689444690506,622.595750177838,True,True,True,True,,,,15.50516414642334,0.10621910167357407,0.11114960394214854,0.11530003148530978,0.14379486087274873,0.12039166285209614,0.5386657836735221,0.2852629912663136,3.0400837206199256,0.5017071348351155,0.009682190382860494,15
22.120286251459543,2.89435048018367,19.225935771275875,100.0,0.057187740848646314,612.9739905454024,True,True,True,True,,,,15.678488969802856,0.17704244134087455,0.1371337892660821,0.10676997153524538,0.14073588886144917,0.059965440489506944,0.6313501122755488,0.2994821693054346,3.684623415566718,0.4909505036701808,0.007121902156078101,15
19.348342611054903,2.015231346137196,17.333111264917708,84.0,0.06134794054259436,740.1889247066772,True,True,True,True,,,,16.068143844604492,0.1132500711712176,0.11860702071986973,0.10114053543569543,0.10291104063508447,0.20164250816242,2.4831547181363645,0.2889209317715796,3.446598956516134,0.06945575762553485,0.006623586001180509,15
21.428748798836743,2.7482790746903474,18.680469724146395,96.0,0.5957540914487528,497.27215503981216,True,True,True,True,,,,15.701573848724365,0.13882919892328013,0.12749242407638273,0.11057846673140385,0.10119866751314274,0.07468879773398071,0.6880499136269781,0.2932766297058021,2.9271111112036716,0.17910786777633897,0.010129603334581119,15
20.969773514745324,2.399728479441234,18.57004503530409,96.0,0.82205051543675,521.4512135441386,True,True,True,True,,,,15.164768934249878,0.10677210123654911,0.14653199438759526,0.12468359008124374,0.1392119914843999,0.16472310279796448,0.4835271475250319,0.2488358673277916,2.1016902355472906,0.26299984265569504,0.00689093836728423,15
21.764727933625306,2.8162219104261688,18.948506023199137,96.0,0.057970662061785444,611.8680624487411,True,True,True,True,,,,14.869302749633789,0.12451359699559963,0.12517210420557365,0.1038083171988682,0.14731417762228585,0.06328614726302899,0.1016711344917094,0.29740675433020475,3.433304054133915,0.5903944311798477,0.0078081478534905956,15
19.50810564222856,2.0555288607929545,17.452576781435607,84.0,0.42978016528134094,652.1669113257326,True,True,True,True,,,,15.189268827438354,0.12358734700894593,0.11860702071986973,0.10329768378663515,0.10291104063508447,0.16918108451158428,2.7738760905457145,0.10774419358956885,3.1590208654062084,0.2656365591392762,0.006514146748682618,15
21.907314401052613,2.8807921315762273,19.026522269476384,96.0,0.2522610480735483,545.9266430264998,True,True,True,True,,,,14.748079776763916,0.1112352111595632,0.12529174259552395,0.10362310098264357,0.14853201925099307,0.05596434073711652,0.3824687613077937,0.18247053858325726,1.1462805508391596,0.20563870636770748,0.01021648153939775,15
20.419836110784853,2.3739278771806895,18.045908233604163,96.0,0.05844978000002876,651.8125885066485,True,True,True,True,,,,14.876807928085327,0.12358734700894593,0.14224964055515904,0.100135229527263,0.10291104063508447,0.20416848163677645,0.06834198768245803,0.2961576114861136,3.2284899483224896,0.26672456276376577,0.008120329333168863,15
21.464972053930275,2.776950004445175,18.6880220494851,92.0,0.06273335552852582,607.1528733258726,True,True,True,True,,,,14.687440156936646,0.11968741410444199,0.10443359615825772,0.10416182664698537,0.13605675314076038,0.06749725889026192,0.8980187779117161,0.2856426960613496,3.499011649431353,0.5250766520474497,0.007349024481533521,15
19.285174490952862,1.9609903518148448,17.32418413913802,84.0,0.8388300390761583,646.1372707913354,True,True,True,True,,,,14.805755138397217,0.11947896690511842,0.1282986412010907,0.10226886389098214,0.10882224553113631,0.26025598230068897,2.42277348667189,0.24628740579929348,2.9846593258125584,0.010445736293819714,0.008705780459711604,15
20.734251059004567,2.3665734414322785,18.367677617572287,96.0,0.5729946207715413,551.9955313120588,True,True,True,True,,,,14.425051927566528,0.174748041637604,0.14221279883467006,0.10006745977607776,0.13886479704733212,0.2611611739262122,0.04300862552910942,0.2991768233730505,2.260255275082141,0.4548500519223566,0.008123449245501447,15
20.431810168909312,1.884933798462637,18.546876370446675,100.0,0.05713517030437315,822.5288849257786,True,True,True,True,,,,15.408211946487427,0.17905292105251394,0.12501161492541119,0.14880794540131895,0.24300429448729893,0.27682404462510024,2.7070567786389237,0.29962307642981967,3.456372227719939,0.467052947174769,0.01077286606406137,16
20.202566376508017,2.298591918892768,17.903974457615252,84.0,0.14055948659382347,637.9298155451451,True,True,True,True,,,,15.322286128997803,0.12047909258569679,0.1120088691858454,0.11667079753300058,0.10520220936443309,0.28991140957693995,0.30077178407391886,0.2456073571513887,1.1618196887364156,0.43851952843182573,0.006848350084001639,16
21.488872083916313,2.687925289023611,18.8009467948927,96.0,0.5716367744738771,501.63552063831725,True,True,True,True,,,,14.205337762832642,0.1687739021474097,0.10683724935603188,0.11057846673140385,0.13830301983385773,0.08589115488469987,0.7772547061689228,0.29954010236380313,2.9271111112036716,0.47922405952598635,0.010126243801446378,16
22.030669909474014,2.9135845398140114,19.11708536966,96.0,0.8447075403709652,488.90297373837456,True,True,True,True,,,,14.339099884033203,0.11384418071998348,0.13423740963112402,0.10032051995176455,0.14972290817209788,0.053497704362712284,0.6810760495255689,0.2454129724951848,2.7327678800956865,0.09595526091221318,0.011047274126191754,16
20.637457745072112,2.369273125781682,18.26818461929043,100.0,0.057334071930765354,652.5664348923185,True,True,True,True,,,,14.459440231323242,0.12286888289042255,0.14098469581618445,0.10016093399253778,0.13696120123693573,0.20147785104299532,0.01620779103604944,0.2990909884188344,3.9853023863529455,0.12377065594152625,0.00688227717571855,16
21.522723721734828,2.7711043104062774,18.75161941132855,92.0,0.19191536075915908,551.5047555412584,True,True,True,True,,,,14.138999700546265,0.11425456430977478,0.10370001376805824,0.11611529024298489,0.12705770707656944,0.06726400972148816,0.6416682516027455,0.16182012506759133,3.5022008743530413,0.2738295767600316,0.007121689546742369,16
20.779093806516013,2.391726641924716,18.387367164591296,100.0,0.17783567656513513,594.1202315405296,True,True,True,True,,,,14.472716093063354,0.1464252202562828,0.14208026033356894,0.10114051502089859,0.14080591889157046,0.20164812395280238,0.3977515881334672,0.16818087627932937,3.403609886693135,0.5393326925175412,0.00973150539575827,16
21.696552344622322,2.839431410289076,18.857120934333246,96.0,0.7027896379602898,491.3238752935661,True,True,True,True,,,,14.119793176651001,0.10467809599449608,0.11938748354510158,0.10102085093153146,0.14113089427781722,0.059417774481138955,0.41622107072673775,0.2695408115695338,2.1664841477744887,0.19656757979281803,0.004764806976800168,16
20.438826304037367,2.3089068666691963,18.12991943736817,96.0,0.10206934326796498,631.498186714946,True,True,True,True,,,,14.404383897781372,0.11234002913484516,0.12531389734628737,0.10531752806441196,0.13371070331736054,0.24707564469571172,0.7133284458376817,0.222888130984057,3.056501057953033,0.08251262323917663,0.00974717191706293,16
21.759626732115326,2.7617479908255627,18.997878741289764,100.0,0.06273335552852582,608.0180242844724,True,True,True,True,,,,14.2671480178833,0.11968741410444199,0.10443359615825772,0.10416182664698537,0.18405476091345385,0.06749725889026192,0.9078389850793128,0.2856426960613496,3.499011649431353,0.5252174862014565,0.007349024481533521,16
22.137568157531895,2.881035527313283,19.25653263021861,92.0,0.30812241770159116,535.3378037318905,True,True,True,True,,,,14.083738803863525,0.1638572517345901,0.12164806800056165,0.11273506740709854,0.14893513251475668,0.05924039005572851,0.534998335834823,0.12740612535192147,3.6645534502402084,0.06271941443616452,0.007584073123816311,16
20.78485851180292,2.351265510038742,18.433593001764176,100.0,0.5794830425580306,555.7289723954862,True,True,True,True,,,,14.298732042312622,0.16812851750807703,0.12456134221613857,0.12281446958738243,0.13917523541327784,0.2746152809235937,0.5112097237964877,0.2974588413495782,2.117394464153252,0.024840775155610572,0.0072043604810837535,16
20.75277835100563,2.377550741169077,18.375227609836553,100.0,0.2678957044720399,579.6677676666338,True,True,True,True,,,,14.256062030792236,0.11584127293123404,0.1852254902490421,0.10384834202261761,0.1047807944618551,0.20094578308199842,0.5262506858395988,0.13672268570026233,3.388830143093721,0.4796968771126565,0.010189608128114694,16
20.290331426194932,2.3724581270842626,17.91787329911067,88.0,0.4454737790426078,565.515844447804,True,True,True,True,,,,13.924225807189941,0.12312275524857919,0.11860702071986973,0.10379009323421304,0.10097450635308064,0.20145167215944423,0.4063689564048716,0.10581750688830897,3.440651044481704,0.5032952887956696,0.008722153218877742,16
20.470300452150315,2.34758959412816,18.122710858022153,88.0,0.7048789948436002,532.1581108437263,True,True,True,True,,,,13.965714931488037,0.10747367707148799,0.11160586132828985,0.1042237621351213,0.13583050884329503,0.19956182634437677,0.5322912419260267,0.26913279296929377,2.153896952731202,0.408675970420505,0.004746027669837818,16
20.598031401667594,2.3560531763502,18.241978225317393,96.0,0.11254443724560505,613.4011811323833,True,True,True,True,,,,13.960324048995972,0.10887983490741379,0.1422967298379561,0.10112416336247451,0.13835942774902776,0.20119132056338754,0.5041008235858674,0.2120918318122763,3.228703595820903,0.11419735675408166,0.011073847864323591,16
21.23960438167783,2.362794859015026,18.876809522662803,100.0,0.057020579993650115,655.1775540183284,True,True,True,True,,,,14.277843952178955,0.13887135396936517,0.1273375994189325,0.10671887729216437,0.21840249397291583,0.20718122668877995,0.9597814636840687,0.2999309032806346,3.2502012438231014,0.18467116655492952,0.01062013715422897,16
21.766918032244643,2.9041734425982706,18.86274458964637,92.0,0.05886161367151854,607.6724012196454,True,True,True,True,,,,13.970094203948975,0.1136814390914736,0.12515583029841676,0.11328102962074735,0.10151338102315685,0.05545870064571479,0.6695419372585014,0.2950962870259519,3.1488881808138958,0.0345372647396236,0.005031352575752657,16
21.3426405666044,2.738567097387712,18.604073469216686,88.0,0.0725750705515396,599.0352138828063,True,True,True,True,,,,13.232964038848877,0.1141308687726087,0.10443359615825772,0.10242294619637064,0.1350368975099183,0.07164917395520284,0.8980187779117161,0.26516281470696484,3.499011649431353,0.2771459068309565,0.006480381350805445,16
20.08877773096233,1.927098184767377,18.161679546194957,100.0,0.06820497018719969,775.936374602685,True,True,True,True,,,,13.16382622718811,0.13576277469245213,0.15987687005798748,0.15607607807256096,0.14161075064068568,0.230227191626464,2.449898160910343,0.2737007437023949,3.4478392175510173,0.5359387410651414,0.006889969883096507,16
19.336308466126706,2.0173597344225227,17.318948731704182,84.0,0.19733058902981912,680.4644501298857,True,True,True,True,,,,13.145711898803711,0.10749359582746414,0.11860702071986973,0.10114053543569543,0.10287735644075359,0.20012211317644105,2.4831547181363645,0.1595585016027639,3.428843018053705,0.08759729301431579,0.006622417375788429,16
21.009448351603282,2.5894530230151793,18.4199953285881,92.0,0.7188403059606511,502.0006163788068,True,True,True,True,,,,13.197233200073242,0.10569229771914286,0.11114960394214854,0.10755646012249101,0.13424797610100608,0.09697221563139652,0.5326720103580155,0.2664528140576174,2.150899871830885,0.5175840970208543,0.007005347078685487,16
19.81466872831184,2.023899453038789,17.790769275273053,84.0,0.059596847534942356,748.0086376820492,True,True,True,True,,,,13.031237125396729,0.12546706290167686,0.12571441200586306,0.10129674038726107,0.14726477682607303,0.17357853855699673,2.4463119085019422,0.29322937371051583,3.4367199639810977,0.5792110449972445,0.007537735046701086,16
21.334777578814,2.615233195325452,18.719544383488547,100.0,0.32883601147495006,543.8269340483436,True,True,True,True,,,,13.049463987350464,0.13018576801885326,0.1449650360598693,0.10618074732330242,0.1383465029401145,0.09697221563139652,0.7285252147362427,0.12329501287448077,3.380655316907304,0.03396226468994734,0.0038638972274037376,16
20.596533460061465,2.363260637689275,18.23327282237219,100.0,0.14135047888013635,613.0947646771814,True,True,True,True,,,,12.901196002960205,0.12503410547517863,0.1254384615750357,0.10345954244113635,0.14271100278279863,0.20506592873071977,0.40676504001511715,0.24490627424919187,1.0889110337211403,0.538161339721497,0.009639075645056913,16
21.849203945338306,2.791676567053543,19.057527378284764,96.0,0.05769058481326854,612.6036852463654,True,True,True,True,,,,12.690211057662964,0.12496886937116941,0.10443359615825772,0.1426615999185805,0.13617248835760312,0.0642168831074308,0.14117120484184015,0.29814427061182863,3.974698875278804,0.2760907728181355,0.00797580099778041,16
22.004228869881796,2.9446918389488226,19.059537030932976,92.0,0.2410098340613838,540.9174667738907,True,True,True,True,,,,12.745497941970825,0.15312544145148752,0.1371762397886412,0.10749954410497577,0.11475082533432453,0.05468345836706795,0.6319830995159624,0.1442215574041099,3.3985685699907178,0.43546681265198395,0.00917661181581634,16
21.156467792575686,2.484013093574927,18.67245469900076,100.0,0.21738614144052584,583.0093464078311,True,True,True,True,,,,12.839740753173828,0.22799996981811668,0.11855142209679215,0.10010937214980961,0.1575904757257232,0.18617509266152465,0.39468443146201326,0.1519379570864587,3.2224052231239257,0.10461596118293101,0.006880731739459439,16
22.27693951983889,2.887526327569251,19.38941319226964,96.0,0.2481804690176543,541.8916613799069,True,True,True,True,,,,12.681008100509644,0.16467719632186528,0.12436982778594581,0.13788404746280206,0.13850506440550797,0.05791030270693266,0.5588767305928071,0.1421019328332608,3.045740987442878,0.4802498973028716,0.007586526466688339,16
20.74837334817984,2.3945887313019694,18.35378461687787,100.0,0.058806564487370885,642.2009817100305,True,True,True,True,,,,12.887253046035767,0.11141572248541044,0.13116773290982778,0.10617895495680044,0.13937415090351327,0.17200937307197517,0.61186999030662,0.2952374970506253,3.7727362818645966,0.559969670811094,0.003835508691729858,16
19.423263996258058,2.010209809926291,17.413054186331767,84.0,0.41509666734489575,664.3619917694764,True,True,True,True,,,,12.930582046508789,0.12375578248225605,0.12462548837511614,0.10379010477803376,0.10489012247667501,0.2013704528621848,2.5940608049952405,0.10964557455052001,3.3896691894082123,0.5275100118622434,0.01105479208744612,16
20.005773421986085,2.3113291041494697,17.694444317836613,84.0,0.5743613666506494,546.4124069400606,True,True,True,True,,,,12.853448867797852,0.106208900413303,0.10448680595319272,0.10062414289046893,0.10292748788289141,0.24334736697625747,0.1319270309107506,0.298812485047748,2.1490899186947314,0.5016710369647771,0.010574382219326977,16
20.788523771658745,2.337949830054836,18.45057394160391,100.0,0.1503351921592071,608.4095122642157,True,True,True,True,,,,13.138675928115845,0.1147179953083873,0.1690680532239105,0.10413550106769663,0.138007589376891,0.22821498885933947,0.4923462409429753,0.18311643631884195,3.1185748160527074,0.08877123405467122,0.008784473077541176,16
21.919310913148724,2.9196761478912796,18.999634765257447,100.0,0.06016881530805899,606.6278671772708,True,True,True,True,,,,12.866223335266113,0.13528984512016023,0.1107172973054214,0.10400615399595411,0.140699533463901,0.05451955685525059,0.4776776217779777,0.29180110938661274,3.799315881831053,0.1346009220351804,0.010502389899648343,16
21.45787593827671,2.853299591933991,18.60457634634272,84.0,0.7416415800688285,490.19006844670685,True,True,True,True,,,,12.941670179367065,0.10803886091303182,0.10375610169401052,0.10102085093153146,0.11386281055872616,0.059417774481138955,0.46491358422806267,0.26224196737493516,2.167124983604507,0.19656757979281803,0.009730358392433344,16
19.97184997515761,1.908478389308341,18.063371585849268,100.0,0.0848810166580522,784.5337468849633,True,True,True,True,,,,13.211302757263184,0.16200557369214044,0.21699073037821562,0.11242510099619063,0.12639857892870646,0.28833894421338857,2.477216222089659,0.2448160939046557,3.2112493281742576,0.5729358730413816,0.009643345027326458,16
21.720853896106792,2.7461551121955554,18.974698783911236,100.0,0.33782444090789354,535.1149886894482,True,True,True,True,,,,13.001687049865723,0.10887983490741379,0.14202123279446582,0.10391964509299603,0.15700709835723745,0.06975031046202254,0.6298422605458713,0.12163064686615319,3.1320590858948485,0.09211212052191764,0.006899857785775723,16
20.15437428296177,2.324814446357183,17.829559836604588,88.0,0.6146116482556645,552.3502943113093,True,True,True,True,,,,13.172569274902344,0.12023716474356433,0.1252700374429423,0.100094153926783,0.10381231692617882,0.26504986944318265,0.21229289546045005,0.28864200711322524,2.243224404014657,0.08251072064432292,0.011082427552508817,16
21.265990872430375,2.610998342905101,18.654992529525273,100.0,0.4870966583533318,533.5536219720764,True,True,True,True,,,,13.27492094039917,0.12388014517434469,0.14252541841542124,0.10022381914365547,0.13836873277742565,0.09654541835402014,0.751441182704483,0.10116914413360635,3.2237890367913655,0.03818533158124211,0.010842259154932678,16
20.53749177959431,2.39814506329752,18.13934671629679,96.0,0.3764468083397792,577.5785947371164,True,True,True,True,,,,13.238987922668457,0.1546778296355307,0.13842604598727515,0.10166452255506131,0.1043277803208562,0.20898281776443323,0.26844199834770427,0.1490044741564521,1.3051436325568644,0.02387391173570058,0.009777684487011142,16
21.17513662473898,2.5900690647770923,18.58506755996189,88.0,0.057482892679947994,622.0280932841587,True,True,True,True,,,,13.285303831100464,0.11422749921190359,0.11149197690519143,0.10414939284651895,0.15770358170708051,0.09715305088008952,0.4776469032492045,0.29869470856165947,3.22068459431442,0.1212171974072514,0.010381933503115183,16
22.76451286660082,2.885574059040607,19.878938807560214,100.0,0.06940021059163926,598.8030667238046,True,True,True,True,,,,13.23733115196228,0.10331136243551182,0.12734589547722933,0.27320725865223683,0.10350606585105504,0.05147585759216361,0.6451593076729489,0.27128452309322176,3.4538218863099326,0.06841648596949965,0.006890180943752657,16
20.625680297885786,2.361341861248738,18.26433843663705,96.0,0.22017863313004166,588.5780046823419,True,True,True,True,,,,13.540555000305176,0.12489926211804425,0.13898474309718467,0.10086663133713919,0.13901943385247095,0.20983559334710133,0.11523489438669088,0.15096098445108483,3.393212512376803,0.46153613685163997,0.008037869329259822,16
22.569336407998044,2.6994209396871023,19.869915468310943,100.0,0.5700882039579424,501.7484933698266,True,True,True,True,,,,13.480062007904053,0.16892155970256856,0.10422518851452502,0.2781944541561495,0.13384248767931994,0.07653485831668769,0.689920151507476,0.2999560153431194,2.955517556084045,0.05675551309880231,0.006599525901858,16
19.71901998757138,1.9724171551443488,17.746602832427033,88.0,0.07417870401656601,753.1913848960962,True,True,True,True,,,,13.580933094024658,0.15846817299924942,0.12409996555514517,0.10006276336795711,0.1425305697616558,0.22044461823139294,2.4643757405819144,0.26222323099506534,3.433884786158738,0.5450988317486496,0.0078002989278205415,16
21.009208071459362,2.4368423526120178,18.572365718847347,100.0,0.0619635103596636,638.1728195879031,True,True,True,True,,,,13.754865884780884,0.15362903200980274,0.12589905843018506,0.10754425855562467,0.15202974907243827,0.1684582029886969,0.6120637328980528,0.28745056981089834,3.5293774898145904,0.5808292077850852,0.00648836034069837,16
19.98431291427562,1.946039549716143,18.03827336455948,96.0,0.1528671666909709,729.2340862355829,True,True,True,True,,,,13.781822204589844,0.14581248927791113,0.1889987520167442,0.1036312110974577,0.14276448988772772,0.22044461823139294,2.450811724198009,0.18157311249943064,3.120830279972176,0.5243448195880127,0.01113219041914862,16
20.075993064378064,2.29938658009637,17.776606484281693,88.0,0.2498247077974016,599.9447004510273,True,True,True,True,,,,13.682677984237671,0.10076853915606104,0.11000779587273157,0.10475711458911527,0.10599227521982887,0.2641916562203374,0.6346495333264146,0.141628906750235,3.981008480201581,0.006291239117095932,0.006873617423215452,16
20.29099204138788,2.0639783155500777,18.2270137258378,100.0,0.29805085939397824,639.2432999813552,True,True,True,True,,,,13.82258415222168,0.1907719889333749,0.16461708502030767,0.10038038815465275,0.1354429203957639,0.26086362629819204,1.813680527302408,0.12955933867951994,3.120830279972176,0.19356494573559277,0.01113219041914862,16
19.460895478250958,2.0548150345415648,17.406080443709392,84.0,0.061772013314068897,731.1257710656779,True,True,True,True,,,,13.766076803207397,0.11184286592386491,0.1071475247179923,0.11332478955557124,0.10456141163423312,0.17167388847011075,2.3724543193833663,0.2879055925414129,3.3954622884726584,0.0696021599546035,0.006513411282239223,16
20.32598060361281,2.355166071124627,17.97081453248818,88.0,0.7451080226599688,530.8760568619758,True,True,True,True,,,,13.729392766952515,0.10746977510337964,0.109206799554962,0.10104064133690972,0.12642932900811032,0.19694352194582618,0.6379151320382678,0.2616190109621697,2.2747883629600936,0.17960610134862964,0.009739971428080436,16
20.666292871842085,2.395330963174085,18.270961908668003,96.0,0.5012439832648424,562.4899575346457,True,True,True,True,,,,13.713351249694824,0.14902959559397463,0.1262151963010019,0.10282482368724942,0.13383802548451199,0.1988534681901517,0.520484262641062,0.09972343016616217,3.3408559775981024,0.4886756460250271,0.009781853194298034,16
20.523197149367082,2.3069577688155527,18.21623938055153,100.0,0.18595081639394417,609.5018044361992,True,True,True,True,,,,13.658910036087036,0.11941946234806317,0.1314213992248053,0.10272377981722662,0.15224052839193236,0.2613686371769674,0.12526220377888436,0.16442564121066114,3.7102064634616956,0.4431660141970358,0.008037869329259822,16
21.042935817981338,2.579746320973331,18.463189497008003,96.0,0.09515793202665616,602.736992086636,True,True,True,True,,,,13.657223224639893,0.10557286695061986,0.11113926986975856,0.10567699961272024,0.14394844465485315,0.0984730227861733,0.6389093431171995,0.29972030887616813,1.3328199630093513,0.5000497139668012,0.010594831605385513,16
22.15221018302322,2.9612944628394344,19.190915720183785,96.0,0.5898052274837838,490.75122063875074,True,True,True,True,,,,13.553108215332031,0.12023918695591193,0.13293025790391572,0.10104567690046176,0.14952416429649945,0.05027855754263662,0.6810760495255689,0.29478530274882025,2.6842544218210618,0.09791181050651454,0.011047274126191754,16
19.632065148087236,1.954010317600374,17.67805483048686,92.0,0.2932226899550086,729.7823873867685,True,True,True,True,,,,13.770842790603638,0.26870339292494394,0.12579227364353998,0.1055561149517661,0.10087107604345323,0.28846195470360264,2.3868696699862024,0.13063096906932556,3.901153349452558,0.4929563405264171,0.007089198158397612,16
19.433287049209312,1.9480835057303112,17.485203543479003,92.0,0.1800661981440419,731.2262156343047,True,True,True,True,,,,13.854908227920532,0.17504606222367067,0.11863548590910648,0.126303681925117,0.10576619731667934,0.29205131438873105,2.4635996777973075,0.16712323095549794,3.984498212438572,0.57302012888889,0.009729811423810339,16
21.50051609238078,2.7566769065786945,18.743839185802088,92.0,0.0601261428104021,610.4880975154529,True,True,True,True,,,,13.492650032043457,0.11409635893769218,0.10342065997737926,0.10604843855488845,0.1494046694143502,0.06876992256197666,0.9888480481678699,0.29190695257783894,3.2907085438376438,0.08785783810870754,0.00637601593360099,16
22.137940545411507,2.980360055236805,19.1575804901747,100.0,0.057180312796179036,609.5317449587749,True,True,True,True,,,,13.498212099075317,0.15410181199583037,0.12585131519906897,0.11381910953505972,0.11481134305421553,0.05143172218416774,0.015544012729056644,0.2995020670678991,3.6724349242678342,0.44233939322982446,0.00916518275754497,16
21.95223872915421,2.8456781532564257,19.106560575897785,100.0,0.6057979588397898,494.89462894955915,True,True,True,True,,,,13.52172303199768,0.15092310426978592,0.14449787172261114,0.10614694344929457,0.13836046673178193,0.0630713892343762,0.8302792147661484,0.2907808047812264,2.148487390713754,0.4846938158594895,0.0037795974025556225,16
19.704213646168988,1.9357756434804512,17.768438002688534,96.0,0.5844527374480892,671.2851914778186,True,True,True,True,,,,14.007630825042725,0.1527544067044795,0.13471412770821775,0.10013941859424697,0.1568163507687008,0.2746152809235937,2.7034474293937603,0.296162670426548,2.112920745184801,0.07145301580784108,0.00795232665737331,16
22.00715217311933,2.942628415622943,19.064523757496385,96.0,0.05976666992210331,605.8563903677377,True,True,True,True,,,,13.776856899261475,0.1143290715212818,0.10444479209294924,0.10401554313486519,0.15770358170708051,0.05099158514872859,0.4611507574092535,0.29280313759036464,3.1596363436533323,0.1212171974072514,0.010418013978057585,16
20.20071361774497,2.3311854332595177,17.86952818448545,92.0,0.6885298524295271,579.569345877978,True,True,True,True,,,,13.952088832855225,0.13562700132548855,0.10844573539337371,0.10375966169319394,0.10457366612227835,0.2678342369826238,0.5547872251278794,0.10987852864103433,1.1398067310882063,0.459689303303069,0.004844432733223909,16
20.51766955304,2.4236746059781473,18.09399494706185,96.0,0.48674081784310697,563.8042112735201,True,True,True,True,,,,14.147286891937256,0.17559800514981733,0.11899698726928526,0.1001402080388547,0.10291104063508447,0.20145167215944423,0.5259813070541388,0.10120632299393365,3.2304039158771505,0.2667127151466027,0.006876285742995524,16
19.749124391707287,1.9814840131326235,17.767640378574665,92.0,0.5958766398916233,646.17308126991,True,True,True,True,,,,13.842727899551392,0.13893230762639155,0.10443200075603618,0.12318552861972087,0.15180338558365047,0.20718122668877995,2.684531754015755,0.2932457918587885,2.1490899186947314,0.1946104707423237,0.010614626010600973,16
20.389957517535855,2.344533058464006,18.04542445907185,96.0,0.153960680449042,612.5460671939217,True,True,True,True,,,,15.22235894203186,0.1472585052911991,0.11210226653659584,0.11386813083709806,0.10536983765246785,0.24659758796478187,0.559403087486077,0.1809184942528932,3.304651864526705,0.0874658965173728,0.010819580181640403,17
19.462701956818968,1.9484668709402935,17.514235085878678,88.0,0.1772732532831423,726.0870642167247,True,True,True,True,,,,15.3524911403656,0.15312544145148752,0.12574505522808152,0.10758091138361521,0.11492705240693105,0.29007771176894603,2.4410531293243354,0.16845073497725996,3.0655634215808014,0.4438253631397397,0.00917661181581634,17
20.298356260272747,2.3215871414994704,17.976769118773277,92.0,0.0579814816196455,669.0528964683988,True,True,True,True,,,,14.005975008010864,0.12483753412947524,0.13950005486110797,0.10258900036692652,0.1066046629785695,0.26136859793970213,0.1418756316612697,0.2973783725089128,3.989143402826271,0.44005441736428375,0.008040694947498329,17
21.58205063583474,2.876624119698055,18.705426516136683,92.0,0.6146116482556645,491.81802304638984,True,True,True,True,,,,13.733473062515259,0.12023716474356433,0.12504874676981761,0.10005254632637736,0.10329619152056875,0.05870103077485948,0.5438312069072356,0.28864200711322524,2.244069121251241,0.07258071582810093,0.011082427552508817,17
21.559191741343753,2.774314176660363,18.784877564683388,88.0,0.05900655531721106,611.3994575883045,True,True,True,True,,,,13.727966785430908,0.11451203513639548,0.1186204816286906,0.10580385748885275,0.1393366127778169,0.06723163872315885,0.610889061873986,0.29472544824619085,3.771285410847506,0.5872067003846411,0.0068846285874986654,17
21.809951194160444,2.8442658156126943,18.965685378547754,100.0,0.4749675906726931,528.1274087199638,True,True,True,True,,,,14.41562294960022,0.1212590620279086,0.1253714829844231,0.10362706532174765,0.1435184413023472,0.06014139273777826,0.7093565521136602,0.13249764250632928,1.3894187314842326,0.02538498071306649,0.01072407927836412,17
20.158724549636034,2.294956763151547,17.863767786484487,84.0,0.14055948659382347,637.9327676937108,True,True,True,True,,,,14.180894136428833,0.11107147955528326,0.12574551222443017,0.10382634158644494,0.10520220936443309,0.28991140957693995,0.3007760054375821,0.2456073571513887,1.335295299463541,0.43851952843182573,0.006848350084001639,17
22.384811149902443,2.9526919312822364,19.43211921862021,100.0,0.139522717629927,570.6758543756807,True,True,True,True,,,,14.041913747787476,0.13667148820364516,0.16963665718150286,0.10279002667866673,0.1499615053089763,0.05216572177894424,0.4747408569712263,0.24653540854535494,1.8339132483542753,0.4650178188651882,0.010131879548488137,17
22.06566874598623,2.9150882589439635,19.150580487042266,100.0,0.42717900873474546,525.9749945664029,True,True,True,True,,,,14.087387084960938,0.17724395557225314,0.10464968196366103,0.10023867264902508,0.1571554475401962,0.05732806504927443,0.2240695404622639,0.1080738160698581,3.239745515864534,0.14861681203269436,0.0070962779355872125,17
19.625267763752245,1.9372918805006625,17.687975883251585,88.0,0.5805374448691281,665.5706621957295,True,True,True,True,,,,14.272150993347168,0.12565711955687106,0.1347567815008262,0.10014657304021375,0.1568163507687008,0.2746152809235937,2.776646657179775,0.2971824257353335,2.112920745184801,0.0748672108987925,0.00795232665737331,17
21.746017747744805,2.763707392779,18.982310354965804,100.0,0.057457980840169516,614.9783610879236,True,True,True,True,,,,14.085783004760742,0.12649249642772187,0.15560567290158214,0.10629280726004885,0.13618503796099454,0.07048442004882742,0.521585470767484,0.298760934850535,3.1079863197121718,0.49616149834497086,0.0109800513576099,17
22.21770492935773,2.961725686487286,19.255979242870442,96.0,0.05879860887736225,607.4315591606473,True,True,True,True,,,,14.032319068908691,0.12023918695591193,0.1419423693487767,0.10384302638724024,0.14952416429649945,0.05027855754263662,0.541437873876066,0.2952579211196266,3.1320279815422722,0.09791181050651454,0.0069861781146861425,17
21.515152683386,2.7416705763171416,18.77348210706886,92.0,0.0725750705515396,599.5551304155376,True,True,True,True,,,,14.017661094665527,0.1141308687726087,0.13525814478127782,0.10100248385529893,0.1350368975099183,0.07164917395520284,0.8980187779117161,0.26516281470696484,3.499011649431353,0.2777675485410168,0.006480381350805445,17
20.50688470690047,2.3730013229973315,18.13388338390314,92.0,0.11176956548426165,614.0732187691419,True,True,True,True,,,,14.171014308929443,0.1249123646076254,0.1401871216308139,0.10717386551833798,0.10054668385306857,0.20277781075601958,0.4068735638263209,0.21283753671184455,3.7228990052175037,0.20175311606329285,0.008043025856519906,17
21.17245284053238,2.733674417250907,18.438778423281473,84.0,0.2498247077974016,543.9010959370315,True,True,True,True,,,,13.888155221939087,0.11392048934654656,0.11000779587273157,0.10475711458911527,0.10609240405268708,0.0738026191213188,0.6346495333264146,0.141628906750235,3.8238368884807588,0.014637115744273316,0.0071353157194442626,17
21.755722027548938,2.8414185250751367,18.914303502473803,92.0,0.7452793492390174,491.10086495352664,True,True,True,True,,,,14.10273790359497,0.10803886091303182,0.12440077303935054,0.10102085093153146,0.14383564507784014,0.059417774481138955,0.5321814722471114,0.2615883360486667,2.414079647307275,0.20411713728546382,0.009730358392433344,17
21.655472924120325,2.7203284060614155,18.93514451805891,96.0,0.6882708041596546,495.6046948145411,True,True,True,True,,,,14.089475870132446,0.11425456430977478,0.1046616198751873,0.1426615999185805,0.1359963727169002,0.07164917395520284,0.9050272335332262,0.27242795399476416,2.210360794221132,0.2771459068309565,0.006497428865798135,17
20.550574167352337,2.437132119214587,18.11344204813775,88.0,0.6315896839049423,517.4469463597926,True,True,True,True,,,,14.342803955078125,0.1074537219714938,0.11118415785434393,0.10104064133690972,0.12642932900811032,0.14690417682265547,0.6379151320382678,0.28465074029106774,2.2747883629600936,0.17960610134862964,0.00968411957958263,17
20.57261922070774,2.385609062027543,18.187010158680195,96.0,0.5792609763767171,555.8125254395185,True,True,True,True,,,,13.783725023269653,0.19241577625254228,0.12485946492608054,0.10402099435214483,0.10890100523970465,0.27497411580318454,0.4646725007836905,0.29751715451442906,2.1593892477397207,0.49648522963266917,0.007046305540338719,17
20.016043633466737,2.053446639783295,17.962596993683444,92.0,0.22213964134844943,644.576866228906,True,True,True,True,,,,14.091868877410889,0.12489926211804425,0.13883727158874248,0.10135484408169389,0.15180122805264445,0.26744187704091227,1.1423140077336618,0.15028604077210428,3.1155327407917035,0.20794333310686713,0.008037869329259822,17
22.21619812155761,2.9052004448390014,19.31099767671861,96.0,0.29614166765642197,536.2130954338861,True,True,True,True,,,,13.809894800186157,0.17870691500242739,0.10444078782943157,0.11597581504816726,0.15726789662213422,0.057654113427006645,0.9639960831048154,0.12997993472959354,3.972380078408716,0.14861681203269436,0.0070962779355872125,17
20.205555331329297,2.3187682089710107,17.886787122358285,96.0,0.19273580870010298,613.1094750075373,True,True,True,True,,,,13.99149203300476,0.11946402795474834,0.1420132935253763,0.10029211533372029,0.10054668385306857,0.2785473936141667,0.11763926214420325,0.1614713019978182,3.269576484711627,0.09587836976644726,0.010980885751398608,17
22.185935707040766,2.962932249780334,19.223003457260432,100.0,0.339496235930883,529.3510205774251,True,True,True,True,,,,13.63778018951416,0.12293830610555655,0.13294308664689694,0.10548629927536593,0.14952416429649945,0.05027855754263662,0.6810760495255689,0.12132844727550332,3.9285968300770255,0.1803141064933751,0.011047274126191754,17
21.463823476466388,2.614733646753302,18.849089829713087,96.0,0.07278457134127835,604.9518675128413,True,True,True,True,,,,13.6665198802948,0.12015210353881928,0.1116096181864054,0.12321057808991964,0.15686124196841045,0.08936577070994274,0.8339163555081714,0.2647731985645735,3.236799647831253,0.40820841356613585,0.004781120513817311,17
19.859032711488435,2.021014331117022,17.838018380371416,84.0,0.05938791262156205,750.7314969726041,True,True,True,True,,,,13.944780111312866,0.12546706290167686,0.12572891837143987,0.11807735036599369,0.14251574758716679,0.17294135533071836,2.4482319440749984,0.293756322316089,3.4338880003408927,0.5626730697623814,0.0077994930958078645,17
21.635651619317894,2.760930481378412,18.87472113793948,100.0,0.5749346039690874,496.8372618372933,True,True,True,True,,,,13.563163757324219,0.12649249642772187,0.13704289718117438,0.10633672187536304,0.13618503796099454,0.07048442004882742,0.533459580414547,0.2986600679177626,2.273337873020413,0.4985142205196341,0.010976948981161038,17
20.41168535244357,2.3715205320274073,18.040164820416162,92.0,0.09740900798088473,632.8613681407469,True,True,True,True,,,,14.209315061569214,0.12358734700894593,0.14197346099046465,0.100135229527263,0.10291104063508447,0.20629654808098216,0.06834198768245803,0.29615759227741323,1.9074283006978983,0.26672456276376577,0.008120329333168863,17
19.53713195318464,1.9395017053218346,17.597630247862806,88.0,0.3389087105861834,694.3959249502185,True,True,True,True,,,,14.246831893920898,0.10887983490741379,0.14187703581419003,0.10034954973967791,0.13808874907286794,0.2624022630342076,2.4125457761617684,0.12143439381932031,3.222677938024737,0.5343753405897227,0.009737798816878852,17
20.293874023481152,2.0638604923195936,18.23001353116156,100.0,0.06987736076841261,702.6701935982919,True,True,True,True,,,,14.058227300643921,0.19203297811776537,0.16461708502030767,0.10038038815465275,0.1354429203957639,0.2615835764212174,1.87171601328234,0.27033754780891345,3.120830279972176,0.20282801419240132,0.01113219041914862,17
20.44287639239305,2.376200497081767,18.06667589531128,100.0,0.19565537312137193,595.5565582837609,True,True,True,True,,,,14.028122901916504,0.1421310051730052,0.14244455551879315,0.10038592874398583,0.10054668385306857,0.21992424989053658,0.26805319460132293,0.16024801505477465,3.4050987774346413,0.08805445759102071,0.010980885751398608,17
21.9589220754904,2.8743993118402233,19.084522763650174,96.0,0.42519415329794497,524.992642417103,True,True,True,True,,,,13.81045913696289,0.1099570254924613,0.13014073312578048,0.1012328528282261,0.15646663903889194,0.05624487828248863,0.9744009333210274,0.10832738492669554,3.5576138108441273,0.012339532629924377,0.00478072774979252,17
20.302098185021347,2.368549494386833,17.93354869063451,88.0,0.5025814607242467,561.9480533311848,True,True,True,True,,,,13.878311157226562,0.1145770048314732,0.1262151963010019,0.10282482368724942,0.10110357722500762,0.1988534681901517,0.4452098695121488,0.09958993971659102,3.388936930074742,0.4886039739946672,0.009781853194298034,17
21.01111492959456,2.398370828438889,18.61274410115567,100.0,0.268466527053323,576.2625036273722,True,True,True,True,,,,14.370458126068115,0.11584127293123404,0.21096960646099988,0.11266762768754128,0.1047807944618551,0.1883988470821489,0.5262506858395988,0.1365758906641055,3.4281477039176727,0.4195447281604272,0.011069557776883876,17
19.33050887840618,2.0164479479026336,17.314060930503548,84.0,0.3124970166831033,668.371059872865,True,True,True,True,,,,14.309447050094604,0.12358734700894593,0.10699592309506654,0.10379009323421304,0.10291104063508447,0.20404927546128332,2.826136823741696,0.12650369504447156,3.2284899483224896,0.2661040711939762,0.0068875821070163955,17
20.121475010945268,2.305950289819784,17.815524721125485,88.0,0.7472855055541536,551.1138316962852,True,True,True,True,,,,14.089284181594849,0.10803886091303182,0.10942809022809324,0.10106320791296514,0.12174185281386823,0.2659398255178181,0.20064316080052175,0.2612299426997994,2.1662802663679224,0.19656757979281803,0.009730358392433344,17
21.595205505315572,2.861706535797332,18.733498969518237,92.0,0.19836279886227018,547.2807253973845,True,True,True,True,,,,13.87834882736206,0.10888734690444785,0.10443359615825772,0.10015838312141473,0.13044368727445596,0.05803469565976985,0.8991548267530962,0.1591380406523715,3.4935991703096523,0.4323747664065787,0.007349024481533521,17
19.593911556169115,1.9794776122582598,17.614433943910853,92.0,0.49560529124405095,682.1397296943913,True,True,True,True,,,,14.12534475326538,0.1764086355393683,0.14222225495335566,0.1002226712852484,0.11022708778187043,0.22290248572697602,2.4625360882924445,0.10029217950059363,3.22630218824637,0.03818533158124211,0.010554139657935861,17
20.68913102106878,2.52333636749673,18.16579465357205,84.0,0.7152331017154786,508.3646596252175,True,True,True,True,,,,14.140474081039429,0.11398595557898411,0.12540761238473355,0.10063561519936676,0.10271121441390713,0.11934906604602272,0.7087431094667171,0.26713761641790296,2.3444328274850608,0.026096784014071783,0.011038118318402467,17
20.965415529135782,2.3916790447927188,18.573736484343062,100.0,0.11235678207833279,604.3934494551991,True,True,True,True,,,,14.226035118103027,0.11425456430977478,0.12534786412251975,0.1426615999185805,0.13756935565197675,0.16886679998786813,0.8980187779117161,0.21227170750140748,3.499011649431353,0.20821959162851553,0.007430488883278491,17
21.913208057975663,2.7604467287451517,19.15276132923051,96.0,0.11064267115295827,576.0840117321607,True,True,True,True,,,,14.037367105484009,0.11245163695967611,0.12569117425852128,0.10307749281031642,0.19270342081276626,0.06690393454174128,0.3822842176047312,0.2139361191858087,3.2868923943828037,0.20657564346795934,0.007425779099966979,17
19.344442983034806,2.013948026882212,17.330494956152595,84.0,0.061172763102296926,740.7574024690201,True,True,True,True,,,,14.188133001327515,0.11322690079610287,0.1185276030339091,0.10114053543569543,0.10303471933317712,0.20291422299826212,2.4465412011070944,0.28934347575007835,3.446598956516134,0.06945575762553485,0.006623586001180509,17
20.725324853523386,2.5244921578534765,18.20083269566991,88.0,0.4471409021363041,546.2831631009797,True,True,True,True,,,,14.3075270652771,0.11584127293123404,0.12531407364069597,0.10569496160726732,0.10312044040168823,0.11949502660827793,0.5588417600372049,0.1365977141194793,1.060143758125614,0.4802498973028716,0.009811863143894914,17
21.441108400111375,2.6109844951953782,18.830123904915993,100.0,0.49560529124405095,533.4847665980712,True,True,True,True,,,,14.331400871276855,0.1302301314559633,0.14252541841542124,0.11459747446453011,0.1384046645438784,0.09654541835402014,0.7304326628294462,0.10029217950059363,3.2237890367913655,0.03818533158124211,0.009719813307944745,17
21.19370655339331,2.641002563680207,18.552703989713102,92.0,0.39484822495141564,535.8609119475534,True,True,True,True,,,,14.10287594795227,0.12174184707765719,0.12993185955685382,0.11607376977913302,0.10110274595401907,0.08906423765066039,0.9504704723033289,0.11244071328709083,3.991267440217594,0.4492788757770811,0.010987083970576818,17
20.716611466830166,2.3899004228836676,18.326711043946496,100.0,0.14255135613478057,612.8723513894001,True,True,True,True,,,,14.343070983886719,0.1521313926227871,0.12539580778242726,0.1034546241965262,0.14271100278279863,0.20506592873071977,0.33338120857035536,0.24385321285184697,1.0889110337211403,0.5347455462079633,0.009639075645056913,17
20.49059756538835,2.380337123076457,18.110260442311894,96.0,0.5958277199272,533.5995538113611,True,True,True,True,,,,14.379166841506958,0.13893230762639155,0.10443200075603618,0.10137947343652617,0.1357726533953128,0.19950851882403517,0.9855036269608,0.2932581008234721,2.1490899186947314,0.1946104707423237,0.010604835640709588,17
22.140324846538533,2.8810420010185664,19.259282845519966,100.0,0.30812241770159116,535.3460291572653,True,True,True,True,,,,14.220048904418945,0.1638572517345901,0.12164806800056165,0.11273506740709854,0.14937483626388734,0.05924039005572851,0.534998335834823,0.12740612535192147,3.6645534502402084,0.06271941443616452,0.011186871564593743,17
19.343765801553708,1.9604333091523718,17.383332492401337,84.0,0.5842433173167377,651.7614527033402,True,True,True,True,,,,14.440438747406006,0.1101663542827053,0.10097697625816937,0.10241188733538127,0.1381423085609255,0.27548021347150387,2.700256230678189,0.2962169512677428,2.2018262485223907,0.5575233615188143,0.011063491743626454,17
19.571073746921265,2.0676328508688497,17.503440896052417,84.0,0.062235463716208125,729.8604213330792,True,True,True,True,,,,14.632328748703003,0.10950507838287483,0.10726078972084843,0.12886895956416894,0.10456141163423312,0.15896041085514337,2.3724543193833663,0.2868080379800612,3.3965236912848837,0.0786581336772362,0.006513411282239223,17
20.044367942289526,2.0556913551062093,17.988676587183317,96.0,0.13937785622750332,672.2397145162228,True,True,True,True,,,,14.604612827301025,0.13649241423813788,0.12231398599235682,0.11807545093335839,0.14062264530082996,0.26986819797268036,1.1561047693600297,0.24666591388963624,1.843851588912562,0.06142866380013237,0.0064953369387162185,17
20.374790331785494,2.3438812516851977,18.030909080100294,92.0,0.3607947439627247,571.6084829368616,True,True,True,True,,,,14.239293813705444,0.10642902279783778,0.10963412224611407,0.10024254280290504,0.13848662736162612,0.20391815174620814,0.9135228703712204,0.11766544310960864,3.251936157095239,0.08251072064432292,0.006954038895166333,17
19.994120389364184,2.1184123217221047,17.875708067642076,92.0,0.27081442148217677,611.623513159761,True,True,True,True,,,,14.33829402923584,0.11581237094573411,0.10911602864847286,0.10615680890354764,0.14075818684648483,0.18847176930420598,1.0187453894313732,0.13597702187303734,3.0486048838414193,0.472700339797779,0.009896453802727141,17
20.583289146840524,2.3445215388011604,18.238767608039364,92.0,0.07417424975772358,634.5957631103904,True,True,True,True,,,,14.176261186599731,0.10623515480545989,0.10917224564276662,0.11530003148530978,0.14379486087274873,0.19715592858382264,0.5386657836735221,0.2622312619374132,3.0400837206199256,0.5017071348351155,0.0097380422313583,17
19.529480389395,2.011818635782373,17.51766175361263,88.0,0.06134794054259436,753.2481709725221,True,True,True,True,,,,14.238011837005615,0.17533012706851625,0.11860702071986973,0.10114053543569543,0.1027333037686206,0.1998495224808026,2.4831547181363645,0.2889209317715796,3.9794702167307983,0.06945575762553485,0.006623586001180509,17
20.609386877018046,2.354800783101147,18.254586093916902,92.0,0.17783567656513513,593.8567553740925,True,True,True,True,,,,14.54923415184021,0.10860122528664035,0.14208026033356894,0.1010207757880419,0.14080591889157046,0.20164812395280238,0.3977515881334672,0.16818087627932937,3.403609886693135,0.012412033523750421,0.00973150539575827,17
19.637399374196193,2.060706010722897,17.576693363473293,84.0,0.8467197078288349,589.6596617077884,True,True,True,True,,,,14.60553526878357,0.11114899309052079,0.12811865376667425,0.1010277528241215,0.10835368613793347,0.28295845783699525,1.0021005631541315,0.24511573025034258,2.3386655602027226,0.02707588247966014,0.011211757998599498,17
21.788692310128692,2.818620857510265,18.970071452618427,92.0,0.14055948659382347,577.0719157875582,True,True,True,True,,,,14.178331136703491,0.23117318418732136,0.1120088691858454,0.11667079753300058,0.10520220936443309,0.07555168517533035,0.30077178407391886,0.2456073571513887,1.1618196887364156,0.43851952843182573,0.006848350084001639,17
20.58066344582826,2.369009494454773,18.21165395137349,92.0,0.5936071973986157,535.9758257745935,True,True,True,True,,,,14.173540830612183,0.13893230762639155,0.10438893731271119,0.1027484091720589,0.15224268592293838,0.20718122668877995,0.19125700915449845,0.29381844135538726,2.1781595621755465,0.4478186048930881,0.010604835640709588,17
19.986134467746467,2.039498394526277,17.94663607322019,88.0,0.6759243748276383,588.6017499369781,True,True,True,True,,,,14.191625833511353,0.10769283274190825,0.12318971318941078,0.12188005213974018,0.14161075064068568,0.2615840158744902,1.5918783441265738,0.27495697847849665,2.2742083128225428,0.2027970875711286,0.006869308617614915,17
20.48096345681307,2.378988619736386,18.101974837076682,96.0,0.05994085543795532,645.3546478434657,True,True,True,True,,,,14.298065900802612,0.10665532674783884,0.15241986676576796,0.10168440822694375,0.104888135119834,0.18794301017075754,0.9711314059386784,0.2923678619487469,3.317421871071665,0.09517613788712981,0.006372119085561763,17
22.222129590185265,2.9785098411588766,19.24361974902639,100.0,0.8823962433213418,488.14858061189057,True,True,True,True,,,,14.037399053573608,0.1429061641741688,0.1297004779927125,0.10008839160931363,0.14952416429649945,0.05027855754263662,0.67567445713245,0.24001762239941324,2.6773877744161423,0.08813134873678663,0.011047274126191754,17
21.18792391032633,2.5895300881882,18.59839382213813,88.0,0.058226423469133995,621.1831223588507,True,True,True,True,,,,14.416929960250854,0.11422749921190359,0.11149197690519143,0.10434408343922405,0.15959044430715547,0.09715305088008952,0.4776469032492045,0.2967379925822543,3.2197591222741857,0.1212171974072514,0.010381933503115183,17
21.761844177606886,2.7645601266717725,18.99728405093511,100.0,0.33782444090789354,534.3855080802001,True,True,True,True,,,,14.30145001411438,0.10698613951293595,0.14202123279446582,0.10391943414647947,0.15700709835723745,0.06733704131422127,0.49829350680867024,0.12163064686615319,3.9925005865375067,0.10327651022621127,0.0068995548570596095,17
20.109935178647973,2.3151720963774896,17.79476308227048,84.0,0.06142202558353306,666.1950699284777,True,True,True,True,,,,14.173814058303833,0.11042303373228858,0.1252700374429423,0.10008516517615215,0.10381231692617882,0.26504986944318265,0.3075545791480734,0.28874278411292525,3.1002544108728753,0.08015816535776435,0.011082240540943384,17
19.37567973969571,1.9894125455749003,17.386267194120805,84.0,0.083888344899441,732.1566919671393,True,True,True,True,,,,15.283080816268921,0.11947896690511842,0.1285433979793053,0.10226886389098214,0.10874797460273343,0.22219440726245332,2.42277348667189,0.24628740579929348,3.255243754452323,0.010445736293819714,0.008705780459711604,18
20.22832610282327,2.0545224313178005,18.17380367150547,100.0,0.29805085939397824,649.6124435433244,True,True,True,True,,,,15.24943995475769,0.1907719889333749,0.16461708502030767,0.1003373941127226,0.1354429203957639,0.2977018947454107,1.813680527302408,0.12955933867951994,3.813292575865432,0.19356494573559277,0.01113219041914862,18
20.24506064103916,2.3024378039662285,17.94262283707293,88.0,0.5962928742569467,546.219455492997,True,True,True,True,,,,14.269264936447144,0.106208900413303,0.10448680595319272,0.1182535319082398,0.11301320137704556,0.2434044810559552,0.8750373037699929,0.29314112352668914,2.2245837493838914,0.5016710369647771,0.00751890092364158,18
21.514839562498565,2.7416734297070855,18.773166132791477,96.0,0.08423958420026564,590.8557447499353,True,True,True,True,,,,14.066702127456665,0.1141308687726087,0.13523922856617418,0.10100248385529893,0.1350068035260211,0.07164917395520284,0.675776049618671,0.24576379802959525,3.499011649431353,0.10843442440660345,0.00704216899599283,18
21.38294945712384,2.6255759655863735,18.757373491537464,100.0,0.4255036538307534,534.9476334019129,True,True,True,True,,,,14.070605039596558,0.11880028026343957,0.14514105412595282,0.10643003996097457,0.13847425405602767,0.09010201377430022,0.8324770933213724,0.10828772820516856,3.2527833191747137,0.4492788757770811,0.0038047790507518154,18
20.20589552382666,2.318889562317673,17.887005961508983,92.0,0.19739847740763553,612.1866620815322,True,True,True,True,,,,14.28048825263977,0.11946402795474834,0.1420132935253763,0.10029211533372029,0.10054668385306857,0.27836715671695583,0.11763926214420325,0.1595307457584864,3.4383867585569763,0.0958249965731607,0.010997133252796882,18
20.552831243763542,2.298183319581969,18.254647924181572,100.0,0.335740714830069,590.4866488994418,True,True,True,True,,,,14.309790849685669,0.10930925218789046,0.13879394552232135,0.10258900036692652,0.1570083238256907,0.26136859793970213,0.6457764378098931,0.12201048581894076,3.1314516933159378,0.4490171314579469,0.008037869329259822,18
21.51288231105809,2.774194808627049,18.73868750243104,84.0,0.0625251065321322,607.5112218117072,True,True,True,True,,,,14.049078226089478,0.11968741410444199,0.10432809719032804,0.10416182664698537,0.1439604843310091,0.06749725889026192,0.8980187779117161,0.2861283951770975,3.4891076304683066,0.5012448215193491,0.010673025033801074,18
22.439355190320192,2.9484941454007023,19.49086104491949,100.0,0.5867093607715356,491.73882912292504,True,True,True,True,,,,14.07737398147583,0.12023918695591193,0.1419423693487767,0.10384302638724024,0.18629025358972118,0.05027855754263662,0.5515345470580497,0.29557963598133713,2.6852367564088113,0.09593950632965077,0.0069861781146861425,18
19.801529855376316,2.1564224134202132,17.645107441956107,84.0,0.06014143398082733,723.3558630038112,True,True,True,True,,,,14.213963031768799,0.14935265478972448,0.10791889718865949,0.1039012230641476,0.10095531244613432,0.11983637125409775,2.451237060385065,0.29186901181272373,3.120830279972176,0.017799159383297063,0.011133898432489815,18
21.938985545641398,2.898424725700212,19.040560819941188,92.0,0.2850901534097587,535.4839776619748,True,True,True,True,,,,14.086899995803833,0.1212590620279086,0.1253714829844231,0.10362706532174765,0.14366430756830456,0.055301671803764205,0.7093565521136602,0.13249764250632928,3.211276255514006,0.02538498071306649,0.010843171805100747,18
19.77949822635398,1.9245389422667647,17.854959284087215,100.0,0.30544166722325766,716.9511969019389,True,True,True,True,,,,14.288363933563232,0.1526310610901113,0.22227101197101887,0.10370893492141786,0.10395368312329074,0.26103407237664733,2.886192097411422,0.12796875779398414,3.9076901620665496,0.4234147022852641,0.009831451455924563,18
20.445157158227158,2.415242650564269,18.029914507662888,88.0,0.059596847534942356,641.4443513478528,True,True,True,True,,,,14.569241046905518,0.12546706290167686,0.12551457912176398,0.10135497606245826,0.10218329657095944,0.17357853855699673,0.05954155766269198,0.29322937371051583,3.4188072752006438,0.5792110449972445,0.011029977553342354,18
21.76519741733842,2.871087089547591,18.89411032779083,88.0,0.12463013915297932,576.3558552347231,True,True,True,True,,,,14.370604038238525,0.1247243405742315,0.11038109660754813,0.10098444143111417,0.1408798316746085,0.0579436778595446,0.12503444033746164,0.26113629010385425,1.5365843505444767,0.0823863608250435,0.009723114846009183,18
19.43304524035746,2.0041688378808717,17.428876402476586,84.0,0.059591438022045654,749.9632567166005,True,True,True,True,,,,14.616449117660522,0.12546706290167686,0.12489761566827859,0.10096433401747863,0.11359735857437145,0.20668179251175095,2.417921377156743,0.29324298140002325,3.446831165131368,0.10133706778563248,0.007560760941904864,18
20.60429270574076,2.347982695712811,18.25631001002795,100.0,0.3472816718322089,573.3440682194363,True,True,True,True,,,,15.052587985992432,0.10627371218137557,0.14247671968175632,0.10019622944122704,0.14374357803237592,0.20548891352438373,0.46034113816719624,0.11995018352949346,3.2516592361048966,0.08251072064432292,0.01082714655587516,18
22.117826287666876,2.9503414370704237,19.167484850596452,96.0,0.1767865771347299,550.2662904407231,True,True,True,True,,,,14.811712980270386,0.10650689101806897,0.13294308664689694,0.10548629927536593,0.14952416429649945,0.05027855754263662,0.6342803233967084,0.168685297068181,3.9263055345366182,0.1803141064933751,0.011047274126191754,18
21.961839550838985,2.859034210525669,19.102805340313314,92.0,0.3898729504294384,527.4138254966648,True,True,True,True,,,,14.767780065536499,0.1170727096074255,0.10438133904633842,0.11592195101305412,0.15726789662213422,0.05732806504927443,0.9678244905389332,0.11316084565205768,3.8614802836793802,0.14575552748802934,0.007009217953891474,18
20.795563712474266,2.326261517795476,18.46930219467879,100.0,0.24547392868693524,583.1582348733066,True,True,True,True,,,,14.985021829605103,0.10014186830297576,0.11867425187301921,0.13812105117476772,0.15153679865365807,0.2034879517184589,0.6051385138995766,0.142890976171729,3.9759354794457256,0.2643185027214267,0.006869651186803681,18
20.547163395967914,2.3648973733279104,18.182266022640007,96.0,0.1413014226183436,613.0824263040596,True,True,True,True,,,,15.166765928268433,0.12549421814835135,0.1254384615750357,0.10335003658775965,0.13490365696561574,0.2051375789193445,0.6847309007187325,0.24494958098342806,1.0889110337211403,0.538161339721497,0.003908886914779091,18
21.652180705793057,2.856087328334969,18.79609337745809,96.0,0.19836279886227018,547.4812508624582,True,True,True,True,,,,14.9132821559906,0.10818559180051573,0.10443359615825772,0.10015838312141473,0.1406815321265219,0.0581070185432708,0.8981894050550179,0.1591380406523715,3.4935991703096523,0.06708908623698412,0.007349024481533521,18
21.30852398756272,2.6053172654669936,18.703206722095725,100.0,0.5130965408116376,533.3703924745962,True,True,True,True,,,,15.303119897842407,0.13019080048024775,0.14453751181119728,0.10614694344929457,0.13836046673178193,0.0992054049309808,0.6533846269555482,0.0985588122602957,3.1638732938385266,0.4553586483002415,0.009772684746147396,18
21.010199352565543,2.6489247177777298,18.36127463478781,92.0,0.4255036538307534,533.5043710594118,True,True,True,True,,,,14.841415166854858,0.12015389953756728,0.12467439855601059,0.10132540549361435,0.10147158277314608,0.08855446883265074,0.8324904174194576,0.10828772820516856,3.2527833191747137,0.4323678889939308,0.00478072774979252,18
21.376631266771263,2.8593899963740403,18.51724127039722,88.0,0.7067236850309446,490.2836749186568,True,True,True,True,,,,14.683789253234863,0.10797857118264001,0.100112080154678,0.10383984734251929,0.10085605039714367,0.059417774481138955,0.5321814722471114,0.2687740798046914,2.1664841477744887,0.19656757979281803,0.004761142172543077,18
20.65181666327772,2.382723124917483,18.269093538360238,96.0,0.14255135613478057,612.7365121612182,True,True,True,True,,,,14.984735012054443,0.1521313926227871,0.1046542808914507,0.10380462947966777,0.14271100278279863,0.20506592873071977,0.33338120857035536,0.24385321285184697,1.0126866757625432,0.5347455462079633,0.007368623166866406,18
20.57750583335692,2.34943758239939,18.228068250957527,96.0,0.41506164722539074,567.2800805601928,True,True,True,True,,,,14.930087804794312,0.10696983040654948,0.12691849685952208,0.10153319993779472,0.15029824533339586,0.20066839456799893,0.974385900502339,0.1096502303709956,3.259384257593593,0.005293905687829514,0.010202158664447817,18
20.984910514035402,2.507280658394848,18.477629855640554,96.0,0.6281116955331911,510.445165546881,True,True,True,True,,,,15.634947061538696,0.12137459083966574,0.11097997825777187,0.11035598706660452,0.14187573956780297,0.12112197726263972,0.7087431094667171,0.2854549688925077,2.338891655212242,0.02302195180755698,0.007093364260043549,18
19.465570768568803,1.959974465603342,17.505596302965458,88.0,0.4133498911661688,689.6829664491861,True,True,True,True,,,,15.562329053878784,0.13562700132548855,0.10844573539337371,0.10030898253414579,0.13963972564096833,0.2678342369826238,2.664146793480022,0.10987852864103433,3.141991213126897,0.459689303303069,0.011079671015146371,18
20.232123984650716,2.335056713093443,17.897067271557273,92.0,0.17894164423982195,618.7757038072257,True,True,True,True,,,,15.5100998878479,0.14676223494567153,0.12579227364353998,0.1001064428092407,0.10392375577044854,0.28846195470360264,0.6663553138592143,0.16765396616204933,3.901153349452558,0.5486122203939438,0.009922199782016625,18
20.077537979618043,2.1292999579503196,17.94823802166772,96.0,0.3607947439627247,605.7187790718501,True,True,True,True,,,,15.210453033447266,0.151336579568074,0.1091914818704961,0.10028566579081942,0.13848662736162612,0.1884015252783275,1.0240213036136692,0.11766544310960864,3.251936157095239,0.0741330649589632,0.006954038895166333,18
21.269486297316814,2.751079431687711,18.518406865629103,88.0,0.06058636898598872,609.9575085064607,True,True,True,True,,,,15.0138099193573,0.1040455302809597,0.1252700374429423,0.10612960952744799,0.10381231692617882,0.07075110528471812,0.3075545791480734,0.2907714214843413,3.3490909636906414,0.08015816535776435,0.011481614440093688,18
20.73628194176745,2.336053215795329,18.40022872597212,100.0,0.7472855055541536,549.4844537379732,True,True,True,True,,,,14.546852111816406,0.1458628617428602,0.14202558963994774,0.10079569596661599,0.1578290466053009,0.25961955019738425,0.10883890351462654,0.2612299426997994,2.2609051795775024,0.5393654997036419,0.009730358392433344,18
21.655964960172174,2.7737682415260623,18.88219671864611,96.0,0.06905169192117831,601.0060756835865,True,True,True,True,,,,14.397235870361328,0.10363145341193274,0.12794918711009487,0.10720956177674203,0.14835342595778045,0.06600637256331456,0.6451593076729489,0.2719824914924729,3.957465014925834,0.4978515079546322,0.003977067032459628,18
22.001770968243715,2.9512444525680985,19.050526515675617,96.0,0.8823962433213418,488.5151468165612,True,True,True,True,,,,14.415147066116333,0.1429061641741688,0.1297004779927125,0.10008989412733288,0.1272196016009942,0.05304671542377082,0.28978195247743177,0.24001762239941324,2.6773877744161423,0.08813134873678663,0.011047274126191754,18
21.12082650469323,2.6173294460332985,18.503497058659928,96.0,0.0750967599402002,604.8531515362083,True,True,True,True,,,,14.712963104248047,0.13655059433223948,0.11114960394214854,0.10365466042819102,0.13407506387733337,0.09697221563139652,0.514464353213515,0.2605834810172741,3.1175419229901244,0.5709374501433916,0.00683304207048906,18
20.768647854610684,2.5420636925900526,18.226584162020632,92.0,0.7152331017154786,508.6099875810173,True,True,True,True,,,,14.788290977478027,0.13378765187206523,0.12540761238473355,0.10063561519936676,0.10162800185466048,0.11930836210920526,0.7090904910227706,0.26713761641790296,2.349203957586882,0.026096784014071783,0.011038118318402467,18
20.462700574253756,2.337674507116309,18.125026067137444,88.0,0.11735394980512777,616.9542139796072,True,True,True,True,,,,14.72457504272461,0.11425456430977478,0.1269506363138114,0.10050413291535218,0.13756935565197675,0.22055942841032197,0.8980187779117161,0.20763158116553004,3.500211511495231,0.20821959162851553,0.011097992984000075,18
21.343666436267178,2.7385167172189293,18.60514971904825,84.0,0.085000677424143,589.8360403273774,True,True,True,True,,,,14.615933895111084,0.1141308687726087,0.10443359615825772,0.10245714017715972,0.13517417906880863,0.07164917395520284,0.8980187779117161,0.24464050081781785,3.499011649431353,0.07098730678140584,0.006480381350805445,18
20.44906641182988,2.4153633175285103,18.03370309430137,92.0,0.05740544840732613,643.9774481744516,True,True,True,True,,,,14.870782852172852,0.12546706290167686,0.12571441200586306,0.10055906599733164,0.10351164517908323,0.17352142447729896,0.13156454570460718,0.29890073189556843,3.456573782988267,0.5859251519471265,0.010593216342328196,18
22.03080502341139,2.913581957286774,19.117223066124613,96.0,0.7275967627718171,489.95307729269496,True,True,True,True,,,,14.66759467124939,0.11384418071998348,0.13425632584622763,0.10032051995176455,0.1497530021559951,0.053497704362712284,0.9033187778186139,0.26481198917255444,2.7327678800956865,0.2815224975137334,0.010918622785361452,18
21.96866489537335,2.844237760949724,19.124427134423627,100.0,0.6057979588397898,494.7349014325804,True,True,True,True,,,,14.442559003829956,0.15227492754520353,0.12949755072243882,0.1010423123580069,0.1567474546441647,0.06253613079631393,0.8302925388642336,0.2907808047812264,2.148487390713754,0.4846938158594895,0.004755546101596328,18
19.34387485243209,2.013755511316108,17.33011934111598,84.0,0.06039250326478386,741.6645170493701,True,True,True,True,,,,14.65158462524414,0.11322690079610287,0.1185276030339091,0.10114053543569543,0.10303471933317712,0.2030944593538858,2.4465412011070944,0.2912481465858242,3.2777886826707854,0.06950913081882142,0.0066073381334495265,18
21.75837271928296,2.7606150368417293,18.99775768244123,100.0,0.05807097799627992,614.0106324507827,True,True,True,True,,,,14.45582890510559,0.1244081168490089,0.14202123279446582,0.10391964509299603,0.15243786729969783,0.06975031046202254,0.32936718060705955,0.297143914861955,3.7786536957616534,0.054746158888045196,0.00680959212624681,18
20.99416437691871,2.582012811976151,18.412151564942562,92.0,0.09548140803119064,602.4176473505626,True,True,True,True,,,,14.421478986740112,0.10557286695061986,0.11124476883768931,0.10567699961272024,0.1360447134646044,0.0984730227861733,0.6389093431171995,0.2992004922935396,1.342723847592342,0.5238815444949018,0.007250450375696191,18
22.358091903694124,2.853473885447533,19.504618018246592,100.0,0.8447075403709652,490.41888655424253,True,True,True,True,,,,14.222847938537598,0.1061219619801872,0.12718103646355594,0.1676685698264351,0.149481518315899,0.05529533473796829,0.6810760495255689,0.2454129724951848,2.7272267078228674,0.006495421677369252,0.007024573618183074,18
20.389861462767172,2.3111375951738653,18.078723867593304,100.0,0.06139268088284825,666.3010901811274,True,True,True,True,,,,14.363607168197632,0.11042303373228858,0.1347283051523639,0.10008801573965638,0.1379378346519197,0.26504986944318265,0.28712606225921933,0.2888133083351034,3.1002544108728753,0.028395909398880287,0.011080572068358005,18
19.380833642650654,2.0138687068232004,17.366964935827454,84.0,0.19188288993465855,685.4892029419279,True,True,True,True,,,,14.297360897064209,0.12363160979922842,0.11860702071986973,0.10379009323421304,0.10055759197966255,0.20145167215944423,2.7738760905457145,0.16183397682666592,3.1590208654062084,0.08787874554479275,0.006887565094338963,18
20.132378947734598,2.3144523774094194,17.817926570325177,92.0,0.248693081802138,603.7207666336138,True,True,True,True,,,,14.976211071014404,0.12465690450552677,0.10930168668300752,0.10475646648422796,0.10264766639044047,0.27642206874863395,0.6346495333264146,0.1419539537117773,3.1623159044629054,0.018217476856755996,0.0075917520851465775,18
22.106193378076803,2.864367890454414,19.24182548762239,100.0,0.39490283274715093,527.588659206553,True,True,True,True,,,,14.681015968322754,0.1226837438623872,0.12528728884836154,0.11597581504816726,0.15726789662213422,0.05732806504927443,0.9639960831048154,0.11243288531160746,3.976209804089764,0.14861681203269436,0.0070962779355872125,18
21.32554958039134,2.720778541004669,18.60477103938667,92.0,0.5716367744738771,500.049596777328,True,True,True,True,,,,14.545287847518921,0.1687739021474097,0.10683724935603188,0.11057846673140385,0.10354020210671595,0.08240036043260211,0.2732166319937513,0.29954010236380313,2.9215245671629346,0.4726002823789195,0.010126243801446378,18
19.987122398568413,2.0630242213885706,17.924098177179843,92.0,0.6211720441406986,592.3893655655276,True,True,True,True,,,,14.434814929962158,0.141444968484615,0.11845254047804979,0.11807545093335839,0.130384800448764,0.2686277468770499,1.157070191058108,0.2870800865764799,2.227027449924636,0.42671475219102706,0.0064953369387162185,18
20.072876020491908,2.2891914541457923,17.783684566346118,88.0,0.07591654757168054,662.9478076079276,True,True,True,True,,,,14.383561849594116,0.11453954519282702,0.11000779587273157,0.1048088238373096,0.10607819930353328,0.29912066090976364,0.6346495333264146,0.2591447964114655,3.8089987849868274,0.014637115744273316,0.007134439319630325,18
21.301112767122767,2.617386840628438,18.683725926494326,100.0,0.5996573287596154,504.08873886175223,True,True,True,True,,,,14.70317006111145,0.13038844362120758,0.1425042550361711,0.10141315673986984,0.1384046645438784,0.09644245004960615,0.7269180405439971,0.29229914596256984,2.2084031336665855,0.06754394970934544,0.0038412182871961384,18
21.339271670832627,2.738138379881669,18.60113329095096,92.0,0.07263969678862714,598.9683927831477,True,True,True,True,,,,14.423294067382812,0.11363321830701316,0.10412540111409743,0.10250221269743914,0.1350368975099183,0.07164917395520284,0.8831523281177049,0.26504244474541416,3.499011649431353,0.2771459068309565,0.006073989293086181,18
21.92240169601657,2.843701080232249,19.078700615784324,100.0,0.6146116482556645,493.25483984058104,True,True,True,True,,,,14.325259923934937,0.12023536874481633,0.1305150813395875,0.10005254632637736,0.15889279154271044,0.059713317500026966,0.5438312069072356,0.28864200711322524,2.244069121251241,0.07258071582810093,0.011082427552508817,18
20.550458196505932,2.397438315346501,18.15301988115943,96.0,0.27970140992744386,580.6100690261893,True,True,True,True,,,,14.480278968811035,0.1541741849324292,0.13842604598727515,0.10270975931121706,0.1057040343329675,0.20898281776443323,0.26844199834770427,0.13377945919554665,3.178058051506778,0.02387391173570058,0.009800992766799346,18
20.952337766057084,2.6280621865186835,18.3242755795384,84.0,0.16050237867878064,574.2676693449372,True,True,True,True,,,,14.443163871765137,0.12010478676206501,0.12108223972962145,0.1010532305892244,0.10520220936443309,0.09385345100264203,0.5507553203961845,0.22956568566802454,1.1546346199967972,0.09234993038914895,0.007071113850384231,18
20.249405687615866,2.313915625275154,17.935490062340715,84.0,0.10206934326796498,631.4044406669863,True,True,True,True,,,,14.479056119918823,0.11202738564478813,0.12531389734628737,0.10517175075749823,0.10479593659997431,0.24707564469571172,0.7133284458376817,0.222888130984057,3.056501057953033,0.08251262323917663,0.00974584275435074,18
22.07063805512212,2.9162591570260794,19.15437889809604,100.0,0.19595948064469337,549.3379568931504,True,True,True,True,,,,14.289659261703491,0.17870691500242739,0.10444078782943157,0.10016952969838347,0.15726789662213422,0.05732806504927443,0.9398272613066404,0.16012218315641868,3.8620839744257207,0.08288452730079522,0.00719268708082546,18
20.756264702642028,2.397477840869252,18.358786861772778,96.0,0.05940394488001166,640.9603500834501,True,True,True,True,,,,14.516103982925415,0.11141572248541044,0.13116773290982778,0.10622873201785721,0.13937415090351327,0.17008310163221302,0.61186999030662,0.29371578788731445,3.9794385663797622,0.559969670811094,0.003835508691729858,18
20.545647370577242,2.3478551991983596,18.197792171378882,96.0,0.19791448947391554,592.1709231201548,True,True,True,True,,,,14.349361896514893,0.11167094694489602,0.13582707482436063,0.10028141262069766,0.13919471319579563,0.2096629208316123,0.8924478466254475,0.1593202476898919,3.4935991703096523,0.10672784720582695,0.0075428156475430014,18
21.946597671441033,2.8060413280036833,19.140556343437346,100.0,0.139522717629927,574.5648020104061,True,True,True,True,,,,14.14309811592102,0.1365131760384009,0.16963665718150286,0.10280419639783142,0.13875701716297134,0.06657127923498521,0.6025797251756264,0.24653540854535494,1.8339132483542753,0.4650178188651882,0.0037843867256286533,18
21.117855783910667,2.492776126798166,18.625079657112504,96.0,0.0716280259278405,614.7019859415853,True,True,True,True,,,,14.689096927642822,0.10621910167357407,0.12555144274118984,0.1637536245808266,0.10435366740743973,0.12039166285209614,0.5386657836735221,0.26694563879170874,3.0400837206199256,0.5050992504845553,0.009682190382860494,18
20.089764222638948,2.0401071007299296,18.049657121909018,96.0,0.687153658293049,590.2937602491884,True,True,True,True,,,,14.805232286453247,0.11191661205924952,0.15996989683512275,0.12385792912251682,0.1214428972883891,0.2616579227542881,1.5918783441265738,0.27265394093947753,2.1401849185451116,0.2027970875711286,0.006841879731127874,18
20.632806967697366,2.3497710082159613,18.283035959481403,96.0,0.26940561073845654,580.4610726773044,True,True,True,True,,,,14.669239044189453,0.11512853734494784,0.12475264250848235,0.10611786157592046,0.14382749454138272,0.204760636188639,0.9082469561889244,0.1363354156645757,3.0486048838414193,0.4802498973028716,0.009896453802727141,18
20.643789430960304,2.3448796146347664,18.298909816325537,100.0,0.6141529381133896,550.7418314018657,True,True,True,True,,,,14.63429307937622,0.15092310426978592,0.14449787172261114,0.10012554478327435,0.13836046673178193,0.2589072038279223,0.8302792147661484,0.28875216740981036,2.148487390713754,0.4846938158594895,0.0033850056304416424,18
19.804103811352224,2.0741449236783844,17.729958887673842,88.0,0.5918938697239009,589.3262343557633,True,True,True,True,,,,14.617948770523071,0.13893230762639155,0.10443200075603618,0.10137947343652617,0.1357726533953128,0.264237307611803,1.0495559574779896,0.2942529791712081,2.1490899186947314,0.5214030219475523,0.010604886840525383,18
20.70493299313758,2.5258657557389617,18.179067237398616,92.0,0.12338574968401345,594.3300011285315,True,True,True,True,,,,14.93305492401123,0.11636132147642521,0.12531407364069597,0.10364502731629474,0.10115136670287822,0.11938937179890986,0.5588417600372049,0.2624762705109569,1.1141841706663176,0.5003414610001755,0.009811863143894914,18
21.51331934801959,2.6018022036510784,18.91151714436851,96.0,0.18437761550119788,569.3716557057303,True,True,True,True,,,,14.919466018676758,0.11130773333892643,0.12569117425852128,0.10307749281031642,0.192983229701179,0.09288493463399765,0.3874189988622174,0.2139361191858087,1.2238890279519397,0.2057253871105024,0.007433057614074399,18
21.838108596983925,2.895395114622655,18.94271348236127,100.0,0.711122512365724,492.2209477621488,True,True,True,True,,,,14.765132188796997,0.16184544277060361,0.13854370827927143,0.10074541745584902,0.10873244172957255,0.06000257326689963,0.27068729437857036,0.26792441397434613,2.2001130973812835,0.06311689302782905,0.005028427262396774,18
22.132009571544593,2.9614852035855947,19.170524367959,100.0,0.14705897388691316,566.5045354602432,True,True,True,True,,,,15.344935894012451,0.12073979384240902,0.1297004779927125,0.10008839160931363,0.14975246379432106,0.05027855754263662,0.9123418345110235,0.24001762239941324,1.6349550071067886,0.10936520618989069,0.009702010470043909,19
22.027068984219724,2.7505807991190254,19.2764881851007,100.0,0.11235678207833279,575.5291639013535,True,True,True,True,,,,14.576879262924194,0.11424827869019112,0.12534786412251975,0.16736857210925837,0.13749316471419143,0.06690772830770836,0.8980187779117161,0.21227170750140748,3.5015182533137583,0.20821959162851553,0.007430488883278491,19
21.730621378392314,2.7537157123212634,18.976905666071048,96.0,0.1910771839638246,552.3876391596399,True,True,True,True,,,,14.48123288154602,0.1141486479094632,0.10443359615825772,0.14210056923453818,0.13617248835760312,0.06753140142114276,0.8980187779117161,0.16217882352237925,3.2361292145469163,0.08244539684397927,0.00605057357790126,19
21.496436410547055,2.5654104374417828,18.93102597310527,100.0,0.0951593814590462,603.8139725577117,True,True,True,True,,,,14.840911865234375,0.10557286695061986,0.11113926986975856,0.10540196124280028,0.21614692428924612,0.09835235428356057,0.6468690200445051,0.2997179736793693,1.3328199630093513,0.5000497139668012,0.010594831605385513,19
22.02261042897654,2.9131025486120197,19.10950788036452,96.0,0.05944704682682231,607.7600114019676,True,True,True,True,,,,14.55917501449585,0.13495066928590096,0.1107172973054214,0.10400615399595411,0.15792277574988445,0.05451955685525059,0.47202866290311685,0.29360689558830605,3.799315881831053,0.1346009220351804,0.010502389899648343,19
22.091694720692114,2.864260298319681,19.22743442237243,100.0,0.21949934826070253,545.8692317488657,True,True,True,True,,,,15.40858793258667,0.1365131760384009,0.13847771045503343,0.10972106030705159,0.15702916381077167,0.059118920963463883,0.4076533157355751,0.15119690596325766,3.2241779812626254,0.38516350866337756,0.008021670970361883,19
19.13335079227763,1.9801806446077406,17.15317014766989,84.0,0.2498247077974016,689.3739180891472,True,True,True,True,,,,15.597294807434082,0.10076853915606104,0.10890361177121186,0.10473638539346973,0.10556908871247342,0.2649651246950052,2.4054993307575776,0.141628906750235,3.996524727666022,0.006291239117095932,0.006806248257276529,19
22.128553886052114,2.961203388145396,19.167350497906718,100.0,0.08848284913946722,582.2036761412551,True,True,True,True,,,,15.354528903961182,0.12023918695591193,0.1297004779927125,0.10008839160931363,0.14952416429649945,0.05027855754263662,0.4582447437305553,0.2396896813397825,3.9358089857245493,0.09711345725982115,0.011047274126191754,19
19.99562854795646,2.037777572691741,17.95785097526472,96.0,0.08299761061054597,723.2492476741803,True,True,True,True,,,,14.953107833862305,0.10568839575103452,0.14058335658776422,0.10760046004914846,0.1572614805193869,0.2788496553263617,1.1261203629649168,0.2650610787566234,0.9488411846383603,0.14757848049112,0.006018337215439503,19
21.48807314958686,2.680144059154493,18.807929090432367,96.0,0.1595438682909077,576.2393473287415,True,True,True,True,,,,14.861961126327515,0.19039936640685093,0.12108223972962145,0.1010532305892244,0.1424179944076563,0.09385345100264203,0.5283091224721641,0.23026636950738638,1.1729416817684326,0.09950270910359552,0.007071113850384231,19
20.173319543297477,2.2996330065672983,17.87368653673018,88.0,0.6315896839049423,548.121470854275,True,True,True,True,,,,14.9582359790802,0.1043621061025401,0.11118415785434393,0.10104064133690972,0.12642932900811032,0.2514285306126084,0.6377675145694018,0.28465074029106774,2.2747883629600936,0.18103022090439413,0.00968411957958263,19
21.126913777887122,2.594163931458105,18.532749846429017,96.0,0.9774897182507234,500.06594027820637,True,True,True,True,,,,14.849581718444824,0.10569229771914286,0.13009104029662102,0.10753062202585173,0.13424797610100608,0.09648743807782187,0.5326720103580155,0.22783602999953106,2.150899871830885,0.5374406181380835,0.007025105558460051,19
20.56495615465674,2.368781325264309,18.196174829392433,96.0,0.05965078180758618,651.489604943001,True,True,True,True,,,,14.935575723648071,0.13893230762639155,0.10418606173552733,0.10007700809990909,0.15221848357958093,0.20718122668877995,0.19170862690270327,0.29309380422424947,3.91718494618653,0.4478186048930881,0.010604835640709588,19
21.904782761008995,2.843035087577461,19.061747673431533,96.0,0.5934289144498239,494.7002097718208,True,True,True,True,,,,14.472419023513794,0.15227492754520353,0.11841288679268988,0.1012008516850402,0.1567474546441647,0.06253613079631393,0.8302925388642336,0.2938635687929767,2.148487390713754,0.4846938158594895,0.004758900293466858,19
19.514428429960148,2.0173335330568203,17.497094896903327,88.0,0.057166117892668546,755.5088721872266,True,True,True,True,,,,14.690305233001709,0.16922117856668764,0.10683724935603188,0.11057846673140385,0.10426209299944453,0.19645536193753144,2.9103425385594566,0.29954010236380313,3.199454537769456,0.4726002823789195,0.010090842116359185,19
20.938605643111284,2.6333289003447993,18.305276742766484,84.0,0.49560529124405095,531.8446684500826,True,True,True,True,,,,14.657957792282104,0.13038844362120758,0.1191590228573865,0.10023567632803947,0.10048576136208212,0.09497465658947554,0.7233107828729437,0.10029217950059363,3.4411718206807564,0.4938399387982634,0.007075943375597824,19
20.82510625945774,2.3834703567371105,18.44163590272063,100.0,0.5806845785408927,534.5586006040622,True,True,True,True,,,,14.60011911392212,0.1388757679263787,0.14210244125210564,0.10132638179958892,0.15243786729969783,0.2007759158446759,0.327649883079707,0.297143914861955,2.127637410492238,0.05593965379460447,0.006863562649555795,19
19.531159842441216,2.0572169775101483,17.47394286493107,84.0,0.07591654757168054,696.3163794954903,True,True,True,True,,,,14.581678628921509,0.11453954519282702,0.10962093480241786,0.1048088238373096,0.10607819930353328,0.29912066090976364,1.9170699908495006,0.2591447964114655,3.8089987849868274,0.014637115744273316,0.007134439319630325,19
20.573891328869102,2.5114868911640857,18.06240443770502,88.0,0.3210342475655497,557.0023835036742,True,True,True,True,,,,14.583100318908691,0.11946402795474834,0.11104871666451208,0.1002919974712535,0.10054668385306857,0.12442954422799442,0.11763926214420325,0.16149912843827324,1.5231159131072407,0.08515272163967058,0.010980436348528456,19
21.206801350426336,2.5182466370173455,18.68855471340899,100.0,0.16710011680578146,586.8725887381221,True,True,True,True,,,,15.993250846862793,0.22490714156407995,0.12967835582624368,0.10072348028078208,0.1436977447946166,0.16555701339607015,0.5327899794275425,0.17356693881858476,3.387591705694581,0.08382587270788874,0.004442102539101116,19
20.071728898590443,2.298892385481387,17.772836513109056,92.0,0.2498247077974016,600.1725973885071,True,True,True,True,,,,14.998328685760498,0.10076853915606104,0.11000779587273157,0.10475646648422796,0.10556908871247342,0.2649651246950052,0.6389302254152273,0.141628906750235,3.981008480201581,0.006291239117095932,0.006873617423215452,19
20.930925073694723,2.420630312021034,18.510294761673688,100.0,0.06166488094011476,640.4112776831371,True,True,True,True,,,,15.054523229598999,0.15344722189100507,0.12145431077421326,0.11777766488048633,0.13902396400417313,0.17540986597812697,0.9690496691764603,0.2881610912685,3.1066213399538256,0.5357126698953398,0.011156788047607684,19
20.71295211061145,2.4501022911491526,18.2628498194623,96.0,0.19836279886227018,574.8745475103757,True,True,True,True,,,,15.166799068450928,0.13376127444035232,0.10443359615825772,0.10015838312141473,0.14367190979590613,0.1505284104341397,0.8965922497345521,0.1591380406523715,3.4935991703096523,0.06603223980148357,0.007349024481533521,19
20.29133089244837,2.065028428953579,18.22630246349479,100.0,0.28910008637307155,639.7380129767492,True,True,True,True,,,,14.884464025497437,0.1907719889333749,0.16461708502030767,0.10037508615044072,0.13503316891862457,0.2595391256883526,1.813680527302408,0.13156732066197463,3.120830279972176,0.19356494573559277,0.0110471912612318,19
21.649242643604452,2.8433554359342956,18.805887207670157,88.0,0.7036010195512516,491.1186438486263,True,True,True,True,,,,14.587057828903198,0.10803886091303182,0.109206799554962,0.10014635559266431,0.14076633738294225,0.05926050185642112,0.5317015237671261,0.2693821426439547,2.1132523358365165,0.07549195352526668,0.004743577651880682,19
21.017981378820267,2.6505666461587203,18.367414732661548,88.0,0.4199933164134561,533.8535387788095,True,True,True,True,,,,14.452687978744507,0.12197291366026108,0.12467439855601059,0.10132540549361435,0.10147158277314608,0.08855446883265074,0.8324904174194576,0.10900036055399409,3.121145733796455,0.4323678889939308,0.004703143637410449,19
21.80593827127428,2.9086701309157665,18.897268140358513,96.0,0.35298463950674025,530.5716649920819,True,True,True,True,,,,14.315450191497803,0.16336374933831985,0.12581407397596703,0.10574236825708001,0.10534508562569456,0.05887449399826146,0.8750163825254375,0.11896984452977576,3.666420270135977,0.5855919238012832,0.011155825877824987,19
20.735212277342,2.4769972590268137,18.258215018315187,88.0,0.26450799337316144,560.2958692135726,True,True,True,True,,,,14.533604860305786,0.11584127293123404,0.12694140685498806,0.11245880729706091,0.10293522430723465,0.13461211410442683,0.5262506858395988,0.13760371351005507,3.4316199258437003,0.011487131761279773,0.010214391618711821,19
21.304502492690702,2.718347201632807,18.586155291057896,88.0,0.8788493912423747,494.5157830872332,True,True,True,True,,,,14.319737911224365,0.11114899309052079,0.1420492078300738,0.1010366042489432,0.10835368613793347,0.07594742701127341,0.9856698400297035,0.24051035162414866,2.3386655602027226,0.02707588247966014,0.011211757998599498,19
20.631028543182484,2.380779974142396,18.25024856904009,96.0,0.19829017205829796,591.7848914981668,True,True,True,True,,,,14.631805896759033,0.15355998072563704,0.10443359615825772,0.10748575230884355,0.13617248835760312,0.20824492328524824,0.8909316526523425,0.15916751616089922,3.4907819377777995,0.5379959529563434,0.007352548670091635,19
21.32602146492457,2.6520194947473805,18.67400197017719,96.0,0.057498844848650275,621.4729562921285,True,True,True,True,,,,14.498008966445923,0.1527544067044795,0.13455108436936286,0.10013941859424697,0.13045716131830984,0.09364663339722484,0.9111012294593975,0.2986523238505212,3.2174358123584432,0.03848837743947672,0.007994150214937296,19
22.04100495714373,2.908397193358862,19.132607763784865,96.0,0.2854558890296464,536.9093744502501,True,True,True,True,,,,14.27398681640625,0.17357593916909012,0.10444078782943157,0.10017826465642847,0.15726789662213422,0.057654113427006645,0.9639960831048154,0.13241197260796966,3.972380078408716,0.07922024729846289,0.011168847310884097,19
21.902590178282146,2.787237383943751,19.115352794338392,100.0,0.05726733016796051,613.3086417079888,True,True,True,True,,,,14.301783084869385,0.12496886937116941,0.10443359615825772,0.14293680094399655,0.14496048405329726,0.06433755161204806,0.13089543836469547,0.29926921760313663,3.974698875278804,0.2760907728181355,0.00797580099778041,19
20.34049230856969,2.3089893128057213,18.03150299576397,96.0,0.5794830425580306,553.07331455953,True,True,True,True,,,,14.259895086288452,0.11125488191895114,0.12427903488849881,0.10090216513742002,0.13917523541327784,0.26574190025583133,0.5112097237964877,0.2974588413495782,2.117394464153252,0.024840775155610572,0.011213676389757274,19
20.136889956676075,2.3524973724211056,17.78439258425497,84.0,0.06098701081629414,648.5438071895505,True,True,True,True,,,,14.246124029159546,0.10741989636011665,0.10963412224611407,0.10024254280290504,0.10095000701211249,0.20391815174620814,0.9135228703712204,0.2897935441327648,3.1233325351803285,0.08246836893994004,0.006940651283528782,19
20.92571876544328,2.3710049931914745,18.554713772251805,100.0,0.1540984772012998,600.5541427854579,True,True,True,True,,,,14.26250696182251,0.11567045847378671,0.18732409887416857,0.10112576402268503,0.14252285019412178,0.20391527314682636,0.4360425749469715,0.18083650343124263,3.2893220833222183,0.5181672235617859,0.010849402039575632,19
20.13816689235718,2.315386532993515,17.822780359363662,88.0,0.4143498684760436,594.1286015650087,True,True,True,True,,,,13.827491760253906,0.1249669862633655,0.10986660899893358,0.10469091505484425,0.10264766639044047,0.27569908124965736,0.6346495333264146,0.1419539537117773,1.5516582749963495,0.01831058877530381,0.0075917520851465775,19
20.360788589928077,2.315349230475031,18.04543935945305,96.0,0.4201070453136039,580.2885199177861,True,True,True,True,,,,13.836445808410645,0.10887983490741379,0.14202123279446582,0.1016639463769141,0.12069104935309391,0.24664724412603795,0.9584889642476069,0.10898550993838811,3.2233749597931562,0.07627682044371174,0.0041060734606276645,19
20.30806883134128,2.3430122873321717,17.96505654400911,88.0,0.19836279886227018,591.5002950599677,True,True,True,True,,,,13.908326148986816,0.11134936139073173,0.1014713862357264,0.10028141262069766,0.13470840166255715,0.20849422873634865,0.907912741328349,0.1591380406523715,3.4935991703096523,0.412947817304648,0.0075428156475430014,19
19.855330056125393,1.9162093445124395,17.93912071161295,100.0,0.14146773439588647,750.0977885956759,True,True,True,True,,,,13.580474138259888,0.14581248927791113,0.1889987520167442,0.1036312110974577,0.14263284415707284,0.28287487430340913,2.4462742071445835,0.18884757899603616,3.120830279972176,0.5243448195880127,0.011088521286274506,19
21.777062430532983,2.8547468743016653,18.922315556231315,92.0,0.5648295994646919,523.8502456888712,True,True,True,True,,,,13.044139862060547,0.13499915364037765,0.10961963609357502,0.10362706532174765,0.1435184413023472,0.06014139273777826,0.7093565521136602,0.12140829494132306,1.3894187314842326,0.5035752919726184,0.01072407927836412,19
22.088553483743823,2.9667741216970356,19.121779362046787,92.0,0.8809655602846734,488.0220054480071,True,True,True,True,,,,13.047643899917603,0.1429061641741688,0.11075904163826272,0.10014724003746187,0.14952416429649945,0.051074559775099754,0.4910494051398314,0.240216010547534,2.6773877744161423,0.06827268267185024,0.01102751544268974,19
20.991126352515742,2.581998437639314,18.40912791487643,92.0,0.6543827575261622,503.13772183135745,True,True,True,True,,,,13.149065971374512,0.10563002467134115,0.11065955567903507,0.10567699961272024,0.1360447134646044,0.0984730227861733,0.6690014357368674,0.2795421941625207,2.193395177522929,0.5247969688345884,0.005020512682460983,19
20.44148965270419,2.4089818979369038,18.032507754767284,84.0,0.05740544840732613,645.0814723266658,True,True,True,True,,,,13.173113822937012,0.12848917619743733,0.12571441200586306,0.10055906599733164,0.10351164517908323,0.17719953266427307,0.13156454570460718,0.29890073189556843,3.456573782988267,0.5958954547146769,0.011197204723846305,19
19.633710091038594,1.9345903912897529,17.69911969974884,92.0,0.059463053963651105,776.7273783980372,True,True,True,True,,,,13.199727058410645,0.12496169017476459,0.13467443637890023,0.10272377981722662,0.15224052839193236,0.2613686371769674,2.870558878239889,0.2935664859365646,3.152007524497149,0.44377944703334804,0.008039763738658343,19
21.247717379930048,2.661771839824784,18.585945540105264,92.0,0.7495434522442698,498.1822925455307,True,True,True,True,,,,12.883938074111938,0.12314007058990356,0.10864096109054729,0.10379009323421304,0.14103023754294605,0.08393570025945488,0.28523526173663094,0.26082831334988427,2.9352491743273594,0.2656365591392762,0.006922966779425013,19
21.744868994544046,2.72884331608026,19.016025678463784,100.0,0.1413014226183436,575.4311659085023,True,True,True,True,,,,13.265213012695312,0.12549421814835135,0.1254384615750357,0.10335569952927014,0.17518113747010708,0.07286031401966592,0.661080762696266,0.24494958098342806,1.0889110337211403,0.0902798646111374,0.006853768818072794,19
22.200429144169878,2.962792546508793,19.237636597661087,96.0,0.057260681372744406,609.1811809035712,True,True,True,True,,,,12.983569860458374,0.12023918695591193,0.1419423693487767,0.10384302638724024,0.1465924627014889,0.05027855754263662,0.541437873876066,0.2992869900712043,3.1123133306308817,0.09791181050651454,0.0069861781146861425,19
20.288761280139145,2.3367624482267546,17.951998831912388,96.0,0.20707300459528818,608.9288994285317,True,True,True,True,,,,13.173611164093018,0.13410107366402907,0.14179333086564724,0.10021736137054306,0.10183269326806596,0.27301430970686386,0.1299605750340218,0.15571721487959705,3.2615029921031757,0.09563106955547754,0.011082623460077299,19
20.306448397375526,2.192132023414802,18.114316373960722,96.0,0.6214705917858582,555.0834191991528,True,True,True,True,,,,13.21596074104309,0.1276039918466637,0.12341701477538192,0.1039012230641476,0.14254388910052448,0.14263327017099364,1.0484402599471487,0.2870096049860931,2.2272485823614936,0.060966751879172124,0.011045958922027118,19
20.71626590096553,2.5051305806884137,18.211135320277116,88.0,0.06285898753638673,622.0811968895541,True,True,True,True,,,,13.132637739181519,0.10621910167357407,0.11198860524197646,0.11509242272350109,0.10259725409478235,0.12039166285209614,0.6721609017099693,0.2853508696792778,3.0400837206199256,0.4932483902875008,0.009682190382860494,19
20.534178747613044,2.340633842796099,18.193544904816942,92.0,0.3607947439627247,571.5880827146601,True,True,True,True,,,,13.20710301399231,0.10642902279783778,0.10953801490095874,0.10024254280290504,0.16278017927658095,0.20328588051677707,0.9135228703712204,0.11766544310960864,3.251936157095239,0.08251072064432292,0.007091237960573565,19
21.920321131297072,2.9199979587258813,19.00032317257119,88.0,0.6301986457339578,491.18743122895313,True,True,True,True,,,,13.085777282714844,0.13606775766114204,0.1108515149802228,0.1010140765051729,0.14261604289981725,0.05449916713500824,0.5321814722471114,0.2849715847073284,2.2017067275374265,0.19669193961209835,0.011080876566466655,19
22.120638074350595,2.934203614078405,19.186434460272192,100.0,0.8970776552746152,489.01737591542064,True,True,True,True,,,,12.984626770019531,0.1429061641741688,0.1297004779927125,0.1000936936144863,0.14993391577363877,0.053653277225875776,0.67567445713245,0.23800964041685108,2.6773877744161423,0.08813134873678663,0.011132273284108573,19
21.85250196327493,2.8466435894885027,19.005858373786424,96.0,0.05895119027181961,608.7526896101923,True,True,True,True,,,,12.929633140563965,0.10557286695061986,0.11113926986975856,0.11579716954772044,0.14394844465485315,0.05803217891622231,0.962585118863323,0.29486693795758356,3.8572043213015865,0.4984252086964417,0.010594831605385513,19
22.59037976836747,2.904456984421965,19.685922783945504,100.0,0.08245836886241598,588.1813013859233,True,True,True,True,,,,13.068564176559448,0.12293830610555655,0.13312770677800181,0.17362178772821857,0.14952416429649945,0.052043017025992774,0.6810760495255689,0.2484540041926942,3.927714766521538,0.18007514027025023,0.011047274126191754,19
19.589726810307717,1.940201201214455,17.649525609093264,88.0,0.5807346750023985,664.1720829554567,True,True,True,True,,,,13.292184114456177,0.12565711955687106,0.1347567815008262,0.10102106930980928,0.1489878664565259,0.2749192468283964,2.7770582908684722,0.2971308059689837,2.1661525571227735,0.17691428138802043,0.00795232665737331,19
19.91673851215181,1.9603664916498502,17.95637202050196,96.0,0.05931905925432038,779.8093767612033,True,True,True,True,,,,13.281925916671753,0.18895297526035573,0.15575698758059103,0.1036048863244982,0.13378375294055225,0.22044461823139294,2.450811724198009,0.2939305942024435,3.2527420276730137,0.04883020694828593,0.011213026424933301,19
20.00447000206328,2.056750347457711,17.947719654605567,100.0,0.591453915303988,595.3752381868247,True,True,True,True,,,,13.648077726364136,0.13893230762639155,0.14422317662560263,0.10137947343652617,0.1382822995831021,0.2737195245533428,1.0495559574779896,0.29436487052044613,2.149100041605946,0.5465135083685972,0.010604886840525383,19
20.462161688661574,2.3977942975718407,18.064367391089732,88.0,0.0596007231375791,640.1152943200987,True,True,True,True,,,,13.66912317276001,0.1040455302809597,0.1252700374429423,0.10612960952744799,0.10381231692617882,0.16955524894397975,0.3075545791480734,0.29321962574553406,3.3490909636906414,0.5793638770196118,0.01106659402925416,19
20.545092992397667,2.342650667277413,18.202442325120252,92.0,0.41506164722539074,568.3067646578122,True,True,True,True,,,,13.658442974090576,0.1044361575669861,0.1254127070125492,0.10153319993779472,0.15029824533339586,0.20429885751292373,0.8821172571245498,0.1096502303709956,3.259384257593593,0.47567981491270483,0.011057324822619872,19
20.040465169442076,2.0482633820100924,17.992201787431984,100.0,0.3780251976559618,632.2045059324373,True,True,True,True,,,,13.73046088218689,0.12558436556761404,0.16461708502030767,0.10038038815465275,0.1361444813700785,0.2768909445939689,1.813680527302408,0.11493297667796348,3.123346537856194,0.19848182255750133,0.011534649665102424,19
22.007536042825745,2.889179038401023,19.118357004424723,96.0,0.19595948064469337,550.058656709026,True,True,True,True,,,,13.655678033828735,0.17870691500242739,0.10444078782943157,0.10016952969838347,0.15726789662213422,0.05985021971840121,0.9383008088116856,0.16012218315641868,3.8620839744257207,0.0825159063051446,0.00719268708082546,19
21.07121893184238,2.6617358645094575,18.40948306733292,96.0,0.4199933164134561,534.1297347483115,True,True,True,True,,,,14.352227210998535,0.1353743497411159,0.12502166023468858,0.10132540549361435,0.10096943278127223,0.08876143121758595,0.8324904174194576,0.10900036055399409,3.119115360866913,0.4323678889939308,0.004703143637410449,20
19.222793832336613,1.96392333738337,17.258870494953243,84.0,0.19981729759028374,701.2735160180143,True,True,True,True,,,,13.834891080856323,0.11124089615421173,0.1071475247179923,0.12110256569197646,0.10452772743990224,0.2621193682260173,2.370685955330833,0.1585511507298501,3.3881085138908476,0.08774369534338444,0.01023649258733969,20
20.827902625591662,2.4126447659839028,18.41525785960776,100.0,0.3667466382663797,567.2583635373337,True,True,True,True,,,,13.852482080459595,0.151336579568074,0.14265364403774516,0.10028566579081942,0.13848662736162612,0.1884015252783275,0.9986501645616378,0.11669967965064063,3.2257361907500064,0.0741330649589632,0.006954038895166333,20
19.600279590687936,1.9828302466232792,17.617449344064656,92.0,0.3041073191454851,695.5087033936574,True,True,True,True,,,,13.692748069763184,0.18891236741372228,0.12089672380779458,0.12040328457666497,0.1046382932416258,0.2214227985299248,2.4953019161048244,0.1282515980458449,3.120830279972176,0.25325320840554344,0.011614533135833457,20
19.533795362445836,2.05783542872738,17.47595993371846,88.0,0.07591654757168054,696.0146386001678,True,True,True,True,,,,13.46275520324707,0.1147183220131031,0.10966480914354515,0.1048088238373096,0.10607819930353328,0.2980387275788838,1.9170699908495006,0.2591447964114655,3.8089987849868274,0.014637115744273316,0.007105939755557941,20
21.68191476784589,2.8686112148681313,18.81330355297776,96.0,0.6146116482556645,492.49135688996535,True,True,True,True,,,,13.22738528251648,0.12023540216152133,0.14639672071537826,0.100014372695751,0.10329619152056875,0.059639977129472284,0.5438312069072356,0.28864200711322524,2.244069121251241,0.06512792951101229,0.011082427552508817,20
21.692621612960973,2.9034731365545285,18.789148476406446,92.0,0.211220088663648,544.0223932793522,True,True,True,True,,,,13.219738006591797,0.10891245135713336,0.10443359615825772,0.10015838312141473,0.13044368727445596,0.054533390346586996,0.46285490183877176,0.15416398571893203,3.4935991703096523,0.4323747664065787,0.007507661984154442,20
20.44578679872681,2.4600873107440644,17.985699487982746,92.0,0.19836279886227018,574.4060116666842,True,True,True,True,,,,13.382308959960938,0.13376127444035232,0.10443359615825772,0.10015785495224588,0.10171282669524644,0.1505284104341397,0.9501981319399713,0.1591380406523715,3.4934332710643186,0.06603223980148357,0.011027638513967111,20
20.54663046469221,2.316966914396882,18.229663550295328,100.0,0.5961145996702153,555.070069658647,True,True,True,True,,,,13.40237808227539,0.12565711955687106,0.13150374434673126,0.10014943901593948,0.15674214194017738,0.2732588701288501,0.06907428484028648,0.29318593970353823,2.1203342233496203,0.08110707471476158,0.007950432247974789,20
20.892903748282166,2.5201537893015398,18.372749958980624,96.0,0.16693184856346258,587.596814987449,True,True,True,True,,,,13.370891094207764,0.22470633285372443,0.1246713372907184,0.1005209520880792,0.1024903466549829,0.1695854584219476,0.8288402700643698,0.1736555114525314,3.251313766459628,0.07536687673181175,0.004868368369177072,20
21.079894336284667,2.6160186989736367,18.46387563731103,88.0,0.5130965408116376,532.8007487676377,True,True,True,True,,,,13.41835618019104,0.13019080048024775,0.14423520288918348,0.10397864429537072,0.10385475020479179,0.0992054049309808,0.6480017727788145,0.0985588122602957,3.1638732938385266,0.4553586483002415,0.009772684746147396,20
20.801522596026413,2.4887348613389384,18.312787734687472,96.0,0.06014143398082733,631.5885545894339,True,True,True,True,,,,13.450096130371094,0.15031917336939365,0.10549198265070386,0.1013925049196603,0.13576155162972955,0.14043206272551784,0.6620372222493667,0.29186901181272373,3.972074530901868,0.2782214810417727,0.01113219041914862,20
21.1251543873299,2.651380576501504,18.473773810828398,88.0,0.6053778238013802,499.4796271956427,True,True,True,True,,,,13.181204319000244,0.1040455302809597,0.1252700374429423,0.11055490177841558,0.10396067451145488,0.08467786959151957,0.3075545791480734,0.2908839402057844,2.9341689205270445,0.07899104147556399,0.010128696341667257,20
20.833371514081463,2.4003539105134486,18.43301760356801,96.0,0.08848284913946722,617.7527967390345,True,True,True,True,,,,13.646069049835205,0.12023918695591193,0.1297004779927125,0.10008839160931363,0.16308094522436317,0.17279027709851527,0.46131962714010527,0.2396896813397825,3.8073313849687724,0.09711345725982115,0.011047274126191754,20
20.70647605457513,2.389957716191274,18.316518338383855,100.0,0.8553479306341102,532.8183294506282,True,True,True,True,,,,13.637197017669678,0.15226466769662794,0.12603219162557683,0.1008151019131071,0.14271100278279863,0.20506592873071977,0.32760695175036514,0.24385321285184697,2.2681878831120175,0.5347455462079633,0.009639075645056913,20
22.11572699338827,2.94271365709866,19.17301333628961,100.0,0.3779854926288392,526.8392298669395,True,True,True,True,,,,13.53940200805664,0.12293830610555655,0.13294308664689694,0.10115901146868043,0.14952416429649945,0.05179425047698162,0.6808396772292303,0.11493905621648054,3.123727329673469,0.1808380098899468,0.011047274126191754,20
20.375774318219893,2.3329422412285354,18.04283207699136,92.0,0.19836279886227018,594.6592835367857,True,True,True,True,,,,13.749938249588013,0.11134936139073173,0.11181631242228585,0.10028806790853917,0.13998640080155944,0.21896697539959664,0.8951942347933672,0.1591380406523715,3.4935991703096523,0.4211771656975645,0.007531872220864664,20
20.566165649350335,2.301503248095617,18.264662401254718,100.0,0.3351256810326537,589.3044579324502,True,True,True,True,,,,13.793718099594116,0.10887983490741379,0.14202123279446582,0.10022028598999506,0.15700709835723745,0.25709152997490464,0.49129645441007697,0.12212328057156205,3.2181330704332574,0.08251072064432292,0.010796504816502673,20
20.13556539934623,2.3453842542142866,17.790181145131946,84.0,0.25031592586793144,581.9274373809874,True,True,True,True,,,,13.810441970825195,0.10076853915606104,0.10963754460562915,0.10028896974072884,0.10513772673954325,0.20358010203575333,0.6389302254152273,0.1414885017144148,3.981008480201581,0.006291239117095932,0.006873617423215452,20
20.24583445625726,2.3054985608958107,17.94033589536145,92.0,0.06142696800061609,664.4299416319996,True,True,True,True,,,,13.936357021331787,0.11900205833110114,0.1054521427043208,0.10012554478327435,0.13609727227216328,0.2589072038279223,0.8302792147661484,0.2887309110313588,3.511815195192859,0.4848926315818715,0.007418627733088741,20
20.715538873674994,2.3793844913738638,18.33615438230113,92.0,0.5861535555127151,536.9195697777874,True,True,True,True,,,,13.745872020721436,0.11114899309052079,0.12539651264915394,0.10103726330398098,0.13917523541327784,0.0848982152902646,1.0013785392566639,0.29572291978026705,2.117394464153252,0.016508484437183224,0.011076381882328073,20
20.79040371454487,2.3846513980714286,18.40575231647344,96.0,0.085671745085628,629.254768664152,True,True,True,True,,,,13.95458197593689,0.1521313926227871,0.12539580778242726,0.10615982675646923,0.14271100278279863,0.20623703869406104,0.33338120857035536,0.2436626727181488,3.1407597441207784,0.45929057271233714,0.009773022130615294,20
21.972474192244135,2.8800794617067313,19.0923947305374,96.0,0.30452110145263395,535.9731343274026,True,True,True,True,,,,13.52598786354065,0.17724395557225314,0.10464968196366103,0.10023248188197983,0.1571554475401962,0.06079120692289476,0.2240695404622639,0.1281636888203586,3.1528791813391615,0.4528247851259415,0.007089483345349867,20
20.4471220028287,2.351739169427451,18.09538283340125,96.0,0.057644987339563566,670.5751883378595,True,True,True,True,,,,13.711223125457764,0.15178315246072444,0.1252700374429423,0.10008516517615215,0.1271438647949923,0.26504986944318265,0.3232550834556389,0.2982648569202013,3.1002544108728753,0.06951170736079132,0.011082240540943384,20
20.440732619221016,2.3762665168508565,18.06446610237016,96.0,0.11870924488069037,626.0471434468602,True,True,True,True,,,,13.720577955245972,0.1421354724956937,0.14244455551879315,0.1003275336615878,0.1002535278867382,0.21992424989053658,0.26805319460132293,0.2677016145004551,1.0099818930723212,0.08805445759102071,0.010980885751398608,20
19.74656784662737,2.075509313128255,17.671058533499117,88.0,0.3042473233124591,646.8139435689366,True,True,True,True,,,,13.774079084396362,0.12512367154986337,0.13878885617064027,0.10121993705797833,0.10302346952345465,0.26517439527362185,1.1423140077336618,0.13713266399118604,0.9898432044801035,0.4762562001136415,0.009809034889042001,20
21.82843414167717,2.9827169437447827,18.845717197932387,92.0,0.88696975628989,486.68733491797417,True,True,True,True,,,,13.466372966766357,0.12023716474356433,0.12504874676981761,0.10005254632637736,0.10329619152056875,0.05029176812580131,0.5438312069072356,0.23938669132298993,2.244069121251241,0.07258071582810093,0.011082427552508817,20
20.464188485274676,2.311795208212958,18.152393277061716,96.0,0.5754174813796131,558.1703491466862,True,True,True,True,,,,13.693228006362915,0.12483753412947524,0.13879394552232135,0.10258900036692652,0.12949221299683727,0.2830359728379458,0.2250110314672459,0.2985318559200909,2.314323268924527,0.43945818718326723,0.011248238434043198,20
20.566335808161796,2.3503984566758653,18.21593735148593,96.0,0.057196758025109505,669.3629958305899,True,True,True,True,,,,13.64081621170044,0.16913937406023638,0.10199208454053219,0.10925201934789075,0.13585082054399264,0.2589072038279223,0.8302792147661484,0.2994580199945878,3.1909036456669417,0.47217123287767465,0.010207519795137064,20
21.64132860587083,2.7591784970921442,18.882150108778685,96.0,0.6070592595863458,495.727589265809,True,True,True,True,,,,13.5033278465271,0.11021197916685498,0.14196709628972323,0.10008449702272748,0.14348914576028696,0.06881355471751287,0.2794104548112509,0.29047183171545604,2.6973213030574623,0.09595526091221318,0.011081784287646525,20
20.202602228132818,2.3181250715529553,17.884477156579862,88.0,0.19273580870010298,613.1090857875084,True,True,True,True,,,,13.633385181427002,0.11880654534982499,0.1420132935253763,0.10029211533372029,0.10054668385306857,0.2785473936141667,0.11763926214420325,0.1614713019978182,3.269576484711627,0.09587836976644726,0.010278745555008822,20
21.92166753716652,2.919692058102996,19.00197547906353,88.0,0.061861852205989484,604.7918109840748,True,True,True,True,,,,13.430660963058472,0.13528984512016023,0.11101737341750655,0.10404817430415421,0.140699533463901,0.05451955685525059,0.4776776217779777,0.28769185626297694,3.9427869965226376,0.1346009220351804,0.010147577040982928,20
19.782507377802823,1.9187576518852514,17.86374972591757,92.0,0.0572974910595268,796.3552600286142,True,True,True,True,,,,13.794735193252563,0.13637708292190273,0.10053836797420075,0.10377701355146737,0.21594942661057842,0.28982205718044535,2.6129997939819516,0.29918863590446243,3.176404534365881,0.007357460887403577,0.004821413667800767,20
20.569470525976165,2.3227534211704324,18.246717104805732,100.0,0.5946208436788872,553.4186280822929,True,True,True,True,,,,13.759169101715088,0.12489926211804425,0.13883727158874248,0.10059955609148671,0.15180122805264445,0.26744187704091227,0.9855490595826041,0.2935622562804088,2.1161065967955563,0.19404288977175735,0.010571934201697256,20
20.064129105615056,2.0611289207767123,18.003000184838346,100.0,0.17085442850674265,657.7318895115573,True,True,True,True,,,,13.778301000595093,0.15592448597403094,0.14422317662560263,0.10137947343652617,0.1382822995831021,0.2737195245533428,1.0495559574779896,0.17162522159960836,3.908934207518395,0.5465135083685972,0.010613129192482789,20
20.827911646669115,2.556044108603066,18.27186753806605,96.0,0.1939368789173361,566.3397583544129,True,True,True,True,,,,13.594889879226685,0.15401249560609848,0.10443359615825772,0.10748575230884355,0.1008028718309755,0.11906296588961557,0.7128602328400767,0.1609646851577503,3.4907819377777995,0.5379959529563434,0.007324818080487525,20
21.001467986252354,2.5061844083735267,18.495283577878826,96.0,0.5842433173167377,510.03782365821905,True,True,True,True,,,,13.580399990081787,0.10786807316520051,0.12078796413862786,0.11263338083511172,0.1381423085609255,0.11796065992358427,0.5653840078175679,0.2962169512677428,2.1862633702771253,0.018496970960501236,0.010548074103533572,20
20.878257341729448,2.5352232080519883,18.34303413367746,88.0,0.4930451171098576,538.8014859841649,True,True,True,True,,,,13.598551034927368,0.13379421243051953,0.10255819598625458,0.10015742820540874,0.1384046645438784,0.1171309093246792,0.7233107828729437,0.1005536470579535,3.2240659577817086,0.06642214871190141,0.00970199760596297,20
21.354366944046372,2.6240765176847325,18.730290426361638,100.0,0.3264674505074911,543.4967658318951,True,True,True,True,,,,13.61844801902771,0.13035364878004085,0.14516850263703795,0.10615072206136938,0.13787162588202612,0.09512901091381229,0.7285252147362427,0.12374507705255139,3.4325673026610684,0.03396226468994734,0.0038638972274037376,20
20.45112784393058,2.330449249745409,18.120678594185172,96.0,0.5935354516601803,552.3614634534467,True,True,True,True,,,,13.59289002418518,0.15092310426978592,0.10470734566311093,0.10352103121060738,0.13585082054399264,0.2638492798212665,0.8302792147661484,0.2938365993391242,2.3814474746286636,0.05990412383739749,0.011245282712976312,20
21.858982503608978,2.908973726340528,18.95000877726845,88.0,0.06016881530805899,606.2607490056818,True,True,True,True,,,,13.38634181022644,0.1189244346053003,0.1103700356267437,0.10400615399595411,0.14133842381190412,0.054312952114121196,0.4776776217779777,0.29180110938661274,3.8013462502444892,0.1346009220351804,0.010502389899648343,20
20.23880663880843,2.3697112595513548,17.869095379257075,88.0,0.19334492590738625,595.8077646345554,True,True,True,True,,,,13.567426919937134,0.1421310051730052,0.10898239398003472,0.10038592874398583,0.10054668385306857,0.21992424989053658,0.2934243339989752,0.16121377851374266,3.423014233224383,0.08805445759102071,0.0108814504588543,20
22.00466540427832,2.8264116924374916,19.178253711840828,100.0,0.4539513600917628,525.2194289980912,True,True,True,True,,,,13.719990015029907,0.12209378612341862,0.12528728884836154,0.11597581504816726,0.15726789662213422,0.0610026258288056,0.975310395079699,0.10481879890630352,3.0899568444361165,0.15131345031060794,0.0070962779355872125,20
21.710358767497468,2.751805328479655,18.958553439017813,100.0,0.0665721379584827,605.2589064957532,True,True,True,True,,,,13.60290813446045,0.12483753412947524,0.13879394552232135,0.101467156349143,0.15283776400504737,0.07085960707327318,0.8975308869281524,0.277107664726884,3.4857731867712456,0.4490171314579469,0.008049494532564686,20
20.03047300401009,1.9632061884223186,18.06726681558777,96.0,0.05866700215774704,774.6040740703579,True,True,True,True,,,,13.749860048294067,0.15264482337504048,0.10963412224611407,0.10024254280290504,0.21370678200727705,0.20391815174620814,2.718823946285043,0.2955964006979299,3.251936157095239,0.0712309026186544,0.006954038895166333,20
20.395156955936894,2.350935906541861,18.04422104939503,92.0,0.1540984772012998,599.9715239165756,True,True,True,True,,,,13.832679033279419,0.11567045847378671,0.10109448581926683,0.10112576402268503,0.14252285019412178,0.20391527314682636,0.4360425749469715,0.18083650343124263,3.2893220833222183,0.5181672235617859,0.01093461510331543,20
20.87201449814572,2.556496867795896,18.315517630349824,96.0,0.2632860586167385,556.2714519026197,True,True,True,True,,,,13.796334028244019,0.14957634166520567,0.12543561700801517,0.10399991687437309,0.10408248919459184,0.1191909541176086,0.1804981905502142,0.1379256939311453,3.4316199258437003,0.5555229851246957,0.011072369203742717,20
20.729853484450718,2.3835480232178012,18.346305461232916,100.0,0.12463238720827118,614.2895254885025,True,True,True,True,,,,13.763917922973633,0.12116179586341566,0.14226834798668886,0.10049350482374668,0.1437077680860366,0.18744681466210758,0.11344615665239544,0.2611338877787653,1.3810292780113473,0.020535742708640316,0.0107217925448158,20
20.938832982980575,2.426112428618164,18.51272055436241,100.0,0.057032987048778704,644.3704206659032,True,True,True,True,,,,13.689815044403076,0.1388757679263787,0.14210244125210564,0.10132638179958892,0.15291821116589266,0.1707432437688122,0.327649883079707,0.2998975284242596,3.9618195688261166,0.05593965379460447,0.006863562649555795,20
20.869860450641003,2.5940463725708676,18.275814078070137,84.0,0.29850792097402595,545.3817431768089,True,True,True,True,,,,13.77972412109375,0.10560725996229268,0.11136579774000599,0.10390344085954961,0.11517868388257715,0.09729306826344658,0.48907644053664545,0.12945925117907447,3.1320590858948485,0.09211212052191764,0.010595214232378187,20
20.55048909208318,2.4371053636824365,18.113383728400745,88.0,0.6106405627007544,517.7143225238681,True,True,True,True,,,,13.667645931243896,0.10742861751880829,0.11118415785434393,0.10104064133690972,0.12642932900811032,0.14690417682265547,0.6379151320382678,0.2895998436114094,2.2747883629600936,0.17960610134862964,0.00968411957958263,20
21.68374987142823,2.7803800141139243,18.903369857314303,100.0,0.06182844256861205,609.2093100035474,True,True,True,True,,,,13.548248052597046,0.13439259089458852,0.13038705569933057,0.10032681043834249,0.14382900479871094,0.06853119739601857,0.1299605750340218,0.2877712861274955,3.502947009351765,0.08251072064432292,0.007371218355336823,20
21.95831683651732,2.8108132085479633,19.147503627969357,100.0,0.139522717629927,574.4066115263465,True,True,True,True,,,,13.497814893722534,0.1365131760384009,0.16963665718150286,0.10280419639783142,0.13875701716297134,0.0660165345255622,0.6025797251756264,0.24653540854535494,1.8339132483542753,0.46454706023603143,0.00366912984698914,20
19.40188655389137,1.9569537113528228,17.44493284253855,88.0,0.1779865059327432,716.9817593744601,True,True,True,True,,,,13.786375045776367,0.15312544145148752,0.11844143290800058,0.11820872921142943,0.10900532184812661,0.2610281009159747,2.450166534548729,0.16810872575793687,3.4564681113934,0.27051446712658744,0.007597840981737249,20
20.479857027941677,2.380350236077855,18.09950679186382,96.0,0.0572974910595268,667.6762816372477,True,True,True,True,,,,13.73378610610962,0.18858727682395704,0.1000750013487443,0.10037722105595284,0.12725661712522446,0.2534648483065376,0.8141690810468943,0.29918863590446243,3.1132608329223213,0.4404499320592502,0.00709717190489719,20
20.33604422106984,2.309072728314383,18.026971492755457,92.0,0.06142202558353306,666.2544840589496,True,True,True,True,,,,13.738800764083862,0.11042303373228858,0.1255723463649561,0.10008516517615215,0.1383186080125796,0.26504986944318265,0.31293743332480717,0.28874278411292525,3.1002544108728753,0.08015816535776435,0.011082240540943384,20
21.623317315887896,2.7823513564082063,18.84096595947969,96.0,0.0572093073272702,615.6185100719366,True,True,True,True,,,,13.661383867263794,0.1687739021474097,0.10683724935603188,0.10615317448043628,0.13815522701956473,0.07196439057789841,0.7772547061689228,0.29942442078604714,3.342033154367268,0.48039130989258305,0.011479161899628203,20
19.988918466648613,2.3097449704076256,17.67917349624099,84.0,0.3541096506433993,593.0909602847036,True,True,True,True,,,,13.703894138336182,0.11555413071703863,0.1070857596294381,0.10062730405833965,0.10179689996416338,0.27565749356631003,0.6798561365943312,0.11877927626989856,3.2504061250082423,0.14955473009199582,0.007703722468578827,20
22.275657269583373,2.9862027218008906,19.289454547782483,100.0,0.22745869756272424,541.9874154476524,True,True,True,True,,,,13.473458051681519,0.15351747286629908,0.12567218710936318,0.1060781316079854,0.14953998508592797,0.050235434494744075,0.6078155337330253,0.14849982343096296,3.9362240836114815,0.03493421836170807,0.007261163300259498,20
20.528076619900183,2.397701755801861,18.13037486409832,96.0,0.3195391860798819,592.8880381751944,True,True,True,True,,,,13.800157070159912,0.1541741849324292,0.13797566963554883,0.10165786754699965,0.103647644359369,0.20898495231867523,0.26844199834770427,0.13377945919554665,0.678915045775236,0.016183676336052666,0.009788627913689478,20
20.74064192542231,2.381644757772297,18.358997167650013,100.0,0.7059092512612913,531.6655087241026,True,True,True,True,,,,13.841234922409058,0.1302493281146227,0.14305874695658996,0.10008445720102926,0.14348914576028696,0.1964589927888164,0.6574004002482787,0.2689322764940517,2.6973213030574623,0.10190776226629439,0.011047274126191754,20
21.32704499751633,2.6100542510922784,18.716990746424052,96.0,0.16072861897799315,575.1583602849531,True,True,True,True,,,,13.83303713798523,0.12010478676206501,0.12108223972962145,0.1010532305892244,0.16537286672730483,0.09385345100264203,0.5507553203961845,0.22940122687866277,1.1671423941569867,0.09234993038914895,0.0070521588826496645,20
20.588323840465485,2.363742818472826,18.22458102199266,100.0,0.09838112236510561,650.8076794665382,True,True,True,True,,,,13.962133169174194,0.12549421814835135,0.12529855091383585,0.10306699829988711,0.14160815389183784,0.2051375789193445,0.6847309007187325,0.2430546770111405,0.9605368078958669,0.538161339721497,0.003908886914779091,20
20.556399830094318,2.394963456478973,18.161436373615345,92.0,0.6315896839049423,524.2311105714217,True,True,True,True,,,,15.727795124053955,0.10993025587397157,0.11118415785434393,0.10771511518474254,0.12642932900811032,0.16971613488001244,0.6379151320382678,0.28465074029106774,2.2747883629600936,0.002170662527099333,0.009664069662165174,20
20.161989130216657,2.053913133405304,18.10807599681135,100.0,0.7043640220732513,594.7478994792916,True,True,True,True,,,,16.010377883911133,0.13891626592525025,0.16785107686411552,0.10391551925494343,0.14062264530082996,0.2685190882063301,1.1561047693600297,0.2692331881154249,2.1992646286628936,0.06193092733116122,0.011135356109428056,20
20.327138755745246,2.296372154813427,18.03076660093182,96.0,0.5830436404358907,580.1176978780709,True,True,True,True,,,,15.801959037780762,0.11247955205912975,0.10444550960390583,0.10477845819642806,0.1401544137087628,0.2571005473997536,0.9137119006421144,0.11948126752431039,1.398925047833278,0.41066370408803815,0.010449640748055739,20
21.68207044693268,2.828012792118054,18.854057654814625,84.0,0.5051751713273874,526.1615823829783,True,True,True,True,,,,17.014851808547974,0.10089142669194334,0.12515082713852577,0.10565348708385128,0.1360447134646044,0.06038499342549712,0.7095702342964446,0.12843874734236954,1.3422141495685203,0.024687698763145582,0.011567296516300172,20
20.461239408698535,2.3120914146047027,18.149147994093834,92.0,0.05703156594875298,666.0598774055177,True,True,True,True,,,,17.037866830825806,0.10888669305227304,0.14202123279446582,0.10022028598999506,0.1375551207073847,0.24704344386848676,0.4802324674680666,0.29990135060856393,3.196114226543142,0.07978887883178992,0.010603788482634092,20
19.99857516707744,2.037581024647479,17.96099414242996,96.0,0.20219007522572904,650.7373280869332,True,True,True,True,,,,16.780782222747803,0.10568399404445059,0.14058335658776422,0.107664937908186,0.1577246830713754,0.2788496553263617,1.1261203629649168,0.1576074783480153,3.3439579773221615,0.14757848049112,0.006018337215439503,20
19.749356995227075,2.0423002899210156,17.70705670530606,84.0,0.05931905925432038,753.539534673893,True,True,True,True,,,,16.68212890625,0.1903138625412978,0.13028928524315805,0.10365731857499898,0.10427246985557706,0.16951504610098717,2.450811724198009,0.2939305942024435,3.2527420276730137,0.04883020694828593,0.003862357392818721,20
20.964916407551552,2.506412086865723,18.45850432068583,100.0,0.348023157142068,554.550031361288,True,True,True,True,,,,19.876695156097412,0.11584127293123404,0.12531407364069597,0.10575190599911237,0.1438275553247539,0.12176249416392318,0.5588417600372049,0.15503757952149275,1.1148461428041605,0.21193703028928668,0.009719550000540589,20
20.331884042220683,2.36035137125924,17.971532670961444,92.0,0.10271729181794349,635.3411066536196,True,True,True,True,,,,19.8825740814209,0.13416350172074945,0.13112654288306794,0.10034181592150931,0.10183269326806596,0.22520552614136014,0.1299605750340218,0.28823185282538427,1.551372419848565,0.12325764848151341,0.011047416345060257,20
21.88563089315836,2.857371577062407,19.02825931609595,96.0,0.061337945439299074,606.7239740187524,True,True,True,True,,,,19.82199192047119,0.12023918695591193,0.1297004779927125,0.10008839160931363,0.14952416429649945,0.0586974625591204,0.34266503117065983,0.28894499144441693,3.9358089857245493,0.09711345725982115,0.011047274126191754,20
19.676800280687495,2.062314284637059,17.614485996050437,88.0,0.08467741466871978,679.9569373011502,True,True,True,True,,,,19.240500926971436,0.11114899309052079,0.12811865376667425,0.1010277528241215,0.10835368613793347,0.2612910829387516,1.0007085831222726,0.24511573025034258,3.992854701606354,0.07340132528043125,0.008001388596962845,20
21.16223666515192,2.506587990080941,18.655648675070978,100.0,0.057375332128668924,638.0071596348783,True,True,True,True,,,,19.27925205230713,0.19175071280598238,0.11853684938313075,0.1231980995583132,0.12718240829670102,0.14894049451366256,0.8188922318296856,0.29898096393920925,3.1132608329223213,0.4458789273553593,0.0070919382203577675,20
20.872536233621695,2.4001077463243634,18.47242848729733,100.0,0.060144408227637315,641.3624573201391,True,True,True,True,,,,19.2189781665802,0.12546706290167686,0.12571441200586306,0.11811851361372477,0.14259164815455785,0.17357853855699673,0.07930733985436311,0.29186163375682606,3.43682245351904,0.5859251519471265,0.011133093895337905,20
19.42697416312695,2.022093615725109,17.404880547401838,84.0,0.614306891469842,630.7419899028889,True,True,True,True,,,,19.212453842163086,0.15100490877623718,0.10682478681962271,0.10330458830358125,0.10215537210115763,0.19645536193753144,2.9103425385594566,0.28871518119646494,2.15702815990505,0.4851228653607344,0.003277151160722027,20
20.713459617853164,2.5271469400624995,18.186312677790664,92.0,0.601272757673608,509.9338599587409,True,True,True,True,,,,18.58041501045227,0.12023716474356433,0.12496996133085723,0.10003285524109108,0.10381231692617882,0.11983787146893474,0.21229289546045005,0.2918974251036261,2.243224404014657,0.08251072064432292,0.011218533231911083,20
19.347351351298627,1.97547999045905,17.371871360839577,88.0,0.47196861143418944,689.6854841583284,True,True,True,True,,,,18.60918927192688,0.18783719522754422,0.10839544409409484,0.10153492699083333,0.1006650019993265,0.26818068369504455,2.503607305244114,0.10278688908478822,3.985093123406055,0.447234377551019,0.007128871667914579,20
19.964868274000366,2.116331457387239,17.84853681661313,88.0,0.22331374076691765,621.8037758301977,True,True,True,True,,,,18.670228004455566,0.13893230762639155,0.10443200075603618,0.10137947343652617,0.1357726533953128,0.19950851882403517,1.1422685751118578,0.14988623340195886,3.148516062690877,0.20851091407743347,0.008070770768269645,20
20.094064539189766,2.303289139035201,17.79077540015457,84.0,0.09680708103860375,655.5767727347294,True,True,True,True,,,,18.21550178527832,0.11114899309052079,0.12601842141119984,0.10076960279954585,0.10505034175477546,0.28295845783699525,0.5624411048498116,0.29709787727647397,1.0549840531820744,0.4795986470157301,0.011213426471184876,20
21.91987256496564,2.845288848284908,19.07458371668073,100.0,0.42519415329794497,526.1706149221756,True,True,True,True,,,,17.823441982269287,0.11988927908220141,0.1309400457756406,0.1012328528282261,0.15686124196841045,0.059598586694952924,0.9476077627525433,0.10832738492669554,3.0882812677599936,0.5596932345113429,0.005010020892223107,20
19.62974435075973,2.0717325473171826,17.558011803442543,84.0,0.07591654757168054,685.5884608062275,True,True,True,True,,,,18.017911195755005,0.1239974934721315,0.10872686929382651,0.10482795615430023,0.10607819930353328,0.26039216928372455,1.9170699908495006,0.2591447964114655,3.838740090349892,0.01144811086144197,0.007134439319630325,20
21.12693199397658,2.5941677333980366,18.532764260578546,96.0,0.6036347092001543,503.49911060094666,True,True,True,True,,,,17.82858395576477,0.10569229771914286,0.13009104029662102,0.10753062202585173,0.1342558891327235,0.09648743807782187,0.8278770986690542,0.2913130094935029,2.150899871830885,0.5374406181380835,0.007025105558460051,20
21.60125656980911,2.7937325855420685,18.807523984267043,88.0,0.31533464566939134,535.8063039004385,True,True,True,True,,,,18.789152145385742,0.13492987104108678,0.1098981687520131,0.10391679888362114,0.14073644669001995,0.06686312278017924,0.4776451095043241,0.12592846348062386,3.1320590858948485,0.09313894664451436,0.010845693834616449,21
19.817432843191817,2.0764410423263953,17.74099180086542,84.0,0.20740687608001776,644.6803791421252,True,True,True,True,,,,19.022953987121582,0.1398103665071105,0.13885479914720378,0.10575777986946687,0.10338135476018617,0.26744187704091227,1.1423140077336618,0.15559043184447546,3.944599615127502,0.1807787322272384,0.009359144212069357,21
19.630185534100764,2.0736565278583665,17.5565290062424,88.0,0.07591654757168054,684.8777156040802,True,True,True,True,,,,18.44489288330078,0.1239974934721315,0.10872686929382651,0.10482795615430023,0.10530086083582556,0.25818164334398114,1.9170699908495006,0.2591447964114655,3.838740090349892,0.01144811086144197,0.007134439319630325,21
21.876237732404466,2.814596868266734,19.061640864137733,96.0,0.057262027304684125,613.1529776786626,True,True,True,True,,,,18.204906225204468,0.12238409424753571,0.14889568576010911,0.1005044964889719,0.14819300238946884,0.06360357878114097,0.9639960831048154,0.2992833920931359,3.976209804089764,0.09260244751378385,0.007099226444358919,21
20.520485457007005,2.3496605663851384,18.17082489062187,100.0,0.05967957731674725,668.2430314904925,True,True,True,True,,,,18.45766592025757,0.1514176640340084,0.1255713205527741,0.10008516517615215,0.1383186080125796,0.26504986944318265,0.18248333198262096,0.29302150007138417,3.1163923151527775,0.09006878849604966,0.011072409475724111,21
20.938948400569828,2.5148565947510346,18.42409180581879,96.0,0.4478916244524281,546.7067198678089,True,True,True,True,,,,18.309601068496704,0.11576666760536887,0.12574119303830375,0.10569496160726732,0.13683777417719373,0.11949502660827793,0.5588417600372049,0.13648207174872465,1.0397988936937395,0.4802498973028716,0.009811863143894914,21
20.34588160844284,2.0785630364284717,18.267318572014368,100.0,0.0699759783617433,689.2057027158861,True,True,True,True,,,,18.34872007369995,0.14591352394166418,0.18811512077480483,0.10038038815465275,0.13492409028830646,0.2208023604893429,1.87171601328234,0.27014305220937146,3.120830279972176,0.20282801419240132,0.01113219041914862,21
20.995825532547745,2.4783857127554514,18.51743981979229,100.0,0.057339384508043,643.8785087432692,True,True,True,True,,,,18.315728902816772,0.1895555365347602,0.13017497461106367,0.10365731857499898,0.1355475359194087,0.16951504610098717,0.8955502885366925,0.2990768151325246,3.2527420276730137,0.3752932890910162,0.003862357392818721,21
20.476120732777986,2.3162665832904676,18.15985414948752,96.0,0.3360229917524899,584.571851946934,True,True,True,True,,,,19.5661461353302,0.10842564760733026,0.14146569377461776,0.10022316410894011,0.13836873277742565,0.2411894570736542,0.4802324674680666,0.12195882178220174,3.2237890367913655,0.08251072064432292,0.010816832165665619,21
20.636223917585397,2.5189711855413033,18.117252732044093,92.0,0.06014143398082733,628.6772247092845,True,True,True,True,,,,19.532620906829834,0.15031917336939365,0.10549198265070386,0.10136710748047738,0.10139559970792056,0.13189039854791293,0.6620372222493667,0.29186901181272373,3.9015617590187466,0.27890820945469225,0.007100039279979993,21
20.644877558664408,2.5305862239968326,18.114291334667577,88.0,0.601272757673608,508.5649753070254,True,True,True,True,,,,19.51158905029297,0.11113456278927764,0.11763663895721155,0.10003285524109108,0.10134713402066156,0.11607378894431838,0.21229289546045005,0.2918974251036261,2.3256649187682643,0.08251072064432292,0.011218533231911083,21
20.962001979032372,2.590293420176303,18.371708558856067,88.0,0.06058636898598872,618.7402987773772,True,True,True,True,,,,19.433488845825195,0.1040455302809597,0.14440857853260938,0.1039590901679508,0.10381231692617882,0.09972633510803808,0.3075545791480734,0.2907714214843413,3.3490909636906414,0.07407597834291782,0.011481614440093688,21
19.7636095300444,1.9254929571744734,17.838116572869925,100.0,0.18748590724466968,732.1768174208576,True,True,True,True,,,,19.417595148086548,0.15312544145148752,0.2197518825191797,0.10409934844967994,0.1017925157335257,0.2610281009159747,2.463577930925385,0.16374308941891366,3.9286174608929754,0.5728031233348376,0.009899404312589514,21
19.348403669011162,1.9997892466883413,17.34861442232282,84.0,0.7140928626636116,636.153414403873,True,True,True,True,,,,19.3038330078125,0.15094440380410856,0.10682478681962271,0.10330458830358125,0.10019854026294578,0.22043766343042806,2.9018324941906535,0.26735517628098654,2.15702815990505,0.4851228653607344,0.003277151160722027,21
21.36772910481835,2.7524421690222947,18.615286935796053,88.0,0.19836279886227018,550.4746974876005,True,True,True,True,,,,18.058586835861206,0.10289612606228155,0.10443359615825772,0.10380088389009033,0.13620515936332703,0.06870019245306812,0.8991548267530962,0.1591380406523715,3.5536400927779095,0.412947817304648,0.007349024481533521,21
21.98448278000861,2.8670209046188977,19.11746187538971,100.0,0.6146116482556645,492.64914406852495,True,True,True,True,,,,17.973959922790527,0.12043153497792942,0.1300132042299053,0.100014372695751,0.16046571318460454,0.05753203971230301,0.5438312069072356,0.28864200711322524,2.244069121251241,0.03490761927531899,0.011082427552508817,21
21.167163905995288,2.62078493952427,18.546378966471018,96.0,0.49560529124405095,532.4299065294534,True,True,True,True,,,,18.190937995910645,0.13038844362120758,0.1191590228573865,0.10023567632803947,0.13763172208641444,0.09497465658947554,0.7233107828729437,0.10029217950059363,3.2240659577817086,0.03791899389450809,0.011078535819128387,21
22.20602314749753,2.8776485529389846,19.328374594558543,100.0,0.21142035386626448,549.0096628205578,True,True,True,True,,,,19.851832151412964,0.15312544145148752,0.22233625535395646,0.1001613367816915,0.10890516598507723,0.06281335065762425,0.4490915465110419,0.15409014783517802,3.98581053088803,0.57302012888889,0.00740152001373246,21
20.518632295738062,2.373231925236724,18.14540037050134,96.0,0.19652598797901302,595.4114547061191,True,True,True,True,,,,18.384278059005737,0.1421310051730052,0.14244455551879315,0.1035844262617813,0.10030622565327146,0.21992424989053658,0.26805319460132293,0.15988856295087073,3.4050987774346413,0.48719777492643823,0.010980885751398608,21
21.75483291296365,2.9729251846532883,18.78190772831036,92.0,0.1939368789173361,546.925340857473,True,True,True,True,,,,18.07017230987549,0.15388821424043195,0.10443359615825772,0.10029668346191446,0.10119562163824844,0.05299636529460348,0.723135245352864,0.1609646851577503,3.4907819377777995,0.5379959529563434,0.007324818080487525,21
20.733526703351085,2.3652104687693534,18.36831623458173,96.0,0.3593008648335006,572.1192777378832,True,True,True,True,,,,18.36908197402954,0.10642902279783778,0.18644633267143973,0.10018915882833547,0.12099133342277711,0.20391815174620814,0.9135228703712204,0.11791162732246305,3.251936157095239,0.52218762864082,0.006954038895166333,21
22.18791915172224,2.9629670627556997,19.224952088966543,92.0,0.42165964950966967,523.7328174241533,True,True,True,True,,,,18.11941385269165,0.12293830610555655,0.13330335704914095,0.10548629927536593,0.14952416429649945,0.05027855754263662,0.6810760495255689,0.10878337740798609,3.914293718958142,0.18044060779425397,0.007067749536073175,21
20.59721972543777,2.403715187547849,18.193504537889922,100.0,0.9871345827476924,529.060697452812,True,True,True,True,,,,18.227886199951172,0.15101824074224623,0.13009104029662102,0.10764325865156373,0.10215630953085315,0.19601283919849188,0.5326720103580155,0.22670098729611077,2.150899871830885,0.5374406181380835,0.007025105558460051,21
20.13351251193636,2.3098935126431264,17.82361899929323,84.0,0.06142202558353306,664.3826037746643,True,True,True,True,,,,18.55910587310791,0.11379662027056821,0.12509653808573554,0.10008516517615215,0.10381231692617882,0.2588627673576507,0.3075545791480734,0.28874278411292525,3.0605591321744754,0.08015816535776435,0.011082240540943384,21
21.644898404485723,2.9077495522768775,18.737148852208847,84.0,0.06054052662473943,605.3143937658929,True,True,True,True,,,,18.31109881401062,0.1040455302809597,0.1252700374429423,0.10409483439749298,0.10396067451145488,0.05491522967742133,0.3075545791480734,0.2908839402057844,3.805773172280397,0.07950504024179907,0.010128696341667257,21
21.048223580240087,2.5142815923875212,18.533941987852565,100.0,0.16693184856346258,587.8279490797835,True,True,True,True,,,,18.571843147277832,0.22470633285372443,0.12468393322321454,0.10008422004868785,0.1270104254198384,0.1695854584219476,0.8288402700643698,0.1736555114525314,3.251313766459628,0.06951543776013872,0.004609078914843688,21
19.97730759822542,1.943827407890913,18.033480190334505,96.0,0.1528671666909709,729.9857046994316,True,True,True,True,,,,17.894709825515747,0.14573823747169376,0.1889987520167442,0.1036312110974577,0.14276448988772772,0.22316343587073634,2.450811724198009,0.18157311249943064,3.1162409467058505,0.5224285959388538,0.01113219041914862,21
21.65794174700964,2.7270260813365765,18.930915665673066,96.0,0.06058636898598872,610.9042513544382,True,True,True,True,,,,17.632279872894287,0.1040455302809597,0.1252700374429423,0.15944933524812546,0.10381231692617882,0.07075110528471812,0.3075545791480734,0.2907714214843413,3.3509127137614403,0.08015816535776435,0.011481614440093688,21
22.615527726465036,2.7687744769222866,19.84675324954275,96.0,0.570074397042178,498.9882815757424,True,True,True,True,,,,17.636295080184937,0.16870581485226552,0.10422518851452502,0.2781646255153238,0.11610063486528542,0.06763651218796259,0.9040583956583476,0.2999597313238019,2.955517556084045,0.05675551309880231,0.005695416517741819,21
21.182888407566246,2.629335794607445,18.553552612958804,96.0,0.06031897877341407,617.2648264112398,True,True,True,True,,,,17.81801700592041,0.12509145602005514,0.1191590228573865,0.10023567632803947,0.1384046645438784,0.0922215863709332,0.7272530508678565,0.2914295566744992,3.22045994837514,0.03818533158124211,0.00970199760596297,21
19.908390598467005,2.064672637671261,17.843717960795747,92.0,0.0621200970616714,705.0526243364716,True,True,True,True,,,,17.85258388519287,0.13891626592525025,0.12221903707000287,0.1001243418544154,0.14062264530082996,0.2685190882063301,1.1561047693600297,0.2870800865764799,3.8635876838878658,0.06142866380013237,0.0064953369387162185,21
20.38155527586743,2.3449902016329687,18.036565074234463,92.0,0.19836279886227018,591.5757750464202,True,True,True,True,,,,17.797580003738403,0.11134936139073173,0.11330511602734689,0.10028141262069766,0.13470840166255715,0.20849422873634865,0.8019535318514167,0.1591380406523715,3.23188413263594,0.412947817304648,0.007661664428400707,21
21.86748251576193,2.81521354586906,19.052268969892868,100.0,0.05995440528584501,611.090545463939,True,True,True,True,,,,17.639554977416992,0.15058942104254733,0.142223013261089,0.10018442218782393,0.14348914576028696,0.06622783414215545,0.6766867859110142,0.29233408270273475,3.958986931795337,0.27621153597244535,0.01091007484057515,21
22.08816951819442,2.8754882404050677,19.212681277789354,100.0,0.7042305815259218,491.3094298984136,True,True,True,True,,,,17.423403024673462,0.11007171072102064,0.14280770050898006,0.10008449702272748,0.16551217057885123,0.05602371979224116,0.2876219743836054,0.2692592208747308,2.6973213030574623,0.09595526091221318,0.01113888746990115,21
19.792228671128196,2.070296093110373,17.721932578017825,84.0,0.6211720441406986,589.244487330391,True,True,True,True,,,,17.900702953338623,0.1302682220074028,0.11845254047804979,0.10043731574565284,0.12760637359578633,0.26630115748131655,1.157070191058108,0.2870800865764799,2.2284155812786914,0.0978458807935079,0.0064953369387162185,21
19.774266277305188,2.0556009343625576,17.71866534294263,96.0,0.5843180163062118,594.491068231043,True,True,True,True,,,,17.947132110595703,0.11114899309052079,0.16002949685599613,0.10033129010032694,0.10403119680893855,0.28295845783699525,1.0225290802274776,0.29619758619635433,2.117394464153252,0.43813602448452976,0.011213426471184876,21
20.482669687461577,2.3774884071251288,18.105181280336446,88.0,0.5958277199272,534.3223574955513,True,True,True,True,,,,18.963244676589966,0.13893230762639155,0.10443200075603618,0.10137947343652617,0.1357726533953128,0.20199486370065758,0.9855036269608,0.2932581008234721,2.1490899186947314,0.19745821512888867,0.006942048811952617,21
19.95634849539206,1.937412451487575,18.018936043904482,100.0,0.05804203843556513,791.1905383869854,True,True,True,True,,,,18.938333988189697,0.1907719889333749,0.1644719873020274,0.1036312110974577,0.14259896894198185,0.2407016346907852,2.450811724198009,0.29721966888563706,3.0945256994655197,0.09771576053127917,0.01113219041914862,21
19.618314257981464,2.081819615883842,17.53649464209762,84.0,0.07630478279835116,680.0509294466469,True,True,True,True,,,,18.88951587677002,0.1159956587646359,0.1087172935737373,0.10482795615430023,0.10291715953425752,0.24561198647369095,1.9170699908495006,0.2584716761962844,3.7035919611867887,0.487441026856422,0.011032867134263526,21
21.780557726437678,2.9373327832045892,18.84322494323309,84.0,0.05944704682682231,606.9947083552607,True,True,True,True,,,,18.675397872924805,0.13495066928590096,0.12503738816757679,0.10400615399595411,0.10352750625927357,0.05451955685525059,0.47163959854501697,0.29360689558830605,3.8232381645882967,0.1346009220351804,0.010502389899648343,21
21.09981320563721,2.475425590484678,18.624387615152532,100.0,0.5732315466289266,519.7790746707085,True,True,True,True,,,,18.885844945907593,0.15092310426978592,0.14449787172261114,0.10614694344929457,0.13836046673178193,0.14856340545752283,0.8302792147661484,0.2991135704182991,2.148487390713754,0.4846938158594895,0.007049589769248342,21
19.78944386278264,2.0733938397797056,17.716050023002932,92.0,0.10033145240582166,687.990004038515,True,True,True,True,,,,18.016091346740723,0.13893230762639155,0.14422317662560263,0.10037473222353151,0.10075587245077008,0.2737195245533428,1.0495559574779896,0.2917150954653227,1.5312485907112936,0.5465135083685972,0.010612045869739163,21
22.459405689020887,2.9072311239000497,19.552174565120836,100.0,0.061835114581495834,606.4524433329578,True,True,True,True,,,,17.81756019592285,0.10923980901116567,0.20630550043233636,0.10400615399595411,0.1569701851311185,0.05451955685525059,0.49132896668373055,0.28775541850578334,3.799315881831053,0.13357409591258368,0.010502389899648343,21
20.2327068574398,2.3675116129739733,17.865195244465827,84.0,0.19334492590738625,596.4555835757213,True,True,True,True,,,,17.90970492362976,0.1421310051730052,0.10898239398003472,0.10038592874398583,0.10054668385306857,0.22213477583028002,0.2934243339989752,0.16121377851374266,3.423014233224383,0.08805445759102071,0.011762711334222294,21
22.266196373825792,2.983322587863029,19.282873785962764,96.0,0.06475737243209596,601.6271639353312,True,True,True,True,,,,17.710914850234985,0.15411829111258984,0.137870006371733,0.10404817430415421,0.140699533463901,0.05082369910441471,0.4776776217779777,0.28104656986982424,3.9427869965226376,0.1346009220351804,0.010147577040982928,21
20.693205744652733,2.5184271845592203,18.17477856009351,92.0,0.28100424520762785,553.7079339648267,True,True,True,True,,,,17.867807865142822,0.10858173083191107,0.12543664282019718,0.10399991687437309,0.10408248919459184,0.1191909541176086,0.4220919050416648,0.1334661527626939,3.415482021563798,0.5455947727324393,0.011082200268961992,21
20.134040913170203,1.9595316192053756,18.174509293964828,100.0,0.15224281445448715,733.3166368596477,True,True,True,True,,,,18.03629207611084,0.18949746725085512,0.18732409887416857,0.1010445414712636,0.14252285019412178,0.2038948142863373,2.4782175836698856,0.18195006272321887,3.2893220833222183,0.5181672235617859,0.010849402039575632,21
19.897520126606423,2.067701563989362,17.829818562617064,88.0,0.37727102361406706,622.2534905842069,True,True,True,True,,,,18.02287983894348,0.1256589708934792,0.1641899656227021,0.10026547504724424,0.10243507373736394,0.2514984473721522,1.813680527302408,0.11504861904871813,3.143691402061191,0.19848182255750133,0.011534649665102424,21
21.81202389729459,2.955020854994138,18.857003042300455,92.0,0.08921421027197197,581.1847160922441,True,True,True,True,,,,17.680583000183105,0.11132357748254972,0.12713206818339512,0.10413170454417105,0.10835151384041854,0.051560760211221746,0.5020851052218221,0.23868732321512998,3.992768362138535,0.07504594638918921,0.009659073840871673,21
19.92458111428919,1.9234436369131918,18.001137477376,96.0,0.15254453561446943,745.7993952879576,True,True,True,True,,,,17.753056049346924,0.19193194345401232,0.16550071626224708,0.1036312110974577,0.14328331999518515,0.2612258341632674,2.450811724198009,0.1817676080073335,3.120830279972176,0.5243448195880127,0.01113219041914862,21
19.247970807551923,2.0171895566411204,17.230781250910802,84.0,0.19836279886227018,679.9666764976289,True,True,True,True,,,,17.688422918319702,0.11210793510405943,0.10159715051920404,0.10028141262069766,0.10343448855301121,0.20849422873634865,2.463174175288366,0.1591380406523715,3.4935991703096523,0.04885661667038804,0.0075428156475430014,21
20.20921444839168,2.30280156860299,17.906412879788693,92.0,0.8469179681229606,556.7915399291649,True,True,True,True,,,,17.56626796722412,0.11111611456907995,0.14269961373479234,0.1010425946568598,0.10835368613793347,0.28823516035121255,0.6568589272719392,0.24508650083202305,2.6940074706260164,0.0967892533904583,0.011211757998599498,21
21.62718107531379,2.894534870761133,18.732646204552655,88.0,0.19595948064469337,547.6509817993727,True,True,True,True,,,,17.343463897705078,0.12281899656839193,0.1253123638842264,0.10003722419284838,0.10299159047082723,0.05732806504927443,0.9398272613066404,0.16012218315641868,3.8620839744257207,0.08285888505674209,0.007304726139749213,21
21.39032800249562,2.7774834837122,18.612844518783422,92.0,0.5130965408116376,524.0795366776517,True,True,True,True,,,,17.556946277618408,0.13019080048024775,0.12509666179951637,0.10614916365486793,0.10385475020479179,0.07023017510766177,0.9534405160099488,0.0985588122602957,3.1638732938385266,0.46144105693452164,0.009772684746147396,21
20.737770556816496,2.5246427829939297,18.213127773822567,92.0,0.16050237867878064,582.1921635793601,True,True,True,True,,,,17.820832014083862,0.12031235232366015,0.12522330590936492,0.10362855663722166,0.10520220936443309,0.1205369050355449,0.5507553203961845,0.22956568566802454,1.1553528318004747,0.09234993038914895,0.007071113850384231,21
19.367619758741554,2.009676937524947,17.357942821216607,84.0,0.4903561703689096,662.4330626496247,True,True,True,True,,,,17.9025559425354,0.1412334325991384,0.10832313309650289,0.10166951575322028,0.10442885312339448,0.2093370088680945,2.503607305244114,0.10083048125269332,3.985093123406055,0.4446625194311062,0.00985021962496252,21
21.656358805873687,2.7687158669780256,18.88764293889566,96.0,0.05857024766518922,612.1796234776955,True,True,True,True,,,,17.67133092880249,0.11448833750792847,0.1183897344365794,0.10391964509299603,0.15699873806393283,0.06722325381476489,0.6103749310021893,0.29584598216583663,3.1320590858948485,0.08465245085231671,0.006899857785775723,21
19.683692383100333,1.9917237860891395,17.691968597011197,92.0,0.0957952432431475,744.5510409243142,True,True,True,True,,,,17.894459009170532,0.15312544145148752,0.16454676190790848,0.10093184605827672,0.10842484752764159,0.20069802976556564,2.6396236420022334,0.29869872522921465,1.605001527612695,0.5803181797696528,0.009778698272579102,21
21.399509474624452,2.742394530647687,18.65711494397676,96.0,0.5931536806618607,497.9004704932516,True,True,True,True,,,,52.67320775985718,0.1516280572338471,0.11217435996276144,0.11669273562215586,0.10063187339844107,0.07654670364537394,0.30077178407391886,0.2939332772254396,2.881507279887967,0.43851952843182573,0.006860931188770758,21
20.313015540336,2.106065595391516,18.206949944944487,100.0,0.29346244156849516,618.7411152036583,True,True,True,True,,,,52.60368800163269,0.1517584120594222,0.16476309796315766,0.10018248645030975,0.1354429203957639,0.19807390593711385,1.8107252552972042,0.1305771274954739,3.2495614680085176,0.19021192710263993,0.011795845662500363,21
20.056813166581552,2.0469227386015936,18.00989042797996,96.0,0.7043640220732513,592.0454686300861,True,True,True,True,,,,52.60779094696045,0.10874110763851437,0.16785107686411552,0.10391551925494343,0.14058997429510608,0.267326895001715,1.1561047693600297,0.2692331881154249,2.1392237003280803,0.06193092733116122,0.011135356109428056,21
20.388768689174764,2.3504808393286614,18.038287849846103,88.0,0.1540984772012998,600.0530715496415,True,True,True,True,,,,19.03886604309082,0.11567045847378671,0.10021026743607275,0.10112576402268503,0.14253720071320858,0.20421422156479396,0.4360425749469715,0.18083650343124263,3.304963197928281,0.5181672235617859,0.010934948615760878,21
19.73296966637768,2.051385077554195,17.681584588823487,92.0,0.42267940787668756,672.2874851666433,True,True,True,True,,,,18.988847255706787,0.22470633285372443,0.1091147910696395,0.1005209520880792,0.10233091471788267,0.1695854584219476,2.5659147160492397,0.1086512259941036,3.9906806001810695,0.0738397868278316,0.0048823392045459855,21
20.957771829917142,2.5129996600371114,18.444772169880032,92.0,0.4449347119326368,546.9116122178993,True,True,True,True,,,,19.063490867614746,0.11584127293123404,0.12531407364069597,0.1004465646108901,0.14463091610469087,0.11949502660827793,0.5588417600372049,0.13693926377210724,1.1141841706663176,0.08110673627706771,0.009811863143894914,21
22.470142659674234,2.898899457114718,19.571243202559515,100.0,0.11235678207833279,571.5464274855912,True,True,True,True,,,,18.591745138168335,0.11459282738691329,0.12550168898932607,0.16735722689855126,0.14920203286425396,0.05212975167955161,0.6820894407872768,0.21227170750140748,3.501686991653522,0.20848258196912745,0.007430488883278491,21
20.447930870976723,2.352415305777092,18.095515565199634,92.0,0.15451334753879992,599.9187783227338,True,True,True,True,,,,18.739346981048584,0.11567045847378671,0.11051252570989753,0.10024852174326711,0.14251347675005088,0.20391527314682636,0.4360425749469715,0.18059031921838822,3.2893220833222183,0.07849028449254927,0.010849402039575632,21
21.317174747244106,2.7944374854636695,18.52273726178044,92.0,0.06172577089198676,608.2088186473594,True,True,True,True,,,,17.920630931854248,0.13316113067947352,0.1117329693168404,0.10032628226917364,0.10183269326806596,0.06853119739601857,0.29870674300345423,0.28801579274100214,3.4877846314340215,0.08818518733555386,0.011043641632262124,21
21.415690269476663,2.669621114102321,18.74606915537434,100.0,0.6016610541203342,500.30886059051596,True,True,True,True,,,,18.65147304534912,0.1378096134384387,0.1107172973054214,0.1104662213768776,0.140699533463901,0.08416603387309522,0.4776776217779777,0.29180110938661274,2.9277115109767444,0.1340869232689453,0.010502389899648343,21
20.381886385069702,2.353643075869063,18.02824330920064,92.0,0.057644987339563566,670.5580825251277,True,True,True,True,,,,18.910932779312134,0.15178315246072444,0.12525744151044615,0.10031430881094464,0.11690563725877418,0.26504986944318265,0.3232550834556389,0.2982648569202013,3.1002544108728753,0.07536314633246435,0.011082240540943384,21
19.657562287919905,2.077357053958405,17.5802052339615,84.0,0.6000349630752526,593.6094020834558,True,True,True,True,,,,18.886040925979614,0.15132376252785373,0.10499403636953697,0.10095851180304871,0.10809642799656045,0.28335741585563834,1.0021005631541315,0.29220508934002604,2.3386655602027226,0.02707588247966014,0.011235477379034391,21
21.451391232623553,2.771815900800308,18.679575331823248,92.0,0.1910771839638246,551.7372744297331,True,True,True,True,,,,17.788225173950195,0.1141486479094632,0.10443359615825772,0.1060131142699247,0.13617248835760312,0.06753140142114276,0.8980187779117161,0.16217882352237925,3.2008564738450516,0.08244539684397927,0.00605057357790126,21
20.421315112402254,2.3510695811264024,18.07024553127585,96.0,0.5130965408116376,578.7796118124685,True,True,True,True,,,,18.104038953781128,0.14974411516320524,0.14423520288918348,0.10129449288538876,0.10370118862245982,0.2573097380387846,0.6452430739767903,0.0985588122602957,3.1638732938385266,0.4821602239538172,0.009728457977833657,21
20.183747852525634,2.291452345548969,17.892295506976666,92.0,0.3360229917524899,589.0835929354524,True,True,True,True,,,,20.21905016899109,0.10422932354160701,0.10243258107241487,0.10022028598999506,0.13901835766127238,0.25709152997490464,0.49129645441007697,0.12195882178220174,3.492355882840853,0.08251072064432292,0.009916638059502544,21
19.210751818400325,1.9656586224228914,17.245093195977432,84.0,0.0572974910595268,776.9891670048474,True,True,True,True,,,,20.259323120117188,0.15211645102808258,0.10053836797420075,0.10425229195568189,0.10876346077722235,0.2895663448233086,2.464410614148005,0.29918863590446243,3.985503288987903,0.447303046911237,0.007158986543356233,21
20.777638383535393,2.5941580092153784,18.183480374320013,88.0,0.09509077856073776,602.0748300128737,True,True,True,True,,,,18.610716342926025,0.10556834203921196,0.111185302687241,0.10540196124280028,0.10099744823037907,0.09835235428356057,0.706255040435738,0.29982856001351305,1.3450575568160084,0.035570611239492095,0.01059265918647189,21
19.81135995575909,2.106158856072479,17.70520109968661,88.0,0.09863827314385866,673.3902290322336,True,True,True,True,,,,18.528022050857544,0.1421354724956937,0.14269274377757915,0.10038252622061443,0.10003692267041633,0.21981603309477984,1.8295441056055373,0.2942645370147447,1.138560286383866,0.08805445759102071,0.010980885751398608,21
21.8339749720802,2.865614268792745,18.968360703287455,96.0,0.4749675906726931,527.1170421434045,True,True,True,True,,,,18.271144151687622,0.11012632532255762,0.12537629408235287,0.10362706532174765,0.1435184413023472,0.05737741493439409,0.7093565521136602,0.13249764250632928,1.3894187314842326,0.08596335759290866,0.01072407927836412,21
20.883966889390923,2.5250792743015817,18.35888761508934,92.0,0.26196316289580235,556.3729879906401,True,True,True,True,,,,18.766209840774536,0.12384310763872965,0.12544519272813837,0.11245880729706091,0.10609626407651039,0.11971831176233187,0.5262506858395988,0.13827683360940352,3.4316199258437003,0.0069004043963051265,0.007171129771675025,21
21.53226683084992,2.8677821861307295,18.664484644719188,88.0,0.06146399535167031,605.4120557017354,True,True,True,True,,,,19.22709083557129,0.10885768357804317,0.12504874676981761,0.10005325352986898,0.10281864029538777,0.05870103077485948,0.5438312069072356,0.28864200711322524,3.225236585924238,0.08267362857238274,0.011084317249571733,22
20.056813166581552,2.0469227386015936,18.00989042797996,92.0,0.7043348376962566,592.0457765213591,True,True,True,True,,,,18.476773977279663,0.10874110763851437,0.16785107686411552,0.10391551925494343,0.14058997429510608,0.267326895001715,1.1561047693600297,0.26923888102032006,2.1392237003280803,0.09841641834330818,0.010858274713129874,22
21.909384238113883,2.8522720888641273,19.057112149249757,100.0,0.1551091172255128,558.2117335728739,True,True,True,True,,,,18.156986951828003,0.11559695315441587,0.13847771045503343,0.10916435742180158,0.14218362501293103,0.059118920963463883,0.4076533157355751,0.18023853493506048,3.2241779812626254,0.38516350866337756,0.008020827395428295,22
22.472650966971027,2.9022197119606057,19.57043125501042,96.0,0.3013930872616162,534.1505350111206,True,True,True,True,,,,18.140545129776,0.12293830610555655,0.11121216703584937,0.17469349158223801,0.15002736649989273,0.052043017025992774,0.6810760495255689,0.1288327580193795,3.9215736913052135,0.18007514027025023,0.011047274126191754,22
20.044617415474505,2.058970943463463,17.98564647201104,96.0,0.06421310502444107,702.713594071093,True,True,True,True,,,,17.71260976791382,0.1534463065743074,0.13812882717100944,0.10403594560130051,0.1354429203957639,0.25994435174404423,1.813680527302408,0.2822607911798837,3.947402206796258,0.19356494573559277,0.01113219041914862,22
19.914396993688232,2.1103530541434985,17.804043939544734,92.0,0.05733475075866974,691.0212932238296,True,True,True,True,,,,18.30263090133667,0.1363049890928393,0.12552442466714098,0.10064969610320136,0.11446255187177432,0.20849310819177222,1.0248900164124617,0.29908917728011797,3.2399380424724313,0.07050502165672481,0.010986809380287565,22
22.23458533775361,2.924898117486012,19.309687220267598,100.0,0.06483733211529584,602.7679928055829,True,True,True,True,,,,17.960420846939087,0.13542237634328827,0.16504405938890326,0.10404691779322647,0.14075670595237164,0.05451955685525059,0.4774479826869077,0.2808694934676391,3.9427869965226376,0.09750094419622322,0.01113489143481722,22
20.408722053533246,2.3650172493989245,18.04370480413432,92.0,0.06828697671552612,642.9359549606307,True,True,True,True,,,,18.216917037963867,0.13378947712496544,0.1014713862357264,0.10028141262069766,0.13470840166255715,0.2084869171974982,0.8749188704778488,0.2735329115748911,3.4935991703096523,0.47993670337441363,0.007526327334614936,22
20.38143460403513,2.3449869472268867,18.036447656808246,92.0,0.16260433707496327,599.127971515848,True,True,True,True,,,,17.90311312675476,0.11134353710616308,0.11330511602734689,0.10028141262069766,0.13469310658753636,0.20849422873634865,0.8080059872247107,0.17598088448970237,3.23188413263594,0.412947817304648,0.0076545060990641685,22
21.938403351871845,2.9172903173594134,19.02111303451243,92.0,0.08789052612298522,583.1358092546964,True,True,True,True,,,,17.718888998031616,0.10526920912377015,0.144338024872265,0.10398690487050409,0.12726350115387883,0.05346940465468589,0.28978195247743177,0.24051075030700855,3.3523742942012005,0.08813134873678663,0.011049121728722938,22
22.547361197223044,2.6963789645966054,19.85098223262644,96.0,0.5700882039579424,501.86708378604186,True,True,True,True,,,,17.81541895866394,0.16892155970256856,0.10422518851452502,0.27755516227231014,0.13220690631306928,0.07711113913108912,0.689920151507476,0.2999560153431194,2.9584633290923326,0.018628107457852205,0.006627380146079068,22
19.913268133509217,2.2924282347083897,17.620839898800824,92.0,0.09680708103860375,657.9240508166248,True,True,True,True,,,,17.972596883773804,0.11012673922468019,0.10021789683521251,0.10037566856412866,0.10505034175477546,0.29090784163945094,0.5646048279395061,0.29709787727647397,1.062546272327264,0.4795986470157301,0.007011602610293381,22
21.076914019556266,2.6153714318562526,18.461542587700013,96.0,0.057465278972482804,622.5519041209891,True,True,True,True,,,,17.926998138427734,0.12949139840561685,0.14423520288918348,0.10397864429537072,0.10385475020479179,0.0992054049309808,0.6480017727788145,0.2987415287755031,3.1638732938385266,0.46414907518975396,0.007155849860109006,22
20.578765875951834,2.5209463929139906,18.057819483037843,84.0,0.26450799337316144,555.6290055184799,True,True,True,True,,,,18.003023862838745,0.11584127293123404,0.10903685947496577,0.10037961886479024,0.10063122100747099,0.12016913441613726,0.5262506858395988,0.13760371351005507,3.4316199258437003,0.41412057084389636,0.011069557776883876,22
20.672382850521636,2.3647821870084127,18.307600663513224,96.0,0.5925212625189912,536.0205407918323,True,True,True,True,,,,18.114018201828003,0.13882964397239106,0.10438893731271119,0.10744985919944797,0.15224268592293838,0.20718122668877995,0.19125700915449845,0.29409363646272374,2.1781595621755465,0.4478186048930881,0.00701882571872654,22
20.42777410572902,2.375602433601684,18.052171672127336,96.0,0.19482317288600934,595.6979326625324,True,True,True,True,,,,18.08032202720642,0.1421310051730052,0.1399217121721132,0.10038592874398583,0.10054668385306857,0.21992424989053658,0.1975668981363874,0.16059387624519578,3.408952791937738,0.08810562133288777,0.010980885751398608,22
20.027022208456025,2.0366815721682796,17.990340636287748,100.0,0.5836063155153287,597.9185344964487,True,True,True,True,,,,18.498685121536255,0.10987843925589932,0.16002949685599613,0.10033129010032694,0.14972635351124253,0.28295845783699525,1.0203691301629627,0.2963822418206279,2.117394464153252,0.43813602448452976,0.011213426471184876,22
20.343158220635242,2.059935764522414,18.28322245611283,100.0,0.058810486348128986,714.5622342282869,True,True,True,True,,,,18.474740982055664,0.1907719889333749,0.1644719873020274,0.1036312110974577,0.1425370147422855,0.26168329108465427,1.596656565959595,0.29522743018745956,3.120830279972176,0.5632336641606175,0.011138120493848245,22
19.178063870384292,1.9775174794481227,17.20054639093617,84.0,0.4129176463349862,680.0390954024077,True,True,True,True,,,,18.45225191116333,0.12277353590429495,0.10854976945008403,0.10379641238067404,0.10321308638828021,0.26818068369504455,2.6148454572104773,0.10993640330278365,3.861915638207147,0.00536259031360155,0.004737456471987259,22
20.97152932474491,2.337592810459084,18.63393651428583,100.0,0.15288512230098,599.4136826991859,True,True,True,True,,,,18.3946750164032,0.11458917237276552,0.10525345900454096,0.16819599832863963,0.14905365539424664,0.19901596763599894,0.3729063821740313,0.18156230637013,3.4969184407024425,0.5181672235617859,0.01093461510331543,22
21.369220019106137,2.7317018673669247,18.637518151739215,84.0,0.06037091967382866,610.8494106313445,True,True,True,True,,,,18.06563401222229,0.1040455302809597,0.1252700374429423,0.11679052737362339,0.10396067451145488,0.07232787006261512,0.3075231614630823,0.29130136581309,3.805773172280397,0.07950504024179907,0.009876330417275304,22
20.884210764474474,2.3719026432220867,18.512308121252385,100.0,0.1973497642259916,590.9666441003271,True,True,True,True,,,,18.328998804092407,0.11567045847378671,0.18732409887416857,0.10112576402268503,0.13616955085625387,0.20391527314682636,0.4355198122272087,0.15955066045009222,3.293100454118067,0.5161847591189602,0.011499030740560377,22
22.270593902222778,2.984129977353529,19.28646392486925,100.0,0.06475737243209596,601.6474592117683,True,True,True,True,,,,17.87654185295105,0.15516433356758877,0.137870006371733,0.10404817430415421,0.140699533463901,0.05082369910441471,0.4795082780879717,0.28104656986982424,3.9427869965226376,0.1346009220351804,0.007103664477207381,22
20.712227278477606,2.346782490377325,18.36544478810028,100.0,0.3360229917524899,575.4747523202556,True,True,True,True,,,,18.22373104095459,0.111395199716656,0.1417081398250575,0.10326423085532993,0.15676664072240074,0.20928918756982365,0.49866860470417174,0.12195882178220174,3.124473664480794,0.09251948883651409,0.010845693834616449,22
19.733538431873082,1.92003649089517,17.81350194097791,100.0,0.1926450835024263,740.3768957755012,True,True,True,True,,,,18.366970777511597,0.15233194939497574,0.21878086459629856,0.10409934844967994,0.10890516598507723,0.28957531541528936,2.480569509926565,0.1615097643136366,3.98581053088803,0.5828582532889073,0.009933726163800321,22
21.37012087447406,2.6502874516648065,18.719833422809252,92.0,0.3290244571341284,541.2865853482197,True,True,True,True,,,,17.81765103340149,0.1353743497411159,0.1348035842517625,0.10132540549361435,0.13993901874171663,0.08865727154180172,0.8310654450363549,0.12325941551654282,3.381572222712992,0.04920400187277965,0.004704703465986323,22
20.178142445002603,2.302559860575749,17.875582584426855,88.0,0.07018855935280828,660.7989723194709,True,True,True,True,,,,18.035037994384766,0.11555413071703863,0.10161855873376703,0.10062730405833965,0.1359814881213024,0.27565749356631003,0.6964303626705869,0.26972521016535655,3.2530421495632713,0.14955473009199582,0.007703722468578827,22
21.96012290765866,2.837404513965773,19.12271839369289,100.0,0.9836537616785899,491.727653791376,True,True,True,True,,,,17.76837706565857,0.1507135487162835,0.14449787172261114,0.10614694344929457,0.14247300012748423,0.06378895010934711,0.8248238977210098,0.22710867451687902,2.148487390713754,0.27823752237774024,0.004146097173573407,22
20.239846509294665,2.3696867408662,17.870159768428465,88.0,0.1946447708538847,595.5640711900278,True,True,True,True,,,,18.053570985794067,0.1421310051730052,0.10904589134550213,0.10038592874398583,0.10064773825821685,0.21992424989053658,0.2934243339989752,0.1606683109376224,3.423014233224383,0.06669851526649288,0.0065866885965261916,22
22.833775324133214,3.00053352749553,19.833241796637683,100.0,0.1800661981440419,552.0984993496804,True,True,True,True,,,,17.79928207397461,0.15312544145148752,0.22221012704172405,0.13780990607651056,0.11067170284185054,0.050339660872658995,0.4807381773278693,0.16712323095549794,3.7337229627406927,0.57302012888889,0.009777522095190287,22
19.56933457629811,2.074442548244776,17.494892028053332,84.0,0.25115234483585896,632.8308509612875,True,True,True,True,,,,18.065871238708496,0.10076853915606104,0.11096763374674191,0.11406817247902004,0.10142902239179798,0.2651300642434501,1.8046627206036825,0.1412503836614074,3.8145607863713784,0.0051943951163166,0.006806248257276529,22
20.456788363847966,2.370193815341892,18.086594548506078,92.0,0.5964658579413131,535.8735206711946,True,True,True,True,,,,18.0743408203125,0.13708993810250125,0.10418606173552733,0.10367876366835146,0.1339302188084531,0.20739680369868257,0.22213479569277128,0.2930976569191459,2.211557789099874,0.4478186048930881,0.011060965125946006,22
20.685846115756195,2.5180883261923417,18.167757789563854,88.0,0.30661177866965705,567.7686808994358,True,True,True,True,,,,18.03494095802307,0.11006542061299747,0.12541354768267637,0.10022156293477116,0.10563344133758168,0.11955864305211447,0.5564704083528775,0.1365977141194793,0.898606368975382,0.48182723537109295,0.011159020249341695,22
19.513751181760483,2.0084043215170713,17.50534686024341,84.0,0.5747891322652344,637.9073698339384,True,True,True,True,,,,18.059478044509888,0.15351653199227847,0.12575353146726256,0.10093184605827672,0.10763409086047585,0.20069802976556564,2.4635996777973075,0.29869872522921465,2.1417970947642466,0.57302012888889,0.009847283474864988,22
21.058050705374473,2.5488083804854704,18.509242324889,96.0,0.2684512560744943,551.754703546865,True,True,True,True,,,,17.7469220161438,0.11127953749910209,0.12531407364069597,0.10364502731629474,0.1438275553247539,0.10567027929430653,0.5588417600372049,0.13657981166820332,3.501098347693557,0.4138875147476675,0.009811863143894914,22
19.759612939970587,2.0715585409613686,17.68805439900922,88.0,0.06082703878412573,711.2626095157782,True,True,True,True,,,,18.051432847976685,0.15622871961638138,0.12579227364353998,0.1055019286859698,0.10201953797359548,0.28846195470360264,1.895468395906208,0.29018282408212104,3.901153349452558,0.49854818383177685,0.011089621749198992,22
21.27761833730154,2.6332309403808645,18.644387396920674,100.0,0.33101317432567773,542.0748265860417,True,True,True,True,,,,18.037823915481567,0.12991692896710583,0.1271493272313449,0.10603293093590857,0.1383465029401145,0.09252800978002754,0.7319140201060543,0.12288561510404128,3.380655316907304,0.4364622001305518,0.0038638972274037376,22
22.10466508797958,2.9272151443047854,19.177449943674794,100.0,0.3349817067557354,530.4971132120179,True,True,True,True,,,,17.77184295654297,0.12293830610555655,0.13330335704914095,0.10548629927536593,0.14952416429649945,0.0529534429429397,0.6810760495255689,0.12214973005246876,3.914293718958142,0.18044060779425397,0.007098889867749985,22
22.128553886052114,2.961203388145396,19.167350497906718,100.0,0.08848697716884485,582.2011234427001,True,True,True,True,,,,17.77036714553833,0.12023918695591193,0.1297004779927125,0.10008839160931363,0.14952416429649945,0.05027855754263662,0.4582447437305553,0.23968398843488728,3.9358089857245493,0.06062796624767418,0.011047274126191754,22
20.640856744844537,2.3703170143550083,18.27053973048953,96.0,0.23012273942307343,585.38429974418,True,True,True,True,,,,17.998973846435547,0.13658668135777186,0.11051252570989753,0.10081976952007306,0.15735901554789156,0.20391527314682636,0.4360425749469715,0.14762875335417672,3.2893220833222183,0.07849028449254927,0.01085024561428121,22
20.855239001065478,2.594072762829709,18.26116623823577,84.0,0.08205177574287009,598.9794549644229,True,True,True,True,,,,17.99531602859497,0.10560725996229268,0.11025593042709383,0.10291717520683198,0.11467548168248737,0.09729306826344658,0.48907644053664545,0.24908049734558613,3.1381619515924184,0.09211212052191764,0.010595214232378187,22
20.8950918256226,2.6466361299599055,18.248455695662695,84.0,0.38564534536460043,535.6477533042823,True,True,True,True,,,,17.732176780700684,0.12015389953756728,0.10467694505033602,0.10132540549361435,0.10175601721273428,0.08855446883265074,0.8308875983074153,0.11378375109278396,3.2825625418062336,0.18887616880184102,0.00478072774979252,22
22.36487262714411,2.8932244816098986,19.471648145534207,100.0,0.05944704682682231,608.835655555339,True,True,True,True,,,,17.809688091278076,0.13372062897744183,0.1107172973054214,0.10281037860804301,0.21667481642668923,0.05451955685525059,0.47202866290311685,0.29360689558830605,3.799315881831053,0.05736116868784144,0.010502389899648343,22
20.167754294347926,2.304916533995755,17.86283776035217,92.0,0.08467741466871978,645.5449826300385,True,True,True,True,,,,18.019206047058105,0.110925363046666,0.12800184148426685,0.1010277528241215,0.10841168519684821,0.2612910829387516,0.781997916873173,0.24511573025034258,3.99550639349152,0.07341852717715422,0.008001388596962845,22
19.98545125971811,2.308460071791155,17.67699118792696,84.0,0.1516201207558212,622.1877607809865,True,True,True,True,,,,18.001160860061646,0.11567006605188287,0.1070857596294381,0.10062730405833965,0.10179689996416338,0.27769386213840824,0.41595142453429623,0.18232835078833462,3.2504061250082423,0.5202736918456513,0.007703722468578827,22
21.4409769922058,2.772308432013893,18.668668560191907,96.0,0.19836279886227018,550.3262210811348,True,True,True,True,,,,17.825258016586304,0.11426038859434344,0.10443359615825772,0.10380088389009033,0.1361877834326239,0.06749725889026192,0.8931023713798021,0.1591380406523715,3.4935991703096523,0.412947817304648,0.00735618281087006,22
20.23385659737478,2.346281905221018,17.88757469215376,88.0,0.05965078180758618,651.1011718551428,True,True,True,True,,,,17.983865976333618,0.10995849161438231,0.1035834301910071,0.10170236204433851,0.12028932020812513,0.20718122668877995,0.19315349443550134,0.29309380422424947,3.8349406782965656,0.5027538567808715,0.004082232458580751,22
21.891966009981928,2.824894721381587,19.067071288600342,100.0,0.3588007519030806,532.5773915215933,True,True,True,True,,,,17.82296895980835,0.15341145289688135,0.13294308664689694,0.10018166653875295,0.1499822380362032,0.06503998708808152,0.6808396772292303,0.1179943892009186,3.123330705847314,0.1868691025365127,0.00714021068122717,22
20.198089604469708,2.057179743393768,18.140909861075937,100.0,0.3667466382663797,642.5149173107147,True,True,True,True,,,,18.03312873840332,0.1909105343599875,0.1576455389715457,0.10028575033730816,0.1354479556368129,0.29482953407947127,1.0542251547482875,0.11669967965064063,3.2257361907500064,0.07695879241884347,0.010625653876492098,22
20.90622316514537,2.5996408688412864,18.306582296304082,88.0,0.607851475090662,503.8214722293498,True,True,True,True,,,,17.947958946228027,0.11515105729625175,0.12977103165305692,0.10007657979729387,0.10376845512276622,0.09931193382543532,0.3075545791480734,0.29027826680748076,2.674104443905583,0.07407597834291782,0.01145602555400885,22
20.36796649744312,2.295922365157665,18.072044132285455,92.0,0.5726020760387986,555.7448309463781,True,True,True,True,,,,18.016531944274902,0.10999876241769668,0.11732591847478627,0.10742660593802286,0.1381423085609255,0.2745886840331464,0.6771520367997386,0.2992817101831966,2.2018262485223907,0.5575233615188143,0.011063491743626454,22
21.778645823640343,2.738238582183375,19.04040724145697,100.0,0.19061067750738223,556.1244042224677,True,True,True,True,,,,17.773582220077515,0.16783306821149138,0.12231208358612602,0.1231194057131077,0.13654614784745317,0.0769789833142963,0.8175211023748418,0.1623794983893178,3.775499560089362,0.3483756163801148,0.00605057357790126,22
20.4866230843065,2.364605030901548,18.122018053404954,92.0,0.19334492590738625,596.617314551645,True,True,True,True,,,,13.1564040184021,0.1421310051730052,0.12538115151309936,0.11247928640604175,0.10285068730370182,0.22213477583028002,0.2934243339989752,0.16121377851374266,3.423014233224383,0.08805445759102071,0.011762711334222294,22
21.003607006783703,2.599244120419129,18.404362886364574,88.0,0.9798502661376525,499.72912908719,True,True,True,True,,,,13.097759008407593,0.10579499023001707,0.13009104029662102,0.10282917199846453,0.1182645584702395,0.09648743807782187,0.5326720103580155,0.22755666554246193,2.168437558264764,0.5374406181380835,0.010611115479822877,22
19.595306569710324,2.0699700142520525,17.525336555458274,84.0,0.07650543988550125,684.6718360463626,True,True,True,True,,,,13.060680866241455,0.1159956587646359,0.11124013748830443,0.10482795615430023,0.10291715953425752,0.26114539523999103,1.9876135839619797,0.25812581500144194,3.699737946683692,0.4873898989111086,0.011032867134263526,22
20.493479220518,2.3524633325787936,18.141015887939204,100.0,0.20487548260927205,594.0155376265842,True,True,True,True,,,,12.609583139419556,0.12071144078481705,0.14976084692189842,0.10367983804864905,0.10428137492448702,0.22044461823139294,0.5321686605499688,0.15655947683867677,3.120830279972176,0.5243417391757106,0.011133652311774472,22
21.42621849854365,2.7811261131241696,18.645092385419485,96.0,0.4199933164134561,528.9671079384793,True,True,True,True,,,,10.474155902862549,0.1384992122747514,0.12502166023468858,0.10132540549361435,0.10894572212792805,0.07041652961750436,0.8821613498430659,0.10900036055399409,3.9592556106409926,0.423820834320369,0.004703143637410449,22
19.97234619042722,1.9431956281115503,18.02915056231567,96.0,0.15250539968584728,730.2342075397108,True,True,True,True,,,,10.656016111373901,0.14563530940305516,0.188517821996379,0.10362942899982515,0.14276448988772772,0.22414807738463774,2.7147315008291075,0.1817912431528725,3.112163072163238,0.5802803001386734,0.01113219041914862,22
21.832232430844545,2.8682833043258484,18.963949126518695,96.0,0.11311689533490157,571.4119856331467,True,True,True,True,,,,10.94252896308899,0.11567411348793448,0.12550168898932607,0.10079315340839953,0.1426712276641291,0.05757263952965225,0.43147204304968695,0.21154590456252015,3.2940906342732976,0.20848258196912745,0.007430488883278491,22
21.607124215026264,2.825510972772519,18.781613242253748,92.0,0.14102966137484116,576.5690446013424,True,True,True,True,,,,10.84496259689331,0.23117318418732136,0.10493023588929265,0.10397510460424207,0.10520220936443309,0.07555168517533035,0.3008032017589099,0.24518990543972963,1.1618196887364156,0.43851952843182573,0.006848350084001639,22
20.222034176749084,2.3542098185524036,17.86782435819668,92.0,0.3381913140756958,572.6721953310861,True,True,True,True,,,,10.999354839324951,0.10627371218137557,0.11911032412372158,0.10024254280290504,0.10494706205318385,0.20215163065256653,0.45525547771576047,0.12156413637772846,3.251936157095239,0.08251072064432292,0.011202021914691931,22
21.479428382536767,2.770045395629661,18.709382986907105,92.0,0.1547947843553186,559.9849288856059,True,True,True,True,,,,10.737658262252808,0.11425456430977478,0.10443359615825772,0.10380088389009033,0.14252578769547103,0.06749725889026192,0.8996775894728591,0.18042388363352194,3.489820799513804,0.41493028174747354,0.0076042291770169156,22
21.394531162209898,2.696867705390306,18.69766345681959,96.0,0.5719662604013617,500.0656089009334,True,True,True,True,,,,10.825088024139404,0.1509534508828423,0.10683724935603188,0.13325382880975403,0.10354020210671595,0.08219056424556132,0.2528427527783002,0.29945183082378946,2.9215245671629346,0.4843908636092633,0.0033963577627160826,22
20.413876361447198,2.327049053808207,18.086827307638988,100.0,0.5934596758906386,555.2140366129796,True,True,True,True,,,,10.97183609008789,0.14238727123377407,0.1046657235290939,0.10352834512293253,0.13833827192188483,0.2737195245533428,0.8307903907843606,0.2938557809045745,2.149100041605946,0.5465135083685972,0.010604886840525383,22
20.814408737778294,2.500227361510945,18.31418137626735,96.0,0.26196316289580235,558.7368777674583,True,True,True,True,,,,11.027384042739868,0.12279706518373143,0.12544519272813837,0.11245880729706091,0.10506380173808057,0.12791344950433975,0.5244200295296048,0.13827683360940352,3.4316199258437003,0.0069004043963051265,0.01021504233544832,22
20.422251690620435,2.3025747349149093,18.119676955705526,100.0,0.1784726151036477,618.4975083613706,True,True,True,True,,,,11.104238986968994,0.12071144078481705,0.12643493707204195,0.10009348672770502,0.14997408801712114,0.28717124581497366,0.665518820873375,0.16787681960226156,3.120830279972176,0.5243417391757106,0.00982167720889528,22
20.510614775290158,2.3983675764738046,18.112247198816355,92.0,0.19644817583059468,580.0550628009753,True,True,True,True,,,,11.044434070587158,0.10884028220107318,0.11161286027844071,0.10028349290984967,0.13502505023517916,0.16802735284023254,0.8019535318514167,0.15992059126583996,3.2320820214811192,0.4132638152672413,0.007793901885247633,22
22.752897458068166,2.9068269672397546,19.84607049082841,100.0,0.8245321181322752,490.75175599154966,True,True,True,True,,,,10.95767092704773,0.12277126557229527,0.16127269944299008,0.17362178772821857,0.14952416429649945,0.052043017025992774,0.6783698477228286,0.2484540041926942,2.94835189324083,0.19216137652298698,0.011047274126191754,22
20.79854264051643,2.5184810345005175,18.280061606015913,96.0,0.341347779623786,563.6696438439908,True,True,True,True,,,,11.183892965316772,0.22470633285372443,0.108878408649059,0.1005209520880792,0.10233091471788267,0.1690199298225832,0.8347322092831612,0.12099636785969473,3.9906806001810695,0.5073143358258309,0.007024276826028207,22
21.0970032152605,2.627089622111008,18.469913593149496,92.0,0.41972089408026264,536.8685029379617,True,True,True,True,,,,11.105408906936646,0.13018576801885326,0.1449650360598693,0.10618074732330242,0.10018493609791967,0.09707637530718075,0.5239998724639382,0.10903595791193205,3.118198455061225,0.4171487345926218,0.0038623373988278644,22
19.860103880204182,2.05468943095537,17.80541444924881,88.0,0.0842032417034814,682.9496899561747,True,True,True,True,,,,11.25118112564087,0.110966214621436,0.16461708502030767,0.10103811929143772,0.10762425011211271,0.26086362629819204,1.0142058958900986,0.24581782143835335,3.1152276918139936,0.19356494573559277,0.01113202365927273,22
20.85591779879729,2.520480008146064,18.335437790651227,92.0,0.7118999775185639,507.73478687371266,True,True,True,True,,,,11.34959602355957,0.11113456278927764,0.11763663895721155,0.10003285524109108,0.13520514991422694,0.11607378894431838,0.19383952037486663,0.26777507170148945,2.3256649187682643,0.48022728450051966,0.011218533231911083,22
19.34409998205048,1.9605530341712694,17.38354694787921,84.0,0.05809806517592713,768.8743249197715,True,True,True,True,,,,11.554903030395508,0.11005294191647365,0.10097697625816937,0.10241188733538127,0.13820364834823987,0.2752646364332598,2.671481846381808,0.2970730618202777,3.825164483946221,0.5575233615188143,0.010607362258390037,22
20.043190996218488,2.0476157899069896,17.9955752063115,92.0,0.7043640220732513,591.8136002008391,True,True,True,True,,,,11.559417963027954,0.10874110763851437,0.16785107686411552,0.10095116242801676,0.14058997429510608,0.267326895001715,1.1561047693600297,0.2692331881154249,2.1392237003280803,0.06193092733116122,0.011139852663397622,22
21.784746480364763,2.801503150445708,18.98324332991906,100.0,0.8823962433213418,492.5048095546522,True,True,True,True,,,,11.249289989471436,0.1303501407664425,0.142223013261089,0.10008445720102926,0.14291341069237615,0.06586333993335595,0.6760073155391408,0.24001762239941324,2.6973213030574623,0.09595526091221318,0.01091007484057515,22
19.78979601811351,1.9525459398288325,17.837250078284676,92.0,0.05802090744993108,783.0203627857414,True,True,True,True,,,,11.489211797714233,0.1907719889333749,0.12875515743601235,0.10142897405427344,0.14259896894198185,0.2407016346907852,2.4170640106869072,0.29727501903378795,3.0459851154748994,0.09771576053127917,0.01113219041914862,22
19.845751537774387,2.131805033651809,17.713946504122575,84.0,0.28100424520762785,607.6361506018994,True,True,True,True,,,,11.318094253540039,0.10858173083191107,0.1256977726883835,0.10387819591684046,0.10408248919459184,0.1872700749501604,1.142969971495178,0.1334661527626939,3.418981309987286,0.5448344860478208,0.011108144144607411,22
20.063632918722533,2.09938855010201,17.964244368620523,88.0,0.8553479306341102,571.0146801641313,True,True,True,True,,,,12.263495922088623,0.13034132390248437,0.12603219162557683,0.1008151019131071,0.142712123049322,0.20506592873071977,1.0094994920653737,0.24385321285184697,2.2681878831120175,0.5377791571824131,0.009639075645056913,23
20.4853894711019,2.1070818478868003,18.3783076232151,100.0,0.5819062755326903,580.3041943995776,True,True,True,True,,,,12.246977090835571,0.1531966964937422,0.23089401375263854,0.10485917173893601,0.10291174394037288,0.20065630224360606,1.9028272840324676,0.2968247199673893,2.1417970947642466,0.57302012888889,0.009811003490056073,23
21.256854283982463,2.4789402830121636,18.7779140009703,100.0,0.09892702836849494,613.9491247458765,True,True,True,True,,,,11.555261135101318,0.19919165153951568,0.16461708502030767,0.10018318601906276,0.14442865552690845,0.17721376620961923,0.15069747629232966,0.2264606249312865,3.123216883489999,0.08240981410322334,0.011431033165993792,23
21.439495290830248,2.771923908211501,18.667571382618746,88.0,0.19836279886227018,550.3187772390156,True,True,True,True,,,,11.519505262374878,0.11381584638435871,0.10448045396454392,0.10380088389009033,0.13617248835760312,0.06749725889026192,0.9890826101806249,0.1591380406523715,3.4935991703096523,0.412947817304648,0.007349024481533521,23
20.30712511505086,2.3430407580111674,17.96408435703969,88.0,0.22105251649677604,587.6974342459042,True,True,True,True,,,,11.71717619895935,0.11134936139073173,0.1014713862357264,0.10028141262069766,0.13456732231004404,0.20849422873634865,0.907912741328349,0.15065909115012438,3.4935991703096523,0.412947817304648,0.007984682852195604,23
19.851153824479567,2.0637596587629368,17.78739416571663,88.0,0.30042944593520315,631.0610715731915,True,True,True,True,,,,11.680320024490356,0.14362369889072488,0.11076778940329392,0.10040780499427093,0.1354666265533561,0.26086362629819204,1.813680527302408,0.12904099455619425,3.120830279972176,0.1936213326025204,0.011178910979565427,23
21.168814107655948,2.765731383228111,18.403082724427836,84.0,0.05847185933295713,611.6646633540079,True,True,True,True,,,,11.543327808380127,0.11114374498088585,0.1048880295848104,0.10056541769931626,0.1027227417610902,0.06964090027166182,0.8183097212008728,0.29610042284538046,3.0115118932028686,0.07630452626860096,0.007262691325788871,23
22.25254915150816,2.8173910377491436,19.435158113759016,96.0,0.3013930872616162,535.9182354826729,True,True,True,True,,,,11.84968113899231,0.11528980775120938,0.11051355134509439,0.17469349158223801,0.14995370555946103,0.058817358329487805,0.6810760495255689,0.1288327580193795,3.9215736913052135,0.18007514027025023,0.010633182277734812,23
20.79683537990164,2.609709307377702,18.187126072523935,84.0,0.26398751804016857,548.8444937446599,True,True,True,True,,,,11.99115538597107,0.11595939342666695,0.10903685947496577,0.10037961886479024,0.10062370613241135,0.09697432300589151,0.5262506858395988,0.13774058361337926,3.4316199258437003,0.3929357623599621,0.011643403310441395,23
21.74675323926704,2.756833784591156,18.989919454675885,100.0,0.333191488157473,535.2262410617191,True,True,True,True,,,,11.81221604347229,0.11162538904459171,0.1417081398250575,0.10326423085532993,0.1568229527833171,0.0687154335952823,0.297281911310171,0.12248005117454563,3.124473664480794,0.09750153577687683,0.010845693834616449,23
21.806111662885602,2.8425113431748814,18.96360031971072,92.0,0.4886089932629777,527.4449177377622,True,True,True,True,,,,11.914242029190063,0.12087626271267297,0.1253714829844231,0.10363975439872636,0.14372616464841967,0.06027690692994204,0.7091436267101994,0.13061776707284978,1.3894187314842326,0.0206840436393482,0.010710339926237959,23
20.239080849320054,2.3068990119844925,17.93218183733556,96.0,0.057431685844268554,677.2206769913669,True,True,True,True,,,,12.358697175979614,0.12071144078481705,0.12643493707204195,0.10009348672770502,0.12200921811490795,0.28717124581497366,0.665518820873375,0.29883088561565074,3.120830279972176,0.5243417391757106,0.00702192240236434,23
20.056813166581552,2.0469227386015936,18.00989042797996,96.0,0.4399326874912015,625.2327274974721,True,True,True,True,,,,12.586735010147095,0.10874110763851437,0.16785107686411552,0.10391551925494343,0.14058997429510608,0.267326895001715,1.1561047693600297,0.10648592133057197,3.881800968138901,0.18022225128283476,0.011135356109428056,23
20.594120937037317,2.3191734803626196,18.2749474566747,100.0,0.08195335432694001,642.4272321154727,True,True,True,True,,,,12.461627006530762,0.10842564760733026,0.16136908962555402,0.10022316410894011,0.13836873277742565,0.24365993076510192,0.6720465431002132,0.24923285808779305,3.2237890367913655,0.08251072064432292,0.010816832165665619,23
21.421392837687094,2.766285049790942,18.655107787896153,92.0,0.14083458482385838,578.024530393806,True,True,True,True,,,,12.366959810256958,0.209553079969262,0.10910064738950105,0.1003601854153531,0.10520220936443309,0.0816646660305991,0.13440144022031225,0.24536285009421516,1.1618196887364156,0.07443617124426635,0.006953889117904437,23
22.405269819221346,2.8533276555954186,19.551942163625924,100.0,0.07040285025195823,598.3246753829474,True,True,True,True,,,,12.25346302986145,0.10889466131330941,0.14280770050898006,0.14532109626559597,0.16472029503118152,0.05602371979224116,0.2852664825875019,0.26930595069932023,3.2365352250141597,0.07652196027675963,0.01113888746990115,23
20.653896387810583,2.5300999799603052,18.12379640785028,92.0,0.06012998208756126,623.6856531299954,True,True,True,True,,,,12.816045999526978,0.11113456278927764,0.11763663895721155,0.10003285524109108,0.10282142019101301,0.11607378894431838,0.21229289546045005,0.2918974251036261,3.929767079539456,0.08308970184919576,0.010476326582261527,23
19.982755253096403,2.0632473829047813,17.91950787019162,92.0,0.5701858881158103,593.0173213030074,True,True,True,True,,,,12.962792873382568,0.141444968484615,0.11759484516601178,0.11807545093335839,0.130384800448764,0.2686277468770499,1.157070191058108,0.2999297286332249,2.2480230365693847,0.42671475219102706,0.0056992946017525355,23
21.969528862151503,2.871661356410444,19.09786750574106,96.0,0.331092487911775,532.7239103862449,True,True,True,True,,,,12.69655966758728,0.13651835682879795,0.13484510447302142,0.10968391292925514,0.13993901874171663,0.05892605230202709,0.707848541560392,0.12287077763720008,3.381572222712992,0.04620134771340057,0.0042581931708784845,23
22.671590583471197,2.9821027490101195,19.689487834461076,100.0,0.1801588320937884,551.3637271606501,True,True,True,True,,,,13.05476188659668,0.12254919960005954,0.22433707241633621,0.13765755600394963,0.10291883411003047,0.05030962445749377,0.4834354237432676,0.16707973584781774,3.8620839744257207,0.08135865473509687,0.007304726139749213,23
19.861307331709956,2.074511886940895,17.78679544476906,92.0,0.171308881601569,655.7575291588461,True,True,True,True,,,,13.267749071121216,0.15592448597403094,0.14441436510812986,0.10137947343652617,0.10297541537126982,0.27668868595765184,1.0495559574779896,0.17139456054325333,3.911655865066105,0.5465135083685972,0.010613129192482789,23
20.374706299175376,2.3438664960873257,18.03083980308805,92.0,0.372017203383672,570.8049289814244,True,True,True,True,,,,13.457257986068726,0.10642902279783778,0.10963412224611407,0.10024254280290504,0.1384803494905851,0.20393265413147324,0.1709311853459779,0.11586401951208912,3.251936157095239,0.14861593351107982,0.006949437577086129,23
20.395138640703628,2.4283601157910657,17.96677852491256,92.0,0.4220748431470669,557.2965615613238,True,True,True,True,,,,13.440011024475098,0.13418085728960855,0.108878408649059,0.1005209520880792,0.10232530214401327,0.1690199298225832,0.8347306711664133,0.10872951391914154,3.9906806001810695,0.5073143358258309,0.007024276826028207,23
20.68369775273379,2.4226739451640467,18.261023807569742,92.0,0.05729231365011846,637.2624583449702,True,True,True,True,,,,13.682063102722168,0.10907085774364657,0.10051655307182117,0.12338421960344317,0.12718240829670102,0.14993757248790482,0.8159144122198653,0.2992024639404826,3.1132608329223213,0.4443244936346823,0.00709717190489719,23
19.892936005781383,2.06248332062648,17.830452685154906,88.0,0.08994308629406818,679.8650394783333,True,True,True,True,,,,13.650651931762695,0.14338247490181125,0.10869748399399431,0.10744706720717083,0.13848662736162612,0.25903414530048013,1.0240213036136692,0.23770070990454764,3.1255915725767207,0.088344317469545,0.006579120092924089,23
19.79579004978819,1.9209176704287165,17.874872379359473,96.0,0.2963318145141897,729.5089616545714,True,True,True,True,,,,13.604335069656372,0.1907719889333749,0.16255313981543268,0.10028616949065139,0.1354429203957639,0.2975324857935431,2.4349077712582416,0.12993786176834754,3.9945397200303647,0.19510037253251306,0.011155487959599298,23
20.067516831104147,2.294154860941882,17.773361970162266,84.0,0.1799091064725779,616.6070997624835,True,True,True,True,,,,13.75120496749878,0.1055462552797315,0.11376260561254709,0.10092889254600063,0.11609612348654443,0.2817597043701518,0.8895862346259787,0.16719706883925192,3.4965382388909427,0.4323747664065787,0.009910015359297296,23
20.658568176167687,2.5263783028376006,18.132189873330088,88.0,0.3112178279706101,549.5194087638409,True,True,True,True,,,,13.730679035186768,0.10627371218137557,0.11911032412372158,0.10024254280290504,0.10494706205318385,0.11571293391671617,0.45525547771576047,0.12676559378094232,3.251936157095239,0.08251072064432292,0.011202163910539692,23
20.430042361698035,2.3973535788985663,18.032688782799468,88.0,0.08543232888426792,629.0163135172113,True,True,True,True,,,,13.732306003570557,0.15226466769662794,0.12603219162557683,0.1008151019131071,0.10023702188627615,0.20594332204000368,0.31202621376832806,0.24401019257531384,3.141743893479907,0.5347455462079633,0.009639075645056913,23
20.235581803814814,2.319831929513827,17.915749874300985,84.0,0.05703286888494043,715.7347789422257,True,True,True,True,,,,13.484323024749756,0.15211645102808258,0.10053836797420075,0.10425229195568189,0.10876346077722235,0.07865546002254246,2.464410614148005,0.29989784623166277,3.1714134475258597,0.447303046911237,0.007158986543356233,23
20.36212656060637,2.3154278879613344,18.046698672645036,100.0,0.4154216232814829,580.5659625986061,True,True,True,True,,,,13.809573888778687,0.10895291919589936,0.14202123279446582,0.1018476934847691,0.12069104935309391,0.24664724412603795,0.958664357050165,0.10960240088825729,3.2233749597931562,0.07627682044371174,0.0041060734606276645,23
20.643431984840433,2.3448716649600674,18.29856031988037,100.0,0.6010410658543519,550.9148723478404,True,True,True,True,,,,13.854344844818115,0.15092310426978592,0.14449787172261114,0.10004619242427475,0.13836046673178193,0.2589072038279223,0.8302792147661484,0.29195494065707495,2.148487390713754,0.4846938158594895,0.0033850056304416424,23
21.899484127617782,2.985867853410771,18.91361627420701,88.0,0.42165964950966967,522.7809589658494,True,True,True,True,,,,13.525579929351807,0.12261855892239079,0.13330335704914095,0.10548629927536593,0.10089760142533132,0.05027855754263662,0.8314916038364981,0.10878337740798609,3.914293718958142,0.18044060779425397,0.004695726680181511,23
19.730570446537822,2.0550285977591782,17.675541848778646,88.0,0.7043640220732513,589.9073390498434,True,True,True,True,,,,13.71937608718872,0.10874110763851437,0.11027802127074707,0.10095116242801676,0.14076681920158787,0.27616309245670884,1.1561047693600297,0.2692331881154249,2.1392237003280803,0.08910991862378617,0.011139852663397622,23
21.33865098741536,2.6978248655571404,18.64082612185822,96.0,0.38564534536460043,537.1478308172125,True,True,True,True,,,,13.562988758087158,0.1867843651703301,0.10467694505033602,0.10129902953228496,0.1272637229154153,0.08855446883265074,0.8311417916905415,0.11378375109278396,3.1129781456297074,0.18887616880184102,0.004734314704239261,23
22.30061826868587,2.9757984932284027,19.324819775457467,100.0,0.05955533969430197,607.1425131822525,True,True,True,True,,,,13.427545070648193,0.13542237634328827,0.16504405938890326,0.10404691779322647,0.13330400456713343,0.05077040465718573,0.4774479826869077,0.2933338353198945,3.9396404444712347,0.05008776003022018,0.01113489143481722,23
21.517872267167093,2.819621708119238,18.698250559047853,88.0,0.06146399535167031,607.2695580641558,True,True,True,True,,,,13.458678007125854,0.10885768357804317,0.1451518177695113,0.10005325352986898,0.10281864029538777,0.06375992393662396,0.5910882553182285,0.28864200711322524,3.225236585924238,0.08267362857238274,0.004369966382435102,23
22.010567000489694,2.842502227847253,19.16806477264244,100.0,0.05702981277715479,613.3541744774245,True,True,True,True,,,,13.413269758224487,0.1418992599699125,0.14202123279446582,0.1003845829064443,0.15700709835723745,0.06196042888609789,0.6155192809512886,0.29990606613096726,3.1128237303163373,0.41971666571723404,0.006898818713896055,23
21.923714720245144,2.8960443920668877,19.027670328178257,96.0,0.06302067571906206,603.4521502926564,True,True,True,True,,,,13.504830837249756,0.11380305786129978,0.10829936529496767,0.10400446562127265,0.15855232743542141,0.05451955685525059,0.47202866290311685,0.28497659347760684,3.4938499003768158,0.1346009220351804,0.007245065958265764,23
20.85111501208019,2.556439256726481,18.29467575535371,88.0,0.2632860586167385,556.2184768592704,True,True,True,True,,,,13.510639190673828,0.14957634166520567,0.12543561700801517,0.10021308713855333,0.10401794060205964,0.1191909541176086,0.9066326695616778,0.1379256939311453,3.255866699579415,0.07254388465701095,0.007025758957643315,23
21.48989997207813,2.795669778691221,18.69423019338691,92.0,0.8360970289618284,496.33476413784285,True,True,True,True,,,,13.31028413772583,0.2119579285793711,0.10465869742993904,0.10335621841349803,0.10520220936443309,0.0773408984876756,0.1320256161044869,0.24669719033627913,2.143535841430002,0.0798914813611841,0.006953889117904437,23
20.68879571931671,2.5185272515274733,18.170268467789235,88.0,0.259010152050155,574.3440092173686,True,True,True,True,,,,13.510210990905762,0.11055183020799403,0.12540605293352508,0.10039566635366241,0.10563344133758168,0.11955864305211447,0.6077718594121485,0.14874996222935374,0.898606368975382,0.48182723537109295,0.011159020249341695,23
21.621348596205888,2.8011442153566466,18.82020438084924,96.0,0.05750868467253529,612.6044156175515,True,True,True,True,,,,13.329686880111694,0.1282042474327786,0.10502922571258595,0.10018166653875295,0.1499822380362032,0.06503998708808152,0.6812158036071878,0.2986261884919963,3.123330705847314,0.1868691025365127,0.00714021068122717,23
20.197621230042362,2.057198362454562,18.1404228675878,100.0,0.05831595682466586,723.1324922097244,True,True,True,True,,,,13.591089963912964,0.1909105343599875,0.1574939207377448,0.10028575033730816,0.13550604884075096,0.29482953407947127,1.0542251547482875,0.2965049380181253,3.2257361907500064,0.016110356087623907,0.010548703529018991,23
20.106342856600104,2.2679238854416717,17.838418971158436,88.0,0.08467741466871978,638.030109372067,True,True,True,True,,,,13.496267080307007,0.10994127782714015,0.12553544095499172,0.10100528487041592,0.10835368613793347,0.11953826199075152,1.0021005631541315,0.24511573025034258,3.3659763508353273,0.02707588247966014,0.011211757998599498,23
19.287979029774267,1.9728534579590216,17.315125571815244,84.0,0.07525614063987068,743.4874538960138,True,True,True,True,,,,13.496539115905762,0.11592440372399965,0.12537072265961705,0.1009006308697349,0.10843026312153564,0.24565371399565053,2.4778423846143407,0.2603019114852907,3.7035919611867887,0.5205633936787177,0.011069147119072429,23
20.26169149619402,2.3614198628573595,17.900271633336665,92.0,0.06146399535167031,646.5612145160711,True,True,True,True,,,,13.484347105026245,0.10774381820113185,0.12500057747819318,0.10005325352986898,0.10281864029538777,0.1985394076952341,0.5331113013871394,0.28864200711322524,3.225236585924238,0.08267362857238274,0.011091998724167374,23
22.262065786173753,3.003678603916183,19.25838718225757,92.0,0.5794243040291535,491.4693249808135,True,True,True,True,,,,13.31903600692749,0.16807180865729904,0.12450773749381706,0.10404817430415421,0.1391865332863198,0.05010002654140101,0.47737843637011573,0.29747426240242864,2.1681437286754175,0.1346009220351804,0.010147577040982928,23
22.36487262714411,2.8932244816098986,19.471648145534207,100.0,0.05944704682682231,608.835655555339,True,True,True,True,,,,13.301748037338257,0.13372062897744183,0.1107172973054214,0.10281037860804301,0.21667481642668923,0.05451955685525059,0.47202866290311685,0.29360689558830605,3.899712549241576,0.5436756063550985,0.011155708904225663,23
21.398247883583018,2.7423775281687073,18.65587035541431,92.0,0.592160620680354,497.90987718228246,True,True,True,True,,,,13.303412914276123,0.1516280572338471,0.11193021782012105,0.11669273562215586,0.10063187339844107,0.07654670364537394,0.31142276632993776,0.2941851994192086,2.881507279887967,0.040958428832590044,0.006873760531939791,23
19.818160506675717,2.076376867308661,17.741783639367053,88.0,0.20740687608001776,644.6914586234025,True,True,True,True,,,,14.082733869552612,0.1398103665071105,0.13885479914720378,0.10575777986946687,0.10352301925714179,0.26744187704091227,1.1423140077336618,0.15559043184447546,3.944599615127502,0.1807787322272384,0.007539596880055595,23
22.470582850081023,2.9698880304786166,19.50069481960241,100.0,0.06950830812216661,599.4421110599451,True,True,True,True,,,,13.830969095230103,0.19166432532142783,0.16486668582753006,0.10402084202044413,0.14067582730630876,0.05451955685525059,0.4776776217779777,0.2710691215117703,3.9427869965226376,0.13454453516825277,0.010100856480566115,23
22.13212504491932,2.9383042299344684,19.19382081498485,100.0,0.1551091172255128,556.4186275148326,True,True,True,True,,,,13.847054958343506,0.12324545150876305,0.13917632616195894,0.10916435742180158,0.14225728595336273,0.05234457969807378,0.4076533157355751,0.18023853493506048,3.2241779812626254,0.38516350866337756,0.008071175490454136,23
20.51186435385523,2.506249977118848,18.005614376736382,84.0,0.29913467095678353,551.8129631755742,True,True,True,True,,,,13.489412784576416,0.10134986029509607,0.10568479457907344,0.10390344085954961,0.1005313524791998,0.12048787967369232,0.48907644053664545,0.12932238107575028,3.1320590858948485,0.09211212052191764,0.010595214232378187,23
20.22062528750598,2.371066023524345,17.849559263981636,92.0,0.061953576500139926,649.1844306860711,True,True,True,True,,,,13.509862184524536,0.1329309413515767,0.10620189954552435,0.10032628226917364,0.10184172664865654,0.2091057590328056,0.500093436397455,0.2874741213354414,3.4877846314340215,0.09250228643684273,0.011043641632262124,23
21.941502200089154,2.813487464297116,19.12801473579204,100.0,0.13745790569137825,575.0315480865509,True,True,True,True,,,,13.36307978630066,0.13689597535363654,0.16963665718150286,0.10279150732085271,0.13535058015965856,0.06588102033339843,0.6027926505790873,0.24841528397356497,1.8339132483542753,0.4696110649699813,0.003683125504295899,23
22.18791915172224,2.9629670627556997,19.224952088966543,96.0,0.6927350243643186,489.6396216909479,True,True,True,True,,,,13.412245035171509,0.12293830610555655,0.13330335704914095,0.10548629927536593,0.14952416429649945,0.05027855754263662,0.6810760495255689,0.27153042890358603,2.170886455501529,0.06214928384280235,0.007067749536073175,23
20.188553834714476,2.3048286433543788,17.883725191360096,96.0,0.07018855935280828,660.8008795193193,True,True,True,True,,,,13.336091041564941,0.11785005035060934,0.10161855873376703,0.10062730405833965,0.1359814881213024,0.27565749356631003,0.6940545692772111,0.26972521016535655,3.2530421495632713,0.14955473009199582,0.007703722468578827,23
20.959769530194713,2.543150746811027,18.416618783383687,92.0,0.3607947439627247,547.7145335486666,True,True,True,True,,,,13.23677682876587,0.151336579568074,0.10958544320294808,0.10040771937727419,0.13633826125314685,0.12032240444577569,0.4173329780153203,0.11766544310960864,3.2484368686717513,0.0748880728278685,0.006749276057919401,23
20.624444403345592,2.3517069571968263,18.272737446148767,100.0,0.06714306365197659,661.8545343867099,True,True,True,True,,,,13.294453382492065,0.15279051214417602,0.14265364403774516,0.10028566579081942,0.13848662736162612,0.2694362738898701,0.9951722714454906,0.2759020994799429,3.2257361907500064,0.0741330649589632,0.007010139033083059,23
20.5804270586758,2.369028949658838,18.21139810901696,96.0,0.5882969247777714,536.0448500820303,True,True,True,True,,,,13.277709007263184,0.13893230762639155,0.10438893731271119,0.1027484091720589,0.15224896379397942,0.20716672430351488,0.9338488099599467,0.29517150584203755,2.1781595621755465,0.4478186048930881,0.01060943695801069,23
21.46647601092088,2.745093317161697,18.721382693759182,96.0,0.3398365033550937,541.1029794804051,True,True,True,True,,,,13.025136947631836,0.22589982534182973,0.12502166023468858,0.10132540549361435,0.10097504535514162,0.08876143121758595,0.8324919555362056,0.12126721449454728,3.0118541773014096,0.4323678889939308,0.004703143637410449,23
19.11731279524635,1.9749407309522573,17.14237206429409,84.0,0.1540984772012998,705.6433044371827,True,True,True,True,,,,13.424052238464355,0.11571681358626235,0.10110953765569103,0.10089035121974796,0.10107717403442414,0.2613890065749501,2.926565476507289,0.18083650343124263,3.146775479090742,0.5181672235617859,0.01093461510331543,23
20.209342594354364,2.3590943388929593,17.850248255461405,92.0,0.601272757673608,534.05311159883,True,True,True,True,,,,13.382483005523682,0.11113456278927764,0.11763663895721155,0.10003285524109108,0.10134713402066156,0.20251248568016905,0.21229289546045005,0.2918974251036261,2.3256649187682643,0.08251072064432292,0.011218391236063325,23
20.20576980471322,2.037701082261505,18.168068722451714,96.0,0.15666073696049626,657.9436518564122,True,True,True,True,,,,13.204661130905151,0.11639618033303772,0.18914269222368177,0.10114051502089859,0.14289311016394168,0.2596762716167207,1.9781238317674,0.17933187690278737,3.327582011853777,0.5393326925175412,0.009741180574247589,23
19.568238095359835,2.0744669721401015,17.493771123219734,84.0,0.25333900511616847,632.5341657146486,True,True,True,True,,,,13.17147183418274,0.1006962137587587,0.11096763374674191,0.11388448666457372,0.10142902239179798,0.2651300642434501,1.8044873278011242,0.14063349271153824,3.8145607863713784,0.10048902518992928,0.006806248257276529,23
20.95097665904401,2.5131941758601313,18.437782483183877,92.0,0.4695734872171397,545.4911512686976,True,True,True,True,,,,13.055045127868652,0.11584127293123404,0.12531407364069597,0.10014270952197801,0.1438275553247539,0.11949502660827793,0.5588417600372049,0.13326365382356464,1.1141841706663176,0.4802498973028716,0.009811863143894914,23
19.86274090774264,2.1093383247862816,17.753402582956358,84.0,0.5954323341418771,567.9953400311829,True,True,True,True,,,,13.130751848220825,0.10952178096782475,0.10443200075603618,0.10137947343652617,0.1357726533953128,0.19950851882403517,1.020936708050539,0.2933576420666094,2.1175930326668215,0.1946104707423237,0.010604835640709588,23
19.410197929116524,1.9607032907045183,17.449494638412002,84.0,0.7046580188745266,649.890143277241,True,True,True,True,,,,13.15474796295166,0.10890861155937531,0.10890273421621416,0.10393126294455843,0.14047965049591551,0.2664008103614433,2.718823946285043,0.2691758590836535,2.0999527091722126,0.0712309026186544,0.006954038895166333,23
20.806935661862642,2.57029010555711,18.23664555630553,96.0,0.05722568913245683,628.8872919761807,True,True,True,True,,,,13.050091028213501,0.16843739504693472,0.10903685947496577,0.10037961886479024,0.10050980539317486,0.12016913441613726,0.8857868810433394,0.2993805774109078,3.4356973524207226,0.41412057084389636,0.011069557776883876,23
19.622719270129426,1.9349698753892888,17.687749394740138,88.0,0.5946040868271237,660.1877225938347,True,True,True,True,,,,13.153731107711792,0.1220195228226927,0.13467443637890023,0.10140998864748033,0.15285162818533687,0.2613686371769674,2.8106229379195486,0.2935664859365646,2.333113505181671,0.44377944703334804,0.008039763738658343,23
22.186075521158223,2.9629291575974768,19.223146363560748,96.0,0.17001368972477574,552.0971056398165,True,True,True,True,,,,12.884621858596802,0.12293830610555655,0.13294308664689694,0.10551543384822691,0.14952416429649945,0.05027855754263662,0.6810760495255689,0.1720544028567051,3.9089349271054314,0.2028845567663211,0.01061271232080698,23
21.853743670105185,2.8799537105970643,18.973789959508117,100.0,0.06629835457215265,602.1221555393552,True,True,True,True,,,,12.95052170753479,0.13316113067947352,0.16930610582682037,0.10032628226917364,0.10168667402992512,0.05991622501092936,0.29870674300345423,0.27769138084730255,3.3719706983916886,0.061006196042928916,0.011043641632262124,23
22.678245515684647,2.6934827934467056,19.984762722237946,100.0,0.5700592888452788,502.0435551293934,True,True,True,True,,,,13.052123785018921,0.16892155970256856,0.10422518851452502,0.27647126633255725,0.15261840735091234,0.07653485831668769,0.689920151507476,0.2999637976871681,2.822417971305058,0.05912944712609103,0.006599525901858,23
19.98283350024917,2.311011114034597,17.671822386214576,88.0,0.0572974910595268,667.4111994095904,True,True,True,True,,,,13.149617910385132,0.11455204537937312,0.1000750013487443,0.10040359701737721,0.10175279283160205,0.2534648483065376,0.8139148876637681,0.29918863590446243,3.2828452290988475,0.4404499320592502,0.00709717190489719,23
19.439031593968288,1.957108799261487,17.4819227947068,88.0,0.10247949311263062,751.2591435099973,True,True,True,True,,,,13.258733034133911,0.15312544145148752,0.14167166315822693,0.10019435913321588,0.10771300132128311,0.2557959791238728,2.6612182284919648,0.28857348334016397,1.61892774578339,0.5679723081164192,0.009778698272579102,23
21.513701939977256,2.790497307167524,18.72320463280973,92.0,0.1788216941502475,554.4960835575703,True,True,True,True,,,,13.012980937957764,0.13540217573437846,0.10443359615825772,0.10137931667416382,0.13554293667206613,0.06749725889026192,0.8991548267530962,0.16771087477436394,3.7990651517638754,0.412947817304648,0.01060634842254229,23
21.04086806638857,2.574993199450986,18.465874866937583,88.0,0.1547938809382097,569.304353439554,True,True,True,True,,,,13.181094884872437,0.10560725996229268,0.11025593042709383,0.10291717520683198,0.1482373814905868,0.0993077772059017,0.6450698092197023,0.18042441716140184,3.1381619515924184,0.09211212052191764,0.010595214232378187,23
22.27269281399222,2.985861770442389,19.286831043549828,96.0,0.26935800673671,536.5257384583163,True,True,True,True,,,,13.01820683479309,0.1530310658388944,0.12567968185851447,0.10590878793193957,0.14953998508592797,0.050235434494744075,0.36741755582185687,0.13634757532108852,3.9362240836114815,0.03493421836170807,0.007261163300259498,23
21.10687186980536,2.6249141401471743,18.481957729658188,92.0,0.0951593814590462,600.1496533588837,True,True,True,True,,,,12.949796915054321,0.10565269832906263,0.14391690936892446,0.10540196124280028,0.10435713793940041,0.08999989669118938,0.6468642163966081,0.2997179736793693,1.434343353493676,0.5000497139668012,0.010594831605385513,23
20.971444825470282,2.5432794744367255,18.42816535103356,92.0,0.3607947439627247,547.6664404776044,True,True,True,True,,,,13.229209184646606,0.151336579568074,0.10893035200234763,0.10040771937727419,0.1384038322888627,0.12008945935423995,0.5988192747100997,0.11766544310960864,3.9242602323163727,0.0748880728278685,0.006928094288075198,23
21.088669574490506,2.5942021305954626,18.49446744389504,92.0,0.9774897182507234,499.9536825072707,True,True,True,True,,,,13.076006889343262,0.1057362717203091,0.13010232612220285,0.10029322639823327,0.13424797610100608,0.09648743807782187,0.5388247526757997,0.22783602999953106,2.150899871830885,0.0897536013185139,0.006989039232174988,23
19.8833379321493,2.0599906847623406,17.82334724738696,96.0,0.18188039333585024,653.0887958857465,True,True,True,True,,,,12.978332042694092,0.12558436556761404,0.16121315424230226,0.1042080721746861,0.10810053681825345,0.2768909445939689,1.8249420790339683,0.16627750933298316,3.1264291827226183,0.10609308706410896,0.011534649665102424,23
