case,solution_id,u_eff_w_m2k_path_a,structural_reserve_path_a,sda_pct_path_a,cost_usd_m2,heating_eui_kwh_m2_yr,cooling_eui_kwh_m2_yr,total_eui_kwh_m2_yr,sda_pct_path_b,df_mean_pct,structural_utilization_path_b,structural_reserve_path_b
A_Houston,92,0.145,0.488,9.8,688.0,3.496874604389664,115.7087276345953,119.20560223898497,0.0,0.411217,0.5008279863004232,0.49917201369957676
A_Houston,105,0.147,0.693,6.7,693.0,3.6500908370371103,87.75366193876503,91.40375277580215,0.0,0.216,0.30061878517028934,0.6993812148297107
A_Houston,157,0.151,0.693,6.3,683.0,3.7842925410268586,83.62997590826586,87.41426844929272,0.0,0.2045,0.30061878517028934,0.6993812148297107
A_Houston,93,0.171,0.692,13.9,764.0,4.1822890983007595,197.31684914199542,201.4991382402962,0.0,0.5099290000000001,0.30061878517028934,0.6993812148297107
A_Houston,134,0.184,0.676,20.7,787.0,4.467781400806476,261.6167778074835,266.08455920829,0.0,0.8743690000000001,0.3149796399360043,0.6850203600639957
A_Houston,137,0.187,0.693,11.3,637.0,4.737834022459419,124.06628499796206,128.80411902042147,0.0,0.4838888541666666,0.30061878517028934,0.6993812148297107
A_Houston,138,0.191,0.711,7.2,630.0,5.038155747298826,89.00518555665278,94.0433413039516,0.0,0.23546875000000003,0.2829597065093334,0.7170402934906666
A_Houston,122,0.191,0.397,20.8,801.0,4.692316223543015,180.57985124708853,185.27216747063156,0.0,0.9643199999999997,0.5877309595981481,0.41226904040185186
A_Houston,164,0.194,0.697,8.1,639.0,5.076804369351855,98.46730481397728,103.54410918332913,0.0,0.26468749999999996,0.2960510484850772,0.7039489515149229
A_Houston,129,0.197,0.686,7.8,630.0,5.205366054421637,90.35150276820318,95.55686882262482,0.0,0.25036458333333333,0.30529384258042014,0.6947061574195799
A_Houston,113,0.198,0.711,7.2,626.0,5.247472053120519,88.9216685175744,94.16914057069492,0.0,0.23661458333333335,0.2829597065093334,0.7170402934906666
A_Houston,106,0.2,0.515,11.6,622.0,5.138425450842546,128.0609001951901,133.19932564603266,0.0,0.496436875,0.4714195932134759,0.5285804067865241
A_Houston,8,0.203,0.171,16.4,745.0,5.20947337317799,130.6547255984516,135.86419897162958,0.0,0.48049500000000006,0.820987356888711,0.17901264311128895
A_Houston,161,0.204,0.42,30.3,828.0,5.138877443992388,198.59292771893848,203.73180516293087,0.0,1.1035419999999998,0.5638112482708496,0.4361887517291504
A_Houston,247,0.205,0.707,12.9,638.0,5.2738168534757754,137.94096494729772,143.2147818007735,0.0,0.5552937499999999,0.2829597065093334,0.7170402934906666
A_Houston,111,0.205,0.682,19.8,842.0,5.29141312464217,134.2938221593639,139.5852352840061,0.0,0.5654999999999999,0.3100796169112111,0.6899203830887889
A_Houston,54,0.211,0.331,24.4,766.0,5.363751665722705,185.0633023143888,190.4270539801115,0.0,0.9210880000000001,0.6661948699473282,0.33380513005267176
A_Houston,61,0.212,0.903,17.1,879.0,5.396003483562881,204.90099128615827,210.29699476972115,0.0,0.5405,0.09623489176630343,0.9037651082336966
A_Houston,208,0.22,0.473,15.7,636.0,5.726875246026953,169.96327895106378,175.69015419709072,0.0,0.6523286458333334,0.5085572066219608,0.4914427933780392
A_Houston,10,0.221,0.68,22.7,869.0,5.726907034344535,151.13232072640042,156.85922776074494,0.0,0.725928,0.3092866463770003,0.6907133536229997
A_Houston,177,0.222,0.82,14.7,669.0,5.841047983255522,136.93286815956318,142.7739161428187,0.0,0.5418829166666667,0.17613679267182794,0.8238632073281721
A_Houston,46,0.233,0.723,23.6,910.0,6.082830480388721,157.24295738532663,163.32578786571537,0.0,0.6895,0.2687526332010192,0.7312473667989807
A_Houston,226,0.235,0.912,33.2,970.0,5.916014261154095,403.588286491118,409.5043007522721,16.666666666666668,1.4651440000000002,0.08754043771042014,0.9124595622895799
A_Houston,66,0.243,0.836,17.1,814.0,6.474478651260172,138.3299533496208,144.80443200088098,0.0,0.554094,0.16128260831915137,0.8387173916808486
A_Houston,126,0.245,0.629,27.7,939.0,6.441611482712181,176.30314266244685,182.74475414515902,0.0,0.804,0.35876688505862825,0.6412331149413717
A_Houston,91,0.253,0.629,42.4,961.0,6.535758747816989,272.27022068545364,278.80597943327064,16.666666666666668,1.7041559999999998,0.35876688505862825,0.6412331149413717
A_Houston,79,0.255,0.806,33.0,954.0,6.672049101092066,264.67949348563343,271.3515425867255,0.0,1.1018700000000001,0.1912412624354905,0.8087587375645096
A_Houston,37,0.255,0.458,32.4,941.0,6.604462406364387,329.1311549767853,335.7356173831497,0.0,1.115865,0.5266261744362202,0.4733738255637798
A_Houston,212,0.258,0.899,22.8,739.0,6.895955907246724,188.4457490730393,195.341704980286,0.0,0.9205831250000003,0.1000348797248822,0.8999651202751178
A_Houston,150,0.258,0.661,9.5,596.0,7.203940587148086,107.31906187753307,114.52300246468116,0.0,0.3437843750000001,0.3304026928139801,0.66959730718602
A_Houston,133,0.265,0.389,44.6,976.0,6.882251894067889,284.50635488152164,291.38860677558955,16.666666666666668,1.8167039999999999,0.5976542554466129,0.4023457445533871
A_Houston,250,0.269,0.809,45.3,1019.0,6.936755991117563,420.6441266535295,427.5808826446471,16.666666666666668,1.817181,0.18690586045356947,0.8130941395464305
A_Houston,56,0.271,0.568,34.3,902.0,7.064077464280215,405.65534370715886,412.7194211714391,16.666666666666668,1.4024880000000002,0.41999607705548353,0.5800039229445164
A_Houston,131,0.28,0.71,8.2,599.0,8.103138671864901,92.8297375651876,100.9328762370525,0.0,0.26737500000000003,0.2829597065093334,0.7170402934906666
A_Houston,32,0.283,0.547,35.7,933.0,7.606220965478566,263.34263969837605,270.9488606638546,11.11111111111111,1.27428,0.43885174219363177,0.5611482578063682
A_Houston,81,0.283,0.792,34.1,1001.0,7.5018297821862046,329.08445574733213,336.58628552951836,5.555555555555555,1.220544,0.20374014815976485,0.7962598518402352
A_Houston,45,0.284,0.912,36.8,1004.0,7.43120926361414,456.4785004297203,463.90970969333443,16.666666666666668,1.6466759999999998,0.08683143241592861,0.9131685675840714
A_Houston,42,0.284,0.904,38.4,1016.0,7.474582066080141,408.6499212317791,416.12450329785923,16.666666666666668,1.552462,0.09433724135903705,0.9056627586409629
A_Houston,251,0.289,0.917,52.0,1109.0,7.580479546098957,491.7808804457318,499.3613599918307,16.666666666666668,2.0928070000000005,0.08210384763813516,0.9178961523618648
A_Houston,124,0.293,0.657,52.3,1058.0,7.7997815156106505,297.8881367150577,305.6879182306684,16.666666666666668,2.143712,0.3357979772483789,0.6642020227516211
A_Houston,100,0.305,0.618,53.0,1080.0,8.049818095738368,528.2325184887651,536.2823365845035,16.666666666666668,2.2644349999999998,0.37115180423485583,0.6288481957651442
A_Houston,194,0.308,0.52,56.8,1088.0,8.182682356234464,516.8882463535563,525.0709287097908,16.666666666666668,2.342,0.46108478396627384,0.5389152160337262
A_Houston,36,0.312,0.816,42.8,1039.0,8.469229295762506,342.4335873314912,350.9028166272537,16.666666666666668,1.6735439999999997,0.18092698443091942,0.8190730155690806
A_Houston,246,0.314,0.707,14.9,600.0,9.036281702861352,153.4792547991585,162.51553650201984,0.0,0.6425072916666666,0.2829597065093334,0.7170402934906666
A_Houston,7,0.315,0.098,35.3,916.0,8.672468180337752,308.5525433129417,317.2250114932794,5.555555555555555,1.225722,0.8659610994549559,0.13403890054504408
A_Houston,44,0.315,0.648,36.2,972.0,8.58207091528948,381.5780029055852,390.1600738208747,16.666666666666668,1.398004,0.34132744582766855,0.6586725541723315
A_Houston,142,0.317,0.658,58.6,1120.0,8.570923100745915,333.60754427260474,342.17846737335066,22.22222222222222,2.44755,0.3304026928139801,0.66959730718602
A_Houston,135,0.317,0.719,22.0,690.0,8.95076274370867,176.65200693749287,185.60276968120152,0.0,0.8544547916666669,0.27471204488366247,0.7252879551163376
A_Houston,123,0.318,0.624,8.9,584.0,9.562333472059171,95.54541825222506,105.10775172428424,0.0,0.27729166666666666,0.3648800093978636,0.6351199906021364
A_Houston,234,0.322,0.901,59.1,1178.0,8.59533089168031,558.4672931310406,567.0626240227209,22.22222222222222,2.460449,0.09846538171234095,0.901534618287659
A_Houston,95,0.332,0.734,59.8,1157.0,9.001542625450186,499.92292147711237,508.9244641025625,16.666666666666668,2.3964420000000004,0.25927013849279473,0.7407298615072053
A_Houston,182,0.333,0.919,31.3,750.0,9.23204756001583,434.7751835623438,444.0072311223596,11.11111111111111,1.3348752083333337,0.08082480803459696,0.919175191965403
A_Houston,151,0.335,0.625,29.1,674.0,9.55652005836165,181.53288276508974,191.0894028234514,5.555555555555555,1.2538143750000001,0.3648800093978636,0.6351199906021364
A_Houston,127,0.337,0.439,35.7,665.0,9.594375352013436,238.58087370193005,248.1752490539435,11.11111111111111,1.3185333333333333,0.5406709972288026,0.45932900277119737
A_Houston,216,0.341,0.609,31.9,690.0,9.482232563525045,454.3908605554175,463.87309311894256,16.666666666666668,1.3872397916666666,0.3775878208843349,0.6224121791156652
A_Houston,145,0.345,0.443,66.0,1178.0,9.40728083529963,525.2527772546932,534.6600580899928,33.333333333333336,2.781,0.5406709972288026,0.45932900277119737
A_Houston,98,0.35,0.71,25.1,698.0,10.357853788764592,149.10728655043846,159.46514033920303,0.0,0.7304687500000001,0.2829597065093334,0.7170402934906666
A_Houston,249,0.352,0.914,66.8,1257.0,9.6216489088479,554.1228345345028,563.7444834433506,33.333333333333336,2.7975119999999998,0.0847559649988512,0.9152440350011488
A_Houston,153,0.355,0.434,66.4,1197.0,9.73163924012118,553.4538549982303,563.1854942383515,33.333333333333336,2.83104,0.5520582342185952,0.44794176578140477
A_Houston,68,0.356,0.24,35.8,939.0,10.130327185288188,301.09343512096,311.22376230624815,0.0,1.167142,0.7542330779732377,0.2457669220267623
A_Houston,83,0.357,0.425,53.8,1073.0,9.924492336573017,456.6887626552409,466.61325499181396,16.666666666666668,2.1199999999999997,0.573657320642683,0.42634267935731696
A_Houston,78,0.361,0.183,23.7,637.0,10.70365531190888,166.12384728292653,176.82750259483544,0.0,0.7115625000000001,0.8081985713454252,0.19180142865457483
A_Houston,20,0.362,0.917,32.1,991.0,10.397490114739087,315.00639043617724,325.40388055091637,5.555555555555555,1.2299040000000003,0.082754933046708,0.917245066953292
A_Houston,217,0.362,0.657,36.3,721.0,10.501681846736592,192.66840340369833,203.1700852504349,16.666666666666668,1.5302925000000003,0.33311264753160513,0.6668873524683949
A_Houston,94,0.365,0.413,23.2,612.0,10.711119383234738,235.8655162766671,246.57663565990185,0.0,0.9566104166666667,0.568616322551682,0.43138367744831796
A_Houston,112,0.368,0.698,36.9,711.0,10.626363661202069,320.6671011482495,331.29346480945156,11.11111111111111,1.2883795833333334,0.2960510484850772,0.7039489515149229
A_Houston,118,0.369,0.71,61.9,1254.0,10.301913933775129,487.8245436956694,498.12645762944453,16.666666666666668,2.339368,0.2829597065093334,0.7170402934906666
A_Houston,200,0.37,0.908,37.9,791.0,10.502460420345,471.71392705084713,482.2163874711921,16.666666666666668,1.6036693750000002,0.0909344422342505,0.9090655577657495
A_Houston,34,0.372,0.921,24.5,885.0,11.028113090924418,195.24838444097898,206.27649753190337,0.0,1.05798,0.07833410678833409,0.9216658932116659
A_Houston,160,0.373,0.555,70.7,1250.0,10.329817521678683,573.8921998124491,584.2220173341278,33.333333333333336,2.9636,0.43574149063150064,0.5642585093684993
A_Houston,166,0.374,0.643,72.3,1259.0,10.371081128336634,580.1484481823746,590.5195293107113,33.333333333333336,3.0641760000000002,0.34699559534083374,0.6530044046591663
A_Houston,180,0.378,0.349,73.2,1250.0,10.490016861871007,591.9668535089646,602.4568703708356,33.333333333333336,3.1300000000000003,0.6289909058013197,0.37100909419868033
A_Houston,195,0.378,0.583,73.7,1264.0,10.491286359364306,594.9206320300904,605.4119183894546,33.333333333333336,3.132736,0.405093996418075,0.594906003581925
A_Houston,220,0.378,0.91,73.5,1323.0,10.5063634602548,588.3750634934348,598.8814269536896,33.333333333333336,3.122868,0.08898508640546395,0.911014913594536
A_Houston,168,0.379,0.46,74.3,1262.0,10.53947556287875,598.5265354558451,609.0660110187239,33.333333333333336,3.176,0.51893440874094,0.48106559125906
A_Houston,171,0.38,0.918,73.3,1331.0,10.56207071037585,590.2512831499494,600.8133538603253,33.333333333333336,3.0929040000000003,0.08146051362198155,0.9185394863780184
A_Houston,185,0.381,0.738,73.5,1276.0,10.614842416516208,596.4810623006831,607.0959047171993,33.333333333333336,3.13236,0.2556146017503957,0.7443853982496043
A_Houston,59,0.385,0.521,28.9,663.0,11.326771520476662,226.0050885386958,237.33186005917247,5.555555555555555,1.2486340625000003,0.4627120253540645,0.5372879746459355
A_Houston,108,0.389,0.719,11.8,578.0,12.10015809678661,129.2593562090724,141.359514305859,0.0,0.50824125,0.27471204488366247,0.7252879551163376
A_Houston,33,0.389,0.856,42.4,1021.0,11.308109867246207,251.504267747892,262.8123776151382,16.666666666666668,1.6908779999999994,0.14156017839369026,0.8584398216063097
A_Houston,201,0.39,0.471,42.3,697.0,11.418768869240292,255.49100571202948,266.9097745812698,16.666666666666668,1.619275625,0.5085572066219608,0.4914427933780392
A_Houston,16,0.392,0.162,54.2,1052.0,11.279433304665142,320.22258556364693,331.5020188683121,16.666666666666668,2.291839,0.8139922631484039,0.1860077368515961
A_Houston,48,0.412,0.941,39.8,1121.0,12.197341452311889,346.9032059622246,359.1005474145365,5.555555555555555,1.2286160000000002,0.058899195124684146,0.9411008048753159
A_Houston,191,0.415,0.907,70.3,1274.0,11.843787641696983,544.4697669767085,556.3135546184054,33.333333333333336,2.969712,0.09122091773576688,0.9087790822642331
A_Houston,103,0.43,0.628,48.8,716.0,12.695401122989093,482.2788601225592,494.9742612455483,16.666666666666668,1.9169791666666671,0.35876688505862825,0.6412331149413717
A_Houston,57,0.431,0.913,37.9,742.0,13.089585188431464,239.11141379293682,252.2009989813683,11.11111111111111,1.283865,0.08543933636172382,0.9145606636382762
A_Houston,181,0.441,0.468,71.7,1224.0,12.809540590240537,580.1624515983351,592.9719921885757,33.333333333333336,3.029736,0.51893440874094,0.48106559125906
A_Houston,14,0.442,0.826,31.0,732.0,13.607883346515871,240.99930431169253,254.6071876582084,0.0,0.9533333333333335,0.1701199144238895,0.8298800855761105
A_Houston,19,0.443,0.852,39.5,759.0,13.355886247071453,381.6783094412674,395.0341956883388,16.666666666666668,1.421083125,0.14588406816662258,0.8541159318333774
A_Houston,24,0.443,0.941,33.8,796.0,13.474927826779687,255.4779472868693,268.952875113649,0.0,1.1928182291666667,0.0585106612297967,0.9414893387702032
A_Houston,21,0.446,0.758,49.0,762.0,13.262303868079309,471.7859710556229,485.0482749237022,16.666666666666668,1.8993333333333333,0.23574250325808427,0.7642574967419158
A_Houston,255,0.446,0.918,46.0,792.0,13.237749949308217,498.04606815961495,511.2838181089232,16.666666666666668,2.030056875,0.08146051362198155,0.9185394863780184
A_Houston,2,0.45,0.386,37.1,692.0,13.727759599668776,261.5885748173146,275.3163344169834,11.11111111111111,1.322933333333334,0.6131228603782335,0.3868771396217665
A_Houston,22,0.455,0.804,40.2,733.0,13.786499442705768,395.9833248344627,409.7698242771684,16.666666666666668,1.5444320833333334,0.19216674916111073,0.8078332508388892
A_Houston,15,0.456,0.509,44.1,714.0,13.767487233098153,350.95908598524966,364.7265732183478,16.666666666666668,1.7153835416666665,0.47852221733375727,0.5214777826662427
A_Houston,242,0.457,0.701,53.9,748.0,13.91279192093336,258.74725264553433,272.6600445664677,16.666666666666668,2.1577359375,0.29158736570389315,0.7084126342961068
A_Houston,240,0.465,0.101,54.5,727.0,14.13119241867477,294.06861560031825,308.19980801899305,16.666666666666668,2.1671925000000005,0.861346487273034,0.13865351272696602
A_Houston,13,0.465,0.888,45.7,772.0,14.050963652093303,343.3780414793971,357.4290051314904,16.666666666666668,1.8346109375,0.11057767488520936,0.8894223251147906
A_Houston,11,0.467,0.731,44.0,717.0,14.210013250120411,306.6385453670557,320.84855861717614,16.666666666666668,1.9132208333333334,0.26200285400575807,0.7379971459942419
A_Houston,96,0.467,0.439,53.9,735.0,14.095518626775435,344.8942157136088,358.98973434038425,16.666666666666668,2.2115362500000004,0.5406709972288026,0.45932900277119737
A_Houston,140,0.476,0.72,49.5,758.0,14.619413877551912,312.191002631286,326.8104165088379,16.666666666666668,1.7881645833333335,0.27471204488366247,0.7252879551163376
A_Houston,174,0.478,0.89,56.2,792.0,14.631109618824208,299.6769415687204,314.3080511875446,16.666666666666668,2.2426364583333336,0.10857168559749868,0.8914283144025014
A_Houston,3,0.478,0.934,37.6,793.0,14.797757991514878,291.74415596474734,306.5419139562622,11.11111111111111,1.28676625,0.06523214464339099,0.934767855356609
A_Houston,80,0.479,0.753,31.5,711.0,14.914793331136643,319.0904092243409,334.0052025554775,0.0,1.0883789583333334,0.24183508446477195,0.758164915535228
A_Houston,28,0.479,0.133,41.0,689.0,14.888898601196855,262.3536459597167,277.24254456091353,16.666666666666668,1.3875468749999997,0.8391584732419656,0.16084152675803443
A_Houston,193,0.48,0.101,29.4,580.0,15.21088467191607,203.51819819286504,218.7290828647811,0.0,1.0725044166666668,0.861346487273034,0.13865351272696602
A_Houston,4,0.481,0.337,50.5,733.0,14.65001531466245,357.45503334408386,372.1050486587463,16.666666666666668,2.010388645833334,0.6429638141635035,0.35703618583649654
A_Houston,248,0.494,0.916,28.0,688.0,15.442011165645463,376.70733064694605,392.1493418125915,5.555555555555555,1.220236875,0.08341389530257999,0.91658610469742
A_Houston,86,0.495,0.9,41.8,767.0,15.483504458267346,255.92763729088847,271.41114174915583,16.666666666666668,1.5220104166666668,0.10014004919789232,0.8998599508021077
A_Houston,49,0.496,0.906,43.5,762.0,15.35738271412991,274.3302786243938,289.68766133852375,16.666666666666668,1.8499387500000002,0.09275921310305343,0.9072407868969465
A_Houston,219,0.503,0.898,55.8,806.0,15.24986512924476,570.8067348799617,586.0566000092064,16.666666666666668,2.387870833333334,0.10019378813116624,0.8998062118688338
A_Houston,252,0.513,0.596,57.0,760.0,15.60555899551278,577.8769510156139,593.4825100111268,22.22222222222222,2.4475676041666667,0.3909759641468021,0.609024035853198
A_Houston,64,0.518,0.927,44.1,781.0,16.035889890569738,436.02076598485377,452.05665587542353,16.666666666666668,1.9329956250000007,0.07212799737853165,0.9278720026214684
A_Houston,65,0.521,0.925,53.6,801.0,16.103222878153726,418.59670912870286,434.6999320068566,16.666666666666668,2.3558333333333334,0.07430267915553751,0.9256973208444625
A_Houston,77,0.523,0.375,54.3,739.0,16.150129754790903,497.7126370973026,513.8627668520935,16.666666666666668,2.2069884375,0.607832719249388,0.392167280750612
A_Houston,144,0.525,0.413,47.7,705.0,16.170672634473537,533.1306573673734,549.301330001847,16.666666666666668,2.130580833333334,0.568616322551682,0.43138367744831796
A_Houston,239,0.528,0.904,14.5,622.0,17.76437964982067,135.62792710349134,153.39230675331203,0.0,0.5961770833333334,0.09433724135903705,0.9056627586409629
A_Houston,27,0.531,0.147,47.7,692.0,16.7706932766597,265.7149121649754,282.4856054416351,16.666666666666668,1.956120833333334,0.8178212940690749,0.1821787059309251
A_Houston,39,0.533,0.64,32.1,580.0,17.40843321456713,193.37518156618427,210.7836147807514,5.555555555555555,1.237179,0.352807112774649,0.647192887225351
A_Houston,213,0.534,0.914,61.2,827.0,16.481922873469685,532.5673574797208,549.0492803531905,27.77777777777778,2.568110416666667,0.08543933636172382,0.9145606636382762
A_Houston,104,0.538,0.628,64.3,768.0,16.65874423041743,518.4446839291912,535.1034281596087,27.77777777777778,2.623958333333334,0.35876688505862825,0.6412331149413717
A_Houston,152,0.546,0.685,25.3,601.0,18.438231618924867,147.53133652941128,165.96956814833615,0.0,0.7084791666666667,0.30529384258042014,0.6947061574195799
A_Houston,72,0.548,0.303,53.2,712.0,17.13817241930842,409.3926307680985,426.53080318740695,16.666666666666668,2.290886354166667,0.6903939389451098,0.3096060610548902
A_Houston,73,0.551,0.413,55.4,720.0,17.146965419935782,469.70811244427284,486.8550778642086,22.22222222222222,2.4962976041666662,0.5850810189421095,0.4149189810578905
A_Houston,23,0.551,0.91,31.7,650.0,17.744895653483155,354.07588068074153,371.8207763342247,16.666666666666668,1.4198658749999997,0.08825827313037274,0.9117417268696273
A_Houston,74,0.551,0.887,44.4,733.0,17.490144060888237,426.42734297899716,443.9174870398854,16.666666666666668,1.7205879166666667,0.11160182134650343,0.8883981786534966
A_Houston,154,0.553,0.701,38.8,600.0,18.14714368377144,220.96977066146007,239.11691434523152,16.666666666666668,1.4283043333333336,0.29158736570389315,0.7084126342961068
A_Houston,29,0.554,0.929,53.0,873.0,17.372537840333706,465.3278201839129,482.70035802424655,16.666666666666668,2.153394375,0.07054575141901007,0.9294542485809899
A_Houston,203,0.559,0.549,65.9,793.0,17.607687333055203,333.56411903729526,351.17180637035045,33.333333333333336,2.7533022916666674,0.43885174219363177,0.5611482578063682
A_Houston,228,0.566,0.681,24.6,553.0,18.829646640141075,186.57062874225468,205.40027538239576,0.0,1.0544482083333333,0.3100796169112111,0.6899203830887889
A_Houston,204,0.569,0.706,42.1,666.0,18.569289474613647,254.81766123296316,273.38695070757683,16.666666666666668,1.6242027083333337,0.28722459350669793,0.7127754064933021
A_Houston,221,0.57,0.572,68.6,785.0,17.84454731431252,567.1263764797942,584.9709237941066,33.333333333333336,2.808000937500001,0.41244345211590305,0.587556547884097
A_Houston,179,0.577,0.925,16.1,597.0,19.909974175361274,141.5191387872764,161.4291129626377,0.0,0.6858749999999999,0.07430267915553751,0.9256973208444625
A_Houston,202,0.579,0.89,68.3,833.0,18.318861568935446,372.2415853378635,390.560446906799,33.333333333333336,2.8543453125,0.10857168559749868,0.8914283144025014
A_Houston,205,0.58,0.908,70.2,877.0,18.19706939622049,569.3135254880194,587.5105948842399,33.333333333333336,2.8793668750000005,0.0909344422342505,0.9090655577657495
A_Houston,245,0.58,0.907,32.6,691.0,18.786091821985398,446.50724681136836,465.2933386333538,16.666666666666668,1.4051640625000004,0.09198518306069842,0.9080148169393016
A_Houston,62,0.581,0.135,51.2,708.0,18.48479290307715,479.50763211187444,497.99242501495155,16.666666666666668,2.0028444791666673,0.8543379218146212,0.1456620781853788
A_Houston,128,0.584,0.428,69.1,777.0,18.235160106330646,629.6053104375122,647.8404705438429,33.333333333333336,2.908125,0.5520582342185952,0.44794176578140477
A_Houston,143,0.588,0.235,70.4,769.0,18.53266067851034,574.4201905934333,592.9528512719437,33.333333333333336,2.888765000000001,0.7401591467831479,0.25984085321685213
A_Houston,175,0.588,0.914,69.0,850.0,18.546907653062792,563.7381377663755,582.2850454194382,33.333333333333336,2.776720833333333,0.0847559649988512,0.9152440350011488
A_Houston,141,0.594,0.723,66.6,805.0,18.866861634122206,417.92182558482034,436.7886872189426,27.77777777777778,2.6677750000000002,0.2707237630472259,0.7292762369527741
A_Houston,87,0.604,0.728,27.9,580.0,20.092029368680056,319.042797944978,339.13482731365804,0.0,1.1762562499999998,0.26514672494010216,0.7348532750598978
A_Houston,99,0.618,0.583,74.0,805.0,19.682430676091073,479.1983369508853,498.8807676269764,33.333333333333336,3.117513437500001,0.405093996418075,0.594906003581925
A_Houston,60,0.619,0.83,24.6,627.0,21.118368863738873,195.7104816925241,216.82885055626298,0.0,0.8214999999999998,0.1684365269822158,0.8315634730177842
A_Houston,187,0.624,0.917,75.3,869.0,19.792947895341197,610.947527570911,630.7404754662522,33.333333333333336,3.1323909374999994,0.082754933046708,0.917245066953292
A_Houston,176,0.627,0.919,36.0,641.0,20.625494969847907,499.62751163986763,520.2530066097156,16.666666666666668,1.5935937500000004,0.08082480803459696,0.919175191965403
A_Houston,53,0.628,0.927,32.0,676.0,21.057078809628727,246.03586203341052,267.09294084303923,16.666666666666668,1.350796583333333,0.07300565236634111,0.9269943476336588
A_Houston,146,0.64,0.698,16.5,535.0,22.430303136515583,147.26869754350517,169.69900068002073,0.0,0.645761,0.2960510484850772,0.7039489515149229
A_Houston,199,0.647,0.907,49.7,757.0,21.181634845538902,485.3972496132931,506.5788844588321,16.666666666666668,2.179415104166667,0.09198518306069842,0.9080148169393016
A_Houston,183,0.647,0.271,60.0,714.0,20.99151216837883,529.2020798275132,550.193591995892,22.22222222222222,2.4486939583333336,0.7054327563758652,0.2945672436241348
A_Houston,90,0.647,0.924,33.8,645.0,22.073257181947312,192.07478931954927,214.14804650149657,16.666666666666668,1.3506893749999997,0.0754276077638754,0.9245723922361246
A_Houston,169,0.652,0.544,46.5,592.0,21.851602303570367,296.3755929112706,318.22719521484095,16.666666666666668,1.7644166666666665,0.4439505196460612,0.5560494803539389
A_Houston,117,0.657,0.734,65.8,769.0,21.32044143009268,539.5070503760303,560.8274918061229,27.77777777777778,2.6420258333333333,0.25927013849279473,0.7407298615072053
A_Houston,84,0.661,0.157,26.8,557.0,22.60046202515225,303.70410049347333,326.3045625186256,0.0,0.8944791666666667,0.8340861570152169,0.16591384298478307
A_Houston,149,0.663,0.643,80.1,827.0,21.241528367859598,616.127488095257,637.3690164631166,33.333333333333336,3.422615625,0.34699559534083374,0.6530044046591663
A_Houston,225,0.664,0.553,80.3,836.0,21.329532995072633,625.9612905640286,647.2908235591012,33.333333333333336,3.3950743749999996,0.43130979148509674,0.5686902085149033
A_Houston,18,0.667,0.747,46.2,737.0,22.300284166346742,321.8389456905465,344.1392298568933,16.666666666666668,1.746525,0.24814111396802885,0.7518588860319712
A_Houston,184,0.674,0.805,80.5,844.0,21.741804397999033,586.5910905502834,608.3328949482825,33.333333333333336,3.3980409375000007,0.19149435006696844,0.8085056499330315
A_Houston,218,0.675,0.597,80.3,827.0,21.752304135270535,618.2038175092814,639.9561216445519,33.333333333333336,3.374861875,0.3909759641468021,0.609024035853198
A_Houston,192,0.677,0.123,81.6,811.0,21.79362985242415,645.7674213735268,667.561051225951,33.333333333333336,3.4571625000000004,0.8391584732419656,0.16084152675803443
A_Houston,237,0.679,0.914,79.9,890.0,21.90212675945172,628.7100594222462,650.6121861816979,33.333333333333336,3.316339583333333,0.0847559649988512,0.9152440350011488
A_Houston,9,0.683,0.847,34.9,600.0,23.425441201178504,238.5510133624468,261.97645456362534,11.11111111111111,1.3389675,0.15052399428656074,0.8494760057134393
A_Houston,243,0.683,0.908,82.9,918.0,22.015445101318875,649.0254734085524,671.0409185098714,33.333333333333336,3.5201145833333345,0.0909344422342505,0.9090655577657495
A_Houston,229,0.686,0.914,82.9,892.0,22.141308316388457,648.8736639143574,671.0149722307458,33.333333333333336,3.514417500000001,0.0847559649988512,0.9152440350011488
A_Houston,241,0.688,0.906,42.8,648.0,22.983784427366917,513.7411838665354,536.7249682939023,16.666666666666668,1.827995083333333,0.09275921310305343,0.9072407868969465
A_Houston,188,0.694,0.467,84.6,830.0,22.41873755178226,657.3525797976464,679.7713173494286,33.333333333333336,3.614923125000001,0.51893440874094,0.48106559125906
A_Houston,209,0.696,0.349,85.0,831.0,22.494177979448427,662.1940535924218,684.6882315718703,33.333333333333336,3.6322916666666676,0.6289909058013197,0.37100909419868033
A_Houston,155,0.697,0.751,85.1,852.0,22.53527160940376,662.7150244221222,685.2502960315259,33.333333333333336,3.6307447916666673,0.24174459859632838,0.7582554014036716
A_Houston,156,0.7,0.436,85.5,831.0,22.66837522507597,667.2944919166298,689.9628671417058,33.333333333333336,3.6538425,0.5520582342185952,0.44794176578140477
A_Houston,132,0.7,0.449,85.6,832.0,22.63665596499095,667.5444605706512,690.1811165356422,33.333333333333336,3.655208333333334,0.5296344840015662,0.4703655159984338
A_Houston,119,0.701,0.455,75.4,784.0,22.853615045598847,614.4104712626222,637.2640863082211,33.333333333333336,3.242119375,0.5296344840015662,0.4703655159984338
A_Houston,257,0.702,0.765,85.6,854.0,22.714592051371984,668.0051040579756,690.7196961093475,33.333333333333336,3.6597916666666666,0.2289815964083101,0.7710184035916899
A_Houston,165,0.703,0.334,85.6,825.0,22.775265475276086,666.637848589768,689.413114065044,33.333333333333336,3.6526978124999996,0.6429638141635035,0.35703618583649654
A_Houston,114,0.703,0.465,85.7,831.0,22.763901011804467,668.2521168745366,691.016017886341,33.333333333333336,3.663229166666667,0.51893440874094,0.48106559125906
A_Houston,116,0.703,0.618,85.7,839.0,22.77522431985345,667.604692318681,690.3799166385345,33.333333333333336,3.6607106250000006,0.37115180423485583,0.6288481957651442
A_Houston,173,0.73,0.907,82.6,874.0,23.93189077702189,645.5915437035281,669.52343448055,33.333333333333336,3.4820500000000005,0.09122091773576688,0.9087790822642331
A_Houston,67,0.739,0.845,44.6,646.0,25.251479303691948,388.27856972119406,413.530049024886,16.666666666666668,1.9794468749999998,0.15174712235192836,0.8482528776480717
A_Houston,227,0.74,0.271,74.7,774.0,24.434837219761118,616.796239746308,641.231076966069,33.333333333333336,3.1829325000000006,0.7054327563758652,0.2945672436241348
A_Houston,5,0.744,0.865,32.5,610.0,25.98005311289034,270.2715543745527,296.25160748744304,5.555555555555555,1.2086280000000003,0.13364708086081678,0.8663529191391832
A_Houston,85,0.748,0.392,36.2,529.0,26.31763148921958,227.7486060324447,254.06623752166428,0.0,1.186841458333333,0.604905569968067,0.395094430031933
A_Houston,63,0.749,0.749,33.8,583.0,26.48668380150528,218.17156271174125,244.65824651324652,0.0,1.0954172916666665,0.24510347144264832,0.7548965285573517
A_Houston,12,0.752,0.929,34.6,675.0,26.76645950056987,186.07946373457472,212.8459232351446,0.0,1.1019854166666665,0.07102753710718916,0.9289724628928109
A_Houston,253,0.767,0.455,84.7,813.0,25.398719405889793,662.3104328895075,687.7091522953974,33.333333333333336,3.6219791666666676,0.5296344840015662,0.4703655159984338
A_Houston,50,0.775,0.796,39.1,607.0,27.400387298862984,259.7269275417486,287.1273148406115,5.555555555555555,1.2288955416666667,0.19892088021051518,0.8010791197894849
A_Houston,214,0.781,0.296,39.3,528.0,27.915870410333106,229.97217684163817,257.8880472519713,16.666666666666668,1.458157333333333,0.6889837618075948,0.3110162381924052
A_Houston,101,0.794,0.708,55.9,605.0,27.24267031441013,540.9376337852314,568.1803040996415,16.666666666666668,2.1880187500000003,0.2829597065093334,0.7170402934906666
A_Houston,26,0.8,0.908,26.9,635.0,29.171897924578413,186.14917688206265,215.32107480664106,0.0,0.8763958333333334,0.0909344422342505,0.9090655577657495
A_Houston,41,0.803,0.791,39.6,590.0,28.405297357891147,252.3768293608378,280.78212671872893,16.666666666666668,1.53918875,0.20444333896623365,0.7955566610337663
A_Houston,43,0.809,0.891,43.8,622.0,28.13453574951122,470.8171865683662,498.9517223178774,16.666666666666668,1.801038,0.10662038676832819,0.8933796132316718
A_Houston,207,0.811,0.925,36.3,610.0,28.472463504630323,492.5581154457068,521.0305789503371,16.666666666666668,1.5970734999999996,0.07430267915553751,0.9256973208444625
A_Houston,88,0.811,0.776,46.4,623.0,28.15251551178441,449.0300321223782,477.1825476341626,16.666666666666668,1.9295175000000002,0.2187951215564334,0.7812048784435666
A_Houston,70,0.832,0.095,46.2,518.0,29.64012974660119,250.12185944440216,279.76198919100335,16.666666666666668,1.8374578333333331,0.8971490338534385,0.10285096614656153
A_Houston,167,0.839,0.44,59.8,588.0,29.002453618907047,588.0412927175038,617.0437463364109,16.666666666666668,2.3727916666666666,0.5406709972288026,0.45932900277119737
A_Houston,17,0.846,0.254,28.4,510.0,30.819492211798334,220.2290688833334,251.04856109513173,0.0,0.8925416666666667,0.7374564720584768,0.26254352794152325
A_Houston,147,0.849,0.681,34.4,547.0,30.03707938686734,467.14337388742285,497.1804532742902,16.666666666666668,1.4211330000000002,0.3100796169112111,0.6899203830887889
A_Houston,139,0.853,0.693,23.4,547.0,31.153779823447596,297.2465924993913,328.40037232283885,0.0,0.7859791666666668,0.30061878517028934,0.6993812148297107
A_Houston,31,0.858,0.815,47.7,587.0,30.255036677780158,377.1786074899403,407.43364416772044,16.666666666666668,1.9346789999999998,0.18032883736654434,0.8196711626334556
A_Houston,75,0.871,0.841,50.3,597.0,31.117219354150077,278.58080879778083,309.6980281519309,16.666666666666668,1.9672173749999997,0.15551507317377522,0.8444849268262248
A_Houston,55,0.872,0.588,46.7,583.0,30.871135613716287,381.2398237462531,412.11095935996934,16.666666666666668,1.8508472499999997,0.3979404728680098,0.6020595271319902
A_Houston,178,0.879,0.613,46.0,555.0,31.06320417610504,502.12094629290357,533.1841504690086,16.666666666666668,1.7667726666666665,0.3775878208843349,0.6224121791156652
A_Houston,47,0.894,0.882,48.5,631.0,31.871311080071468,424.8495609615322,456.72087204160357,16.666666666666668,1.6948449166666664,0.11652014845984353,0.8834798515401565
A_Houston,58,0.9,0.892,44.8,632.0,32.30694677327999,333.5254154317008,365.8323622049808,16.666666666666668,1.8235582083333337,0.1068935120649051,0.893106487935095
A_Houston,230,0.904,0.925,45.9,615.0,32.10823717448908,532.8966708758794,565.0049080503684,16.666666666666668,1.9341933333333332,0.07430267915553751,0.9256973208444625
A_Houston,102,0.926,0.577,66.1,594.0,32.5811022693648,597.8942930258759,630.4753952952408,27.77777777777778,2.656958333333333,0.41244345211590305,0.587556547884097
A_Houston,172,0.941,0.907,61.3,649.0,33.228009877966315,575.0629849797516,608.2909948577179,27.77777777777778,2.6794036249999995,0.09198518306069842,0.9080148169393016
A_Houston,52,0.944,0.883,56.1,639.0,33.74849282282806,377.52711937158824,411.27561219441634,16.666666666666668,2.2888152500000003,0.11476210148535675,0.8852378985146433
A_Houston,30,0.95,0.591,44.9,553.0,34.6348595619141,327.55013717214916,362.1849967340633,16.666666666666668,1.7063820833333334,0.39729741055627327,0.6027025894437268
A_Houston,76,0.955,0.923,52.7,691.0,34.13022579923157,475.18753162299396,509.31775742222555,16.666666666666668,2.0748739166666663,0.0766750380100229,0.923324961989977
A_Houston,82,0.959,0.685,53.6,597.0,34.50742554206816,413.3179000870714,447.82532562913957,16.666666666666668,1.8951139583333338,0.30771368289140627,0.6922863171085938
A_Houston,1,0.966,0.882,42.0,614.0,35.742767498949526,262.7417078455304,298.48447534447996,5.555555555555555,1.2393541666666668,0.1175890267846254,0.8824109732153746
A_Houston,6,0.972,0.246,59.1,583.0,34.80838132263564,429.0757110990951,463.8840924217307,22.22222222222222,2.4390903333333336,0.7258057907486039,0.27419420925139615
A_Houston,71,1.006,0.903,54.0,624.0,37.081488857004494,278.24354015800077,315.32502901500527,16.666666666666668,1.8688504999999997,0.0959563872733187,0.9040436127266813
A_Houston,198,1.008,0.708,55.1,560.0,36.43967598817123,532.8950084928015,569.3346844809727,16.666666666666668,2.100318458333333,0.2829597065093334,0.7170402934906666
A_Houston,120,1.019,0.75,70.4,609.0,36.33974874372119,620.4166866958702,656.7564354395914,33.333333333333336,2.891146541666667,0.24510347144264832,0.7548965285573517
A_Houston,189,1.025,0.917,59.6,614.0,37.06169200597824,563.4240206614193,600.4857126673975,16.666666666666668,2.3500789999999996,0.08210384763813516,0.9178961523618648
A_Houston,69,1.03,0.419,48.5,554.0,37.92436656698116,364.18796795694936,402.1123345239305,16.666666666666668,1.6505007083333336,0.5638112482708496,0.4361887517291504
A_Houston,215,1.034,0.713,64.9,573.0,37.19302399405911,608.5602264983778,645.753250492437,27.77777777777778,2.606987625,0.2787897919890987,0.7212102080109013
A_Houston,233,1.043,0.279,58.7,539.0,37.82351888987779,577.6657521638047,615.4892710536824,16.666666666666668,2.326756666666667,0.7054327563758652,0.2945672436241348
A_Houston,51,1.043,0.9,47.2,604.0,38.62627466883901,320.7512040049202,359.37747867375924,16.666666666666668,1.8787679166666669,0.09846538171234095,0.901534618287659
A_Houston,89,1.046,0.892,60.7,626.0,37.963907197535306,506.5172832648728,544.481190462408,16.666666666666668,2.3354625,0.10720680511332174,0.8927931948866783
A_Houston,196,1.052,0.919,74.6,657.0,37.75612742739773,629.0196342507096,666.7757616781073,33.333333333333336,3.0638333333333336,0.0801966103443996,0.9198033896556004
A_Houston,25,1.054,0.844,65.3,604.0,38.246230694946235,439.19511700482013,477.44134769976637,27.77777777777778,2.6746334999999997,0.15216039186317493,0.8478396081368251
A_Houston,110,1.063,0.681,35.1,559.0,39.81613131318455,362.8102907572521,402.62642207043666,5.555555555555555,1.2303125,0.3100796169112111,0.6899203830887889
A_Houston,107,1.064,0.681,50.4,559.0,38.7493200376417,557.7478080245487,596.4971280621903,16.666666666666668,2.1812581666666664,0.3100796169112111,0.6899203830887889
A_Houston,210,1.068,0.915,72.8,655.0,38.93894978144382,364.3175855374095,403.2565353188533,33.333333333333336,3.071312083333334,0.0847559649988512,0.9152440350011488
A_Houston,40,1.099,0.87,48.4,609.0,41.42139328882232,300.2921610034761,341.7135542922984,16.666666666666668,1.423510958333333,0.12859409202822034,0.8714059079717796
A_Houston,223,1.113,0.087,76.0,566.0,40.17927655376256,665.8240793051527,706.0033558589153,33.333333333333336,3.176415,0.8844312978315961,0.11556870216840387
A_Houston,130,1.12,0.624,65.8,562.0,40.77294663152715,606.2538491310356,647.0267957625628,33.333333333333336,2.792387,0.3648800093978636,0.6351199906021364
A_Houston,97,1.135,0.44,80.8,587.0,41.228063164741734,638.5710050595791,679.7990682243208,33.333333333333336,3.333791666666667,0.5406709972288026,0.45932900277119737
A_Houston,35,1.137,0.727,52.8,585.0,43.41386270408474,242.34388211472904,285.75774481881376,16.666666666666668,1.5633713333333337,0.2678778900596321,0.7321221099403679
A_Houston,38,1.158,0.809,72.7,614.0,42.323779806354054,598.4522490312535,640.7760288376076,33.333333333333336,2.9901876666666665,0.18785498149255264,0.8121450185074474
A_Houston,197,1.171,0.895,73.6,614.0,42.81148157382641,659.7661087927847,702.5775903666112,33.333333333333336,3.0447605833333333,0.10379168530632477,0.8962083146936752
A_Houston,162,1.184,0.567,82.7,593.0,43.11106452665372,677.8456951303692,720.956759657023,33.333333333333336,3.4904643749999997,0.41999607705548353,0.5800039229445164
A_Houston,256,1.185,0.924,83.4,660.0,43.25148259488651,650.9946677595821,694.2461503544686,33.333333333333336,3.478696,0.0754276077638754,0.9245723922361246
A_Houston,222,1.186,0.806,70.6,583.0,43.6841108503709,570.6789185011444,614.3630293515153,33.333333333333336,2.929655,0.1891790567349045,0.8108209432650955
A_Houston,109,1.229,0.68,69.5,571.0,45.5230816154527,609.2612830062028,654.7843646216555,33.333333333333336,2.7025877499999993,0.3100796169112111,0.6899203830887889
A_Houston,206,1.234,0.452,78.3,557.0,45.6789446246163,629.4414455369667,675.1203901615831,33.333333333333336,3.221416666666667,0.5296344840015662,0.4703655159984338
A_Houston,190,1.237,0.914,86.1,653.0,45.44491547978743,669.6892960714902,715.1342115512775,33.333333333333336,3.5996231250000004,0.0847559649988512,0.9152440350011488
A_Houston,115,1.238,0.702,85.4,599.0,45.51712323852796,651.4318819107598,696.9490051492878,33.333333333333336,3.5664259999999994,0.29158736570389315,0.7084126342961068
A_Houston,232,1.302,0.596,81.3,569.0,48.361936202213364,661.4222637358162,709.7841999380295,33.333333333333336,3.3913845,0.3909759641468021,0.609024035853198
A_Houston,163,1.309,0.572,83.7,568.0,48.55942559597773,697.59410659107,746.1535321870477,33.333333333333336,3.536917875,0.41244345211590305,0.587556547884097
A_Houston,211,1.312,0.77,82.5,586.0,48.77480479892633,672.1361819917719,720.9109867906982,33.333333333333336,3.446347500000001,0.22297869316869173,0.7770213068313083
A_Houston,121,1.344,0.746,85.3,591.0,50.18805339310435,666.5153507579403,716.7034041510447,33.333333333333336,3.4611887500000003,0.2485334019777447,0.7514665980222552
A_Houston,186,1.351,0.914,94.5,653.0,50.170137161119676,719.2715761056073,769.441713266727,38.888888888888886,4.027096333333333,0.0847559649988512,0.9152440350011488
A_Houston,244,1.353,0.912,86.8,629.0,50.487849412128924,693.9619586228691,744.4498080349981,33.333333333333336,3.6550666250000003,0.08683143241592861,0.9131685675840714
A_Houston,170,1.367,0.891,94.7,640.0,50.87314007506065,717.7774090575701,768.6505491326308,38.888888888888886,4.025530833333333,0.10758932549874535,0.8924106745012547
A_Houston,148,1.368,0.318,95.4,580.0,50.86538847172621,722.4354429430343,773.3008314147605,38.888888888888886,4.065558291666666,0.6577747958135154,0.3422252041864846
A_Houston,231,1.37,0.92,95.8,655.0,50.952299108364464,723.2266648035875,774.178963911952,44.44444444444444,4.090708333333334,0.07957580239432403,0.920424197605676
A_Houston,238,1.37,0.912,95.7,650.0,50.95307553601208,723.1644483879463,774.1175239239584,44.44444444444444,4.088125,0.08683143241592861,0.9131685675840714
A_Houston,159,1.372,0.583,95.9,593.0,51.03793262964271,723.8948910779283,774.932823707571,44.44444444444444,4.090026333333334,0.405093996418075,0.594906003581925
A_Houston,136,1.38,0.578,96.5,592.0,51.372211195213644,730.1786223690425,781.5508335642561,44.44444444444444,4.126875000000001,0.41244345211590305,0.587556547884097
A_Houston,158,1.38,0.74,96.6,606.0,51.363456785617565,730.3329880890991,781.6964448747166,44.44444444444444,4.128166666666666,0.2520364134572167,0.7479635865427833
A_Houston,254,1.421,0.915,92.1,635.0,53.39461811896208,690.1091941911669,743.503812310129,38.888888888888886,3.8732175,0.08408086241273373,0.9159191375872663
A_Houston,125,1.424,0.714,95.6,589.0,53.375940114857706,722.121499063352,775.4974391782096,38.888888888888886,4.067143166666667,0.2787897919890987,0.7212102080109013
A_Houston,224,1.424,0.137,93.5,562.0,53.457645218749555,696.7038841599466,750.1615293786962,38.888888888888886,3.9510584999999994,0.8391584732419656,0.16084152675803443
A_Houston,258,1.435,0.6,95.0,577.0,53.84884986743126,721.7177066830176,775.5665565504488,38.888888888888886,4.053249999999999,0.3909759641468021,0.609024035853198
A_Houston,236,1.445,0.763,95.8,593.0,54.23639798986338,726.8663832776064,781.1027812674697,44.44444444444444,4.0932916666666666,0.23207512083025056,0.7679248791697495
A_Houston,235,1.45,0.614,96.0,579.0,54.471689334635705,727.4466669598154,781.9183562944511,44.44444444444444,4.104916666666667,0.3775878208843349,0.6224121791156652
B_NYC,179,0.143,0.784,5.6,687.0,16.16577397772228,48.36415892208045,64.52993289980273,0.0,0.203,0.21089985518168192,0.7891001448183181
B_NYC,177,0.144,0.68,6.2,680.0,16.076428079679275,53.49340442133077,69.56983250101004,0.0,0.21,0.3108565086577936,0.6891434913422064
B_NYC,127,0.145,0.743,9.2,688.0,15.440724551843703,76.56687739562675,92.00760194747045,0.0,0.42771299999999995,0.2492068254414338,0.7507931745585662
B_NYC,170,0.168,0.786,9.3,750.0,17.757147032355775,81.10563713429308,98.86278416664885,0.0,0.349,0.20756600144337484,0.7924339985566251
B_NYC,118,0.182,0.681,12.1,763.0,18.652688521291665,121.64609453071164,140.2987830520033,0.0,0.416944,0.3108565086577936,0.6891434913422064
B_NYC,139,0.183,0.488,9.3,613.0,19.43600364692332,73.30069063907322,92.73669428599653,0.0,0.41217458333333334,0.491998400904759,0.508001599095241
B_NYC,106,0.184,0.783,6.6,634.0,20.348260590066907,52.29426654017901,72.64252713024592,0.0,0.23776041666666667,0.21089985518168192,0.7891001448183181
B_NYC,153,0.185,0.621,6.8,620.0,20.3441491025563,53.17274940480773,73.51689850736403,0.0,0.23718750000000002,0.3657154042837948,0.6342845957162052
B_NYC,167,0.188,0.726,18.5,784.0,18.715756646821838,173.39379024116982,192.10954688799166,0.0,0.8587529999999998,0.2675308878589648,0.7324691121410352
B_NYC,7,0.203,0.462,14.9,745.0,21.02379355260798,89.80902206225282,110.83281561486079,0.0,0.48049500000000006,0.5325323396034869,0.4674676603965131
B_NYC,159,0.206,0.815,28.4,850.0,20.3898688980937,162.78428678599482,183.17415568408853,0.0,1.1421059999999998,0.18083662183076882,0.8191633781692311
B_NYC,59,0.211,0.566,22.2,766.0,21.05879908758731,140.94177370502132,162.00057279260864,0.0,0.9210880000000001,0.43212640212799225,0.5678735978720078
B_NYC,67,0.212,0.937,15.6,879.0,21.375694855600216,143.21903693283207,164.59473178843228,0.0,0.5405,0.06242263249706211,0.9375773675029379
B_NYC,222,0.224,0.908,14.8,680.0,23.050968517670455,96.20278966714949,119.25375818481994,0.0,0.6518783333333333,0.09088827477662192,0.909111725223378
B_NYC,49,0.233,0.82,21.5,910.0,23.568099248938857,114.73137564777929,138.29947489671815,0.0,0.6895,0.17432603234660646,0.8256739676533935
B_NYC,161,0.239,0.726,34.4,911.0,23.03252776738809,241.91946047937648,264.9519882467646,5.555555555555555,1.428402,0.2675308878589648,0.7324691121410352
B_NYC,8,0.242,0.922,27.1,987.0,23.534139698297814,227.7337857351146,251.26792543341242,0.0,1.226465,0.07693170002008348,0.9230682999799165
B_NYC,73,0.243,0.894,15.6,814.0,25.122718808557153,93.38722715388555,118.5099459624427,0.0,0.554094,0.1046157459367475,0.8953842540632525
B_NYC,140,0.252,0.787,7.1,601.0,27.727702027262332,56.11344917246184,83.84115119972417,0.0,0.2583854166666666,0.20756600144337484,0.7924339985566251
B_NYC,87,0.255,0.874,30.0,954.0,24.844855909061327,207.10440289745836,231.94925880651968,0.0,1.1018700000000001,0.12404838644464258,0.8759516135553574
B_NYC,48,0.264,0.901,30.1,1008.0,25.538344491765887,249.5470635264674,275.0854080182333,0.0,1.3576280000000003,0.09778979871972199,0.902210201280278
B_NYC,204,0.265,0.644,11.0,586.0,27.98118941929382,77.16200808624899,105.1431975055428,0.0,0.507794375,0.3435466923253432,0.6564533076746568
B_NYC,152,0.266,0.021,41.2,963.0,25.600912870220938,229.73282965124963,255.33374252147055,16.666666666666668,1.8481500000000002,0.959534412175196,0.04046558782480403
B_NYC,235,0.268,0.952,12.5,671.0,27.960791601729355,86.73466369075442,114.69545529248379,0.0,0.5626133333333334,0.047837678430652356,0.9521623215693477
B_NYC,61,0.271,0.72,31.2,902.0,26.015728720735773,312.0290808883302,338.04480960906596,0.0,1.4024880000000002,0.2724298878197714,0.7275701121802286
B_NYC,135,0.278,0.838,45.2,1033.0,26.21616085860881,399.19453262377107,425.4106934823799,16.666666666666668,1.997,0.15680730719761882,0.8431926928023812
B_NYC,89,0.283,0.865,31.0,1001.0,27.392719822221224,249.37988757182939,276.77260739405057,0.0,1.220544,0.13215577177930604,0.867844228220694
B_NYC,47,0.284,0.943,33.5,1004.0,27.152915544504605,347.03646589287183,374.1893814373764,16.666666666666668,1.6466759999999998,0.05632309129681866,0.9436769087031813
B_NYC,44,0.284,0.938,34.9,1016.0,27.175851010833917,314.99701009532924,342.17286110616317,11.11111111111111,1.552462,0.06119172412478056,0.9388082758752194
B_NYC,173,0.285,0.814,40.6,993.0,27.32398088693598,254.16794995428077,281.49193084121674,16.666666666666668,1.804872,0.18083662183076882,0.8191633781692311
B_NYC,110,0.296,0.699,7.0,575.0,33.2370941042983,50.36271000255292,83.59980410685122,0.0,0.23776041666666667,0.29344556159564716,0.7065544384043528
B_NYC,141,0.306,0.591,7.9,572.0,34.06237398390038,52.3117144510372,86.37408843493758,0.0,0.268125,0.3987969204129931,0.6012030795870069
B_NYC,75,0.308,0.94,40.0,1130.0,29.48855840012912,299.0070707883184,328.49562918844754,16.666666666666668,1.6142399999999997,0.059170325017795226,0.9408296749822048
B_NYC,39,0.312,0.88,39.0,1039.0,30.028317894356544,267.7482521996373,297.7765700939938,16.666666666666668,1.6735439999999997,0.11735804395519099,0.882641956044809
B_NYC,201,0.313,0.914,10.6,643.0,33.64572604194784,74.64662083229933,108.29234687424716,0.0,0.3977945833333333,0.08470045354107052,0.9152995464589295
B_NYC,132,0.314,0.775,50.0,1123.0,30.082521968231667,240.52910148796389,270.61162345619556,16.666666666666668,2.245989,0.2193794245448861,0.7806205754551139
B_NYC,236,0.315,0.953,43.8,1074.0,30.561128339174743,211.16776197082015,241.7288903099949,16.666666666666668,1.9016199999999996,0.04610384421143809,0.9538961557885619
B_NYC,46,0.315,0.772,32.9,972.0,30.48239159429817,288.0989015307638,318.5812931250619,0.0,1.398004,0.22140158648281102,0.778598413517189
B_NYC,144,0.32,0.878,24.5,698.0,32.16647727998023,147.92927148559272,180.09574876557292,0.0,1.2496859375,0.1197883747475305,0.8802116252524695
B_NYC,155,0.32,0.779,53.9,1143.0,30.534303558560786,262.63354212560887,293.16784568416966,16.666666666666668,2.484513,0.21607306866914924,0.7839269313308508
B_NYC,154,0.325,0.818,53.9,1145.0,30.63860639010424,405.4484645166888,436.087070906793,16.666666666666668,2.3633760000000006,0.1781915966812953,0.8218084033187047
B_NYC,147,0.326,0.787,9.8,602.0,36.117693240990164,56.26422397794841,92.38191721893857,0.0,0.35456249999999995,0.20756600144337484,0.7924339985566251
B_NYC,202,0.33,0.914,55.8,1173.0,31.013718083035283,425.14615860590385,456.1598766889391,16.666666666666668,2.518422,0.08470045354107052,0.9152995464589295
B_NYC,223,0.332,0.572,56.4,1154.0,31.43042387824044,318.36219047896543,349.79261435720593,16.666666666666668,2.60633,0.41764153115511893,0.5823584688448811
B_NYC,227,0.332,0.954,34.2,760.0,32.90263689265257,190.37053051446333,223.27316740711592,0.0,1.3896506250000003,0.04576855503912319,0.9542314449608769
B_NYC,252,0.334,0.81,15.0,609.0,34.92123237788528,97.7933927174327,132.71462509531796,0.0,0.6928035,0.18600112192257348,0.8139988780774265
B_NYC,105,0.334,0.809,15.0,605.0,34.742629792606984,104.16810941703328,138.91073920964027,0.0,0.7179238333333332,0.18630784443677537,0.8136921555632246
B_NYC,63,0.343,0.346,52.1,1070.0,32.36949170355869,380.25690661154636,412.62639831510506,16.666666666666668,2.425891,0.6442141316300317,0.3557858683699683
B_NYC,224,0.348,0.195,30.4,668.0,33.7929010242772,346.59010386117745,380.3830048854546,5.555555555555555,1.4210625000000001,0.7877646255021279,0.2122353744978721
B_NYC,145,0.353,0.616,34.7,671.0,34.792707911090574,214.3480357180031,249.14074362909366,0.0,1.4143009375000002,0.3735865363901422,0.6264134636098577
B_NYC,172,0.356,0.025,61.2,1174.0,33.27805390986876,463.97935135178636,497.25740526165504,22.22222222222222,2.8351359999999994,0.959534412175196,0.04046558782480403
B_NYC,91,0.357,0.627,49.0,1073.0,33.98638439071282,362.59497298409804,396.58135737481086,16.666666666666668,2.1199999999999997,0.37210204582228723,0.6278979541777128
B_NYC,150,0.359,0.627,14.1,577.0,37.85240639692674,94.30950454469705,132.16191094162377,0.0,0.6430233333333335,0.35809182760125197,0.6419081723987481
B_NYC,86,0.361,0.47,21.5,637.0,37.25486829598193,114.21562838856097,151.4704966845429,0.0,0.7115625000000001,0.5242369111429788,0.47576308885702123
B_NYC,10,0.362,0.08,23.0,663.0,36.556982994874566,166.09152629151117,202.64850928638575,0.0,0.8849385416666667,0.8964818797905075,0.10351812020949247
B_NYC,250,0.363,0.957,63.8,1302.0,33.93917638577389,479.7189379425281,513.658114328302,22.22222222222222,2.9780190000000006,0.04261022065687575,0.9573897793431243
B_NYC,95,0.366,0.855,45.8,1111.0,35.40355750391197,261.79486238329497,297.1984198872069,16.666666666666668,1.906114,0.14210458416384464,0.8578954158361554
B_NYC,117,0.367,0.807,36.2,712.0,35.865621451395704,267.12677490431895,302.9923963557146,5.555555555555555,1.484397291666667,0.18913775072685018,0.8108622492731499
B_NYC,120,0.369,0.774,65.1,1261.0,34.546745925774495,472.40031223874576,506.9470581645203,27.77777777777778,3.0326940000000002,0.2193794245448861,0.7806205754551139
B_NYC,212,0.374,0.316,65.7,1235.0,34.99511734087523,481.2190077332022,516.2141250740774,27.77777777777778,3.0587129999999996,0.6641034289580252,0.3358965710419748
B_NYC,217,0.374,0.952,26.0,725.0,38.39582914283909,112.75088538062396,151.14671452346303,0.0,1.2151997916666668,0.047837678430652356,0.9521623215693477
B_NYC,239,0.378,0.278,66.9,1242.0,35.36675821165419,486.34998575010883,521.716743961763,27.77777777777778,3.141546999999999,0.6977709643160637,0.30222903568393633
B_NYC,191,0.38,0.809,33.5,675.0,38.17588181939722,174.53343757853742,212.70931939793462,0.0,1.3643437500000002,0.18816805565568062,0.8118319443443194
B_NYC,104,0.381,0.817,66.2,1281.0,35.62552183610854,476.2314430160855,511.85696485219404,27.77777777777778,3.050916000000001,0.1781915966812953,0.8218084033187047
B_NYC,113,0.381,0.815,68.0,1282.0,35.580786044794095,492.0751453959371,527.6559314407311,33.333333333333336,3.1939999999999995,0.18083662183076882,0.8191633781692311
B_NYC,107,0.384,0.787,18.5,668.0,40.573233175425756,104.09750317508116,144.6707363505069,0.0,0.7098437500000002,0.20756600144337484,0.7924339985566251
B_NYC,66,0.385,0.69,26.3,663.0,38.78706834112727,160.59234526902299,199.37941361015024,0.0,1.2486340625000003,0.30013752995939263,0.6998624700406073
B_NYC,37,0.389,0.906,38.6,1021.0,38.36495407717459,195.7709316190677,234.13588569624233,16.666666666666668,1.6908779999999994,0.09182281841752865,0.9081771815824713
B_NYC,17,0.392,0.457,49.4,1052.0,37.942334117592395,256.69075676662703,294.6330908842194,16.666666666666668,2.291839,0.5279949815016646,0.4720050184983354
B_NYC,244,0.401,0.58,67.3,1243.0,37.66544183902979,478.5836572979138,516.2490991369436,27.77777777777778,3.157,0.4077731104626874,0.5922268895373126
B_NYC,31,0.401,0.066,26.2,663.0,40.532622239592165,191.76212049188427,232.29474273147648,0.0,0.8725520833333333,0.9160696479321023,0.08393035206789767
B_NYC,68,0.404,0.306,45.7,976.0,39.33626309051953,242.6243471118292,281.96061020234873,16.666666666666668,1.9950240000000001,0.6853367389971534,0.3146632610028466
B_NYC,51,0.412,0.962,36.2,1121.0,40.61254722722574,263.01957434680304,303.6321215740288,0.0,1.2286160000000002,0.03820488332411898,0.961795116675881
B_NYC,103,0.414,0.718,42.3,721.0,40.89812172897762,225.2654350215693,266.16355675054695,16.666666666666668,1.8724658333333335,0.2724298878197714,0.7275701121802286
B_NYC,255,0.414,0.949,55.8,1182.0,39.86029382577577,296.05538166135375,335.9156754871295,16.666666666666668,2.582415,0.05082544516195627,0.9491745548380437
B_NYC,62,0.426,0.224,23.6,612.0,43.3189431413896,185.27769828211922,228.59664142350883,0.0,0.9086000000000002,0.7657258653614881,0.23427413463851188
B_NYC,195,0.428,0.949,66.8,1311.0,40.33683422362702,482.1779477008895,522.5147819245165,27.77777777777778,3.1375589999999995,0.05082544516195627,0.9491745548380437
B_NYC,64,0.431,0.944,34.5,742.0,43.37748706847291,185.43940848943888,228.81689555791178,0.0,1.283865,0.05542011007246912,0.9445798899275308
B_NYC,164,0.433,0.06,44.5,695.0,43.310503037632344,190.7278878022675,234.03839083989988,16.666666666666668,1.9347304166666666,0.8964818797905075,0.10351812020949247
B_NYC,15,0.442,0.887,28.2,732.0,45.00814122657917,172.77373991878713,217.78188114536633,0.0,0.9533333333333335,0.11034805259927899,0.889651947400721
B_NYC,22,0.443,0.904,35.9,759.0,43.796749702530676,287.38684467088063,331.1835943734113,5.555555555555555,1.421083125,0.09462750367564778,0.9053724963243522
B_NYC,27,0.443,0.962,30.8,796.0,44.73141259743939,182.56366526754726,227.29507786498664,0.0,1.1928182291666667,0.03795286133824631,0.9620471386617537
B_NYC,237,0.445,0.084,46.6,687.0,43.11986545799009,383.81697155621606,426.93683701420616,16.666666666666668,2.043746145833334,0.8972512023635618,0.10274879763643818
B_NYC,198,0.445,0.909,47.6,779.0,42.954968033576925,422.74144590856946,465.69641394214636,16.666666666666668,2.0759337500000004,0.0901673895417809,0.9098326104582191
B_NYC,53,0.446,0.503,30.1,669.0,45.64809067071845,143.14574400031697,188.7938346710354,0.0,1.123109166666667,0.48010323034582636,0.5198967696541736
B_NYC,23,0.446,0.843,44.6,762.0,43.29308498367858,372.100927786993,415.3940127706716,16.666666666666668,1.8993333333333333,0.1529140561674077,0.8470859438325923
B_NYC,232,0.45,0.952,39.8,800.0,44.10441855290642,336.9444181917986,381.04883674470506,16.666666666666668,1.8809358333333335,0.047837678430652356,0.9521623215693477
B_NYC,24,0.455,0.873,36.6,733.0,44.96862835002491,301.65108817517125,346.6197165251962,11.11111111111111,1.5444320833333334,0.1246487021585586,0.8753512978414414
B_NYC,16,0.456,0.681,40.1,714.0,44.923992618995264,269.8441442988291,314.7681369178244,16.666666666666668,1.7153835416666665,0.3103927896218998,0.6896072103781001
B_NYC,258,0.463,0.195,48.6,716.0,44.739826096010326,423.63770457030864,468.37753066631893,16.666666666666668,2.1148989583333337,0.7877646255021279,0.2122353744978721
B_NYC,13,0.465,0.927,41.6,772.0,45.805355525006995,263.3295407060009,309.1348962310079,16.666666666666668,1.8346109375,0.07172605938500054,0.9282739406149995
B_NYC,11,0.467,0.826,40.1,717.0,46.29638182894106,230.0709951825625,276.36737701150355,16.666666666666668,1.9132208333333334,0.16994779719292294,0.830052202807077
B_NYC,2,0.478,0.957,34.2,793.0,48.08851622225107,212.60845094266708,260.69696716491814,0.0,1.28676625,0.04231274247138875,0.9576872575286113
B_NYC,33,0.479,0.437,37.4,689.0,48.29167227823557,199.80402550926152,248.0956977874971,0.0,1.3875468749999997,0.5443190096704681,0.4556809903295319
B_NYC,88,0.479,0.839,28.6,711.0,48.486200754476236,229.09760327887477,277.58380403335104,0.0,1.0883789583333334,0.15686600073390652,0.8431339992660934
B_NYC,3,0.481,0.57,46.0,733.0,47.284300913262825,278.4208841944944,325.70518510775725,16.666666666666668,2.010388645833334,0.4170576091871363,0.5829423908128637
B_NYC,94,0.495,0.935,38.1,767.0,50.088588919948364,192.36515113573452,242.45374005568289,11.11111111111111,1.5220104166666668,0.06495570758782153,0.9350442924121785
B_NYC,52,0.496,0.939,39.6,762.0,49.78374276852881,202.13318889589056,251.9169316644194,16.666666666666668,1.8499387500000002,0.060168138229007524,0.9398318617709924
B_NYC,138,0.5,0.789,7.8,538.0,58.60639894450386,48.7084651111648,107.31486405566865,0.0,0.2809375,0.2043111177963317,0.7956888822036683
B_NYC,35,0.504,0.931,39.9,795.0,50.6016983368169,229.69244328347608,280.294141620293,0.0,1.3823493750000002,0.06858419097275464,0.9314158090272453
B_NYC,247,0.505,0.809,50.5,739.0,49.06135952236109,420.13092653647703,469.19228605883814,16.666666666666668,2.2321933333333335,0.18816805565568062,0.8118319443443194
B_NYC,187,0.513,0.914,19.3,636.0,55.53422416482735,109.74862511828036,165.2828492831077,0.0,0.7708718333333332,0.08470045354107052,0.9152995464589295
B_NYC,81,0.517,0.916,46.4,803.0,51.80614454018276,215.09624455702087,266.90238909720364,16.666666666666668,1.9546725000000005,0.081948965795154,0.918051034204846
B_NYC,71,0.518,0.953,40.2,781.0,51.308684387754376,322.0184120603803,373.3270964481346,16.666666666666668,1.9329956250000007,0.04678572802931853,0.9532142719706814
B_NYC,72,0.521,0.952,48.8,801.0,51.16794882270892,319.8811598895971,371.049108712306,16.666666666666668,2.3558333333333334,0.04819633242521308,0.951803667574787
B_NYC,215,0.521,0.956,54.8,837.0,50.98393500139646,354.05995235190045,405.0438873532969,16.666666666666668,2.39837125,0.04383253790691382,0.9561674620930862
B_NYC,30,0.523,0.33,37.7,700.0,52.10803887724848,320.4919799012204,372.6000187784689,16.666666666666668,1.5931575000000002,0.6548511109122025,0.3451488890877975
B_NYC,32,0.531,0.446,43.5,692.0,53.66197885080925,201.8370634641227,255.49904231493196,16.666666666666668,1.956120833333334,0.530478677234001,0.469521322765999
B_NYC,111,0.531,0.791,58.2,773.0,51.53261475320065,441.98074771884666,493.5133624720472,16.666666666666668,2.5995853125,0.2043111177963317,0.7956888822036683
B_NYC,41,0.533,0.766,29.2,580.0,55.862137666962134,139.748829248275,195.61096691523713,0.0,1.237179,0.22884785693490636,0.7711521430650936
B_NYC,160,0.543,0.62,14.3,536.0,60.02981359121788,86.43306317662693,146.4628767678448,0.0,0.48566666666666664,0.3657154042837948,0.6342845957162052
B_NYC,80,0.548,0.548,48.4,712.0,54.13088926000142,308.1777984768173,362.30868773681874,16.666666666666668,2.290886354166667,0.44782309553196487,0.5521769044680351
B_NYC,82,0.551,0.619,50.5,720.0,54.11217773176308,353.79542745161626,407.90760518337936,16.666666666666668,2.4962976041666662,0.3795120122867751,0.6204879877132249
B_NYC,25,0.551,0.942,28.8,650.0,56.25601799814857,251.62406003342747,307.88007803157603,5.555555555555555,1.4198658749999997,0.05724860959807945,0.9427513904019206
B_NYC,83,0.551,0.926,40.4,733.0,54.987287445664755,324.5081653837627,379.49545282942745,16.666666666666668,1.7205879166666667,0.07239037060313679,0.9276096293968632
B_NYC,21,0.554,0.037,39.9,649.0,56.195916946796544,212.00908937927693,268.2050063260735,16.666666666666668,1.6747500000000002,0.945438819515254,0.05456118048474601
B_NYC,219,0.565,0.108,62.6,761.0,54.88997564276414,455.2013787855506,510.09135442831473,16.666666666666668,2.8227993750000007,0.8672728280826926,0.13272717191730743
B_NYC,213,0.567,0.83,60.9,795.0,55.16293583358201,440.3840854756937,495.5470213092757,16.666666666666668,2.696283333333333,0.1658040660002556,0.8341959339997445
B_NYC,185,0.57,0.81,35.2,607.0,59.516414281213365,166.61634451241594,226.1327587936293,0.0,1.4163163749999998,0.18600112192257348,0.8139988780774265
B_NYC,200,0.571,0.914,56.7,833.0,55.71147645509908,443.7858839350483,499.4973603901474,22.22222222222222,2.8582846875000003,0.08470045354107052,0.9152995464589295
B_NYC,114,0.572,0.806,36.1,604.0,59.27815968375002,174.951524910015,234.22968459376503,11.11111111111111,1.4929754999999998,0.18913775072685018,0.8108622492731499
B_NYC,214,0.575,0.953,61.9,853.0,55.979961239637575,446.4454627182427,502.4254239578803,16.666666666666668,2.7557291666666672,0.046442883099352045,0.9535571169006479
B_NYC,149,0.579,0.785,24.9,601.0,63.09564834193452,101.32570967535452,164.42135801728904,0.0,0.7640208333333333,0.21089985518168192,0.7891001448183181
B_NYC,69,0.581,0.439,46.6,708.0,57.681695553295896,360.8931657053147,418.57486125861055,16.666666666666668,2.0028444791666673,0.5541651384743544,0.44583486152564555
B_NYC,157,0.593,0.818,62.3,796.0,57.63515994038438,483.9081084471452,541.5432683875296,16.666666666666668,2.8236484375000006,0.1781915966812953,0.8218084033187047
B_NYC,175,0.595,0.47,64.7,767.0,57.999484003089,466.13404669961085,524.1335307026998,22.22222222222222,2.9274666666666667,0.5171623135843805,0.4828376864156195
B_NYC,253,0.597,0.802,10.6,542.0,69.07466026655918,65.31505553218295,134.38971579874215,0.0,0.3977945833333333,0.1926181569110782,0.8073818430889218
B_NYC,233,0.599,0.581,19.5,535.0,64.76922652033723,120.69546820570417,185.46469472604142,0.0,0.8189063333333333,0.4079941010603171,0.5920058989396829
B_NYC,97,0.604,0.824,25.4,580.0,62.792652312631404,221.8496358561083,284.6422881687397,0.0,1.1762562499999998,0.17198706482600995,0.82801293517399
B_NYC,186,0.616,0.921,36.2,615.0,64.69992940051706,171.71320135012982,236.41313075064687,5.555555555555555,1.4603557499999997,0.07854666883374094,0.921453331166259
B_NYC,112,0.618,0.797,66.8,811.0,60.13023031168343,492.74259842127077,552.8728287329542,27.77777777777778,3.1456012500000003,0.19802843843054516,0.8019715615694548
B_NYC,58,0.628,0.952,29.1,676.0,66.11481807228286,166.52453712847907,232.6393552007619,0.0,1.350796583333333,0.047355017751140316,0.9526449822488596
B_NYC,121,0.636,0.526,69.5,798.0,61.82292687856274,511.12694987073894,572.9498767493017,33.333333333333336,3.22586,0.45757800413569816,0.5424219958643018
B_NYC,100,0.647,0.951,30.8,645.0,69.299162160013,127.35426348759,196.653425647603,0.0,1.3506893749999997,0.04892601584683853,0.9510739841531615
B_NYC,143,0.651,0.722,70.5,812.0,63.46743754484711,477.7957016509655,541.2631391958125,33.333333333333336,3.266479791666667,0.2724298878197714,0.7275701121802286
B_NYC,238,0.654,0.646,36.9,588.0,66.27945104116829,371.41005488929545,437.6895059304638,16.666666666666668,1.685873,0.3435466923253432,0.6564533076746568
B_NYC,259,0.655,0.954,70.7,887.0,63.878756641940555,492.08718722051657,555.9659438624572,33.333333333333336,3.2363283333333333,0.04610384421143809,0.9538961557885619
B_NYC,92,0.661,0.453,24.4,557.0,69.97440584853959,205.05354089439686,275.0279467429365,0.0,0.8944791666666667,0.5410288586044746,0.4589711413955254
B_NYC,188,0.663,0.827,72.1,837.0,64.64878121088948,482.5645164606115,547.213297671501,33.333333333333336,3.353221666666667,0.16994779719292294,0.830052202807077
B_NYC,199,0.665,0.363,39.4,553.0,69.12134469091046,209.26130636620806,278.38265105711855,16.666666666666668,1.6227983333333331,0.6221548835586072,0.37784511644139285
B_NYC,19,0.667,0.836,42.1,737.0,68.50881080519414,233.73328922301528,302.2421000282094,16.666666666666668,1.746525,0.16095639824953298,0.839043601750467
B_NYC,116,0.669,0.788,73.4,826.0,65.2989466003226,475.0031539648635,540.302100565186,33.333333333333336,3.422617916666667,0.20756600144337484,0.7924339985566251
B_NYC,197,0.678,0.044,74.4,805.0,66.0976715574518,506.84791835326916,572.945589910721,33.333333333333336,3.5118164583333336,0.9272003506363907,0.07279964936360928
B_NYC,203,0.681,0.659,74.6,825.0,66.43704405931084,511.2322217647275,577.6692658240383,33.333333333333336,3.514190625000001,0.329911337415333,0.6700886625846669
B_NYC,9,0.683,0.901,31.7,600.0,72.3422653418857,163.10749192897387,235.44975727085955,0.0,1.3389675,0.09763718548317617,0.9023628145168239
B_NYC,156,0.685,0.81,72.9,841.0,66.95067689777218,489.58296511863693,556.5336420164091,33.333333333333336,3.310896875,0.1835414312493003,0.8164585687506997
B_NYC,245,0.686,0.952,74.1,899.0,67.049230242129,508.4199599146909,575.4691901568199,33.333333333333336,3.427024791666667,0.0474830666616728,0.9525169333383272
B_NYC,242,0.688,0.785,76.0,845.0,67.0807757385773,522.2733476759763,589.3541234145536,33.333333333333336,3.576998333333334,0.20951627442773654,0.7904837255722634
B_NYC,248,0.689,0.079,75.7,811.0,67.23865862574347,521.019024148884,588.2576827746275,33.333333333333336,3.5264029166666675,0.8964818797905075,0.10351812020949247
B_NYC,96,0.689,0.932,35.0,652.0,71.50424829868128,235.70552117821978,307.2097694769011,0.0,1.2470473333333332,0.06811398379456764,0.9318860162054323
B_NYC,229,0.694,0.852,77.0,860.0,67.69130351348214,528.7896058974154,596.4809094108975,33.333333333333336,3.614735208333334,0.14500639011065183,0.8549936098893481
B_NYC,162,0.695,0.092,77.3,814.0,67.81275815165417,528.1483272727517,595.9610854244058,33.333333333333336,3.6311458333333344,0.8672728280826926,0.13272717191730743
B_NYC,193,0.696,0.92,77.3,887.0,67.87398087478158,529.1895293895197,597.0635102643014,33.333333333333336,3.6202523958333335,0.07913093994959963,0.9208690600504004
B_NYC,178,0.697,0.818,73.9,848.0,68.23934630186751,499.117571851403,567.3569181532706,33.333333333333336,3.3407550000000006,0.1781915966812953,0.8218084033187047
B_NYC,148,0.7,0.808,77.9,848.0,68.29794402594666,531.6526051148643,599.950549140811,33.333333333333336,3.6499546875,0.18630784443677537,0.8136921555632246
B_NYC,254,0.7,0.95,77.3,898.0,68.2650891084019,528.864814033092,597.129903141494,33.333333333333336,3.6217912500000002,0.049297172656617025,0.950702827343383
B_NYC,124,0.701,0.734,78.0,839.0,68.34005427051386,532.8635509741111,601.2036052446251,33.333333333333336,3.663229166666667,0.25812354996843545,0.7418764500315645
B_NYC,171,0.701,0.802,45.5,604.0,73.30344509579446,195.35201598889242,268.65546108468686,16.666666666666668,1.91431975,0.19203311253086355,0.8079668874691365
B_NYC,180,0.701,0.621,77.9,830.0,68.42351455142492,532.0519379305684,600.4754524819933,33.333333333333336,3.6536156250000005,0.3657154042837948,0.6342845957162052
B_NYC,207,0.702,0.802,55.8,773.0,69.90200611838486,420.89221162250834,490.79421774089326,16.666666666666668,2.7663166666666665,0.19490318560778813,0.8050968143922119
B_NYC,182,0.702,0.673,78.1,833.0,68.46649886249918,533.2821415416742,601.7486404041733,33.333333333333336,3.665520833333333,0.3170078988574394,0.6829921011425606
B_NYC,166,0.704,0.561,77.3,823.0,68.76728079457392,527.0910520313741,595.8583328259481,33.333333333333336,3.6090816666666665,0.42666473241957203,0.573335267580428
B_NYC,240,0.707,0.914,76.5,871.0,69.08709148387796,523.3511934378893,592.4382849217673,33.333333333333336,3.5840165624999996,0.08470045354107052,0.9152995464589295
B_NYC,115,0.726,0.789,19.0,549.0,78.853364969405,181.71105994358382,260.56442491298884,0.0,0.7129999999999999,0.2043111177963317,0.7956888822036683
B_NYC,119,0.73,0.528,26.7,529.0,81.02022022812,98.63763524265664,179.65785547077664,0.0,1.2413562499999997,0.45757800413569816,0.5424219958643018
B_NYC,74,0.739,0.9,40.6,646.0,76.23363492507733,275.854676360673,352.08831128575036,16.666666666666668,1.9794468749999998,0.09843056584989884,0.9015694341501012
B_NYC,4,0.744,0.913,29.6,610.0,79.62891613989012,179.2826554901318,258.91157163002185,0.0,1.2086280000000003,0.08668999839620498,0.913310001603795
B_NYC,93,0.748,0.606,32.9,529.0,80.21376858016686,157.0801026435849,237.29387122375178,0.0,1.186841458333333,0.39237118051983194,0.607628819480168
B_NYC,70,0.749,0.837,30.8,583.0,80.93512030536273,143.25955099711635,224.1946713024791,0.0,1.0954172916666665,0.1589860355303657,0.8410139644696343
B_NYC,14,0.751,0.752,35.1,600.0,80.43960303608524,152.65145171845703,233.0910547545423,0.0,1.2248745833333332,0.24098595104497575,0.7590140489550242
B_NYC,12,0.752,0.954,31.5,675.0,82.21466771301635,122.08818701897846,204.3028547319948,0.0,1.1019854166666665,0.04607191596141999,0.95392808403858
B_NYC,196,0.755,0.786,48.2,605.0,76.701881449207,384.063510412671,460.765391861878,16.666666666666668,2.0929882500000003,0.20951627442773654,0.7904837255722634
B_NYC,169,0.77,0.621,24.2,543.0,86.25608941320758,99.85612976531961,186.1122191785272,0.0,0.8731666666666668,0.3657154042837948,0.6342845957162052
B_NYC,54,0.775,0.867,35.6,607.0,82.51244549094102,183.30639269369965,265.8188381846407,0.0,1.2288955416666667,0.12902976013655057,0.8709702398634495
B_NYC,133,0.782,0.784,49.9,591.0,81.2732826963448,240.11956371699955,321.3928464133444,16.666666666666668,2.1330053750000006,0.21089985518168192,0.7891001448183181
B_NYC,256,0.782,0.921,32.0,603.0,81.77504764439864,303.4995851493838,385.2746327937824,0.0,1.3824385416666667,0.07854666883374094,0.921453331166259
B_NYC,29,0.8,0.94,24.5,635.0,89.60269874377684,111.88966008439031,201.49235882816714,0.0,0.8763958333333334,0.058984503070865196,0.9410154969291348
B_NYC,43,0.803,0.865,36.1,590.0,86.16897858808687,171.43642693313993,257.6054055212268,11.11111111111111,1.53918875,0.13261189554566688,0.8673881044543331
B_NYC,45,0.809,0.93,39.9,622.0,83.82818150406703,336.23883212129607,420.06701362536313,16.666666666666668,1.801038,0.06915916979567256,0.9308408302043274
B_NYC,98,0.811,0.855,42.2,623.0,83.8394523831067,322.1705852271365,406.0100376102432,16.666666666666668,1.9295175000000002,0.14192115992849666,0.8580788400715034
B_NYC,210,0.815,0.944,51.0,653.0,85.92132854200725,209.09683427365363,295.01816281566084,16.666666666666668,2.1551458333333335,0.05542011007246912,0.9445798899275308
B_NYC,78,0.832,0.413,42.0,518.0,88.73734886498397,177.84346364648562,266.58081251146956,16.666666666666668,1.8374578333333331,0.5819345084454817,0.41806549155451833
B_NYC,234,0.836,0.337,53.9,576.0,85.01821473553707,437.47506527240574,522.4932800079428,16.666666666666668,2.3257491666666668,0.6400694781388958,0.3599305218611042
B_NYC,18,0.846,0.516,25.8,510.0,93.66295380400936,138.44494461212037,232.10789841612976,0.0,0.8925416666666667,0.4783501440379243,0.5216498559620757
B_NYC,36,0.858,0.88,43.4,587.0,89.63148360087504,271.23161917937915,360.8631027802542,16.666666666666668,1.9346789999999998,0.11697005667018913,0.8830299433298109
B_NYC,109,0.864,0.62,55.5,584.0,90.57635066665735,238.37742162064797,328.95377228730536,16.666666666666668,2.4072739999999997,0.3657154042837948,0.6342845957162052
B_NYC,84,0.871,0.897,45.8,597.0,92.53707920874702,199.80435409511395,292.341433303861,16.666666666666668,1.9672173749999997,0.10087464205866549,0.8991253579413345
B_NYC,60,0.872,0.733,42.5,583.0,91.40731793166218,266.5843006664252,357.99161859808737,16.666666666666668,1.8508472499999997,0.25812354996843545,0.7418764500315645
B_NYC,50,0.894,0.923,44.1,631.0,93.38382622804602,311.1537108557282,404.5375370837742,16.666666666666668,1.6948449166666664,0.07558063683881794,0.9244193631611821
B_NYC,228,0.898,0.918,39.1,596.0,93.82512479198562,362.82739787954813,456.6525226715337,16.666666666666668,1.874249666666667,0.08092396193891514,0.9190760380610848
B_NYC,65,0.9,0.93,40.8,632.0,95.54955558884275,229.67038521858524,325.219940807428,16.666666666666668,1.8235582083333337,0.06933633215020917,0.9306636678497908
B_NYC,26,0.908,0.664,41.4,573.0,95.69877570263765,291.610666875065,387.30944257770267,16.666666666666668,1.7738975000000003,0.3233448587152221,0.6766551412847779
B_NYC,257,0.908,0.574,38.9,551.0,98.46599312813893,176.8510737813309,275.3170669094699,0.0,1.4091824999999998,0.41512832010198725,0.5848716798980127
B_NYC,6,0.912,0.946,41.2,686.0,98.20117267183473,193.44232640151483,291.6434990733495,0.0,1.348271375,0.05386061289932344,0.9461393871006766
B_NYC,101,0.914,0.782,30.6,562.0,99.71366915994852,190.47839260333254,290.19206176328106,0.0,1.0604583333333333,0.21211237944471958,0.7878876205552804
B_NYC,57,0.944,0.924,51.1,639.0,99.01187560828929,270.04171407174465,369.05358968003395,16.666666666666668,2.2888152500000003,0.0744402820445554,0.9255597179554446
B_NYC,76,0.947,0.279,50.8,552.0,97.77239471107801,408.66074067149486,506.4331353825729,16.666666666666668,2.3400479166666663,0.6911293738136509,0.3088706261863491
B_NYC,34,0.95,0.735,40.8,553.0,101.58682484941914,229.01629623891085,330.60312108833,16.666666666666668,1.7063820833333334,0.2577064284689365,0.7422935715310635
B_NYC,85,0.955,0.95,47.9,691.0,99.68265148056169,339.48430906453837,439.16696054510004,16.666666666666668,2.0748739166666663,0.04973515979028558,0.9502648402097145
B_NYC,90,0.959,0.796,48.8,597.0,100.57154646005137,298.9865568748275,399.55810333487887,16.666666666666668,1.8951139583333338,0.19959806457821122,0.8004019354217888
B_NYC,137,0.96,0.809,61.8,604.0,98.25454195156179,457.1499069770228,555.4044489285847,16.666666666666668,2.732272833333333,0.18630784443677537,0.8136921555632246
B_NYC,205,0.964,0.397,48.0,546.0,100.5529501902135,361.6822815126563,462.2352317028698,16.666666666666668,1.9064379999999999,0.5840783286360874,0.41592167136391256
B_NYC,1,0.966,0.923,38.2,614.0,105.18561709493575,177.8558397712878,283.04145686622354,0.0,1.2393541666666668,0.07627396331975865,0.9237260366802413
B_NYC,5,0.972,0.511,53.8,583.0,101.41172737998833,310.1729291923667,411.584656572355,16.666666666666668,2.4390903333333336,0.4707929453504427,0.5292070546495573
B_NYC,130,0.981,0.675,36.9,549.0,104.64656684694056,314.2149508128601,418.86151765980065,11.11111111111111,1.547924291666667,0.3170078988574394,0.6829921011425606
B_NYC,183,0.985,0.792,30.3,558.0,108.45580481808072,204.89254695201626,313.348351770097,0.0,1.1392499999999999,0.2011327244829488,0.7988672755170512
B_NYC,168,0.994,0.793,46.3,558.0,104.20508918257427,371.4423901772482,475.64747935982246,16.666666666666668,2.278210666666667,0.2011327244829488,0.7988672755170512
B_NYC,174,1.0,0.53,49.9,543.0,104.40769720616377,388.232103942868,492.63980114903177,16.666666666666668,2.3750055833333334,0.45757800413569816,0.5424219958643018
B_NYC,216,1.002,0.786,62.7,605.0,102.7653333033523,450.66953860591764,553.43487190927,22.22222222222222,2.8997916666666668,0.20951627442773654,0.7904837255722634
B_NYC,79,1.006,0.937,49.2,624.0,108.81158091379692,198.2968960344496,307.1084769482465,16.666666666666668,1.8688504999999997,0.06224198093404398,0.937758019065956
B_NYC,108,1.021,0.797,64.3,596.0,105.23407558451474,423.28697331459716,528.521048899112,22.22222222222222,2.858340791666667,0.19802843843054516,0.8019715615694548
B_NYC,77,1.03,0.623,44.1,554.0,110.20373775100998,251.62841495292116,361.8321527039311,16.666666666666668,1.6505007083333336,0.3657154042837948,0.6342845957162052
B_NYC,55,1.043,0.935,42.9,604.0,113.05692815262287,215.28339713749887,328.34032529012177,16.666666666666668,1.8787679166666669,0.0638694367863834,0.9361305632136165
B_NYC,99,1.046,0.93,55.3,626.0,109.17498673033673,372.1749306034994,481.3499173338362,16.666666666666668,2.3354625,0.0695395492626958,0.9304604507373042
B_NYC,28,1.054,0.899,59.5,604.0,110.16346213220052,322.15724886927757,432.3207110014781,16.666666666666668,2.6746334999999997,0.0986986325598984,0.9013013674401016
B_NYC,221,1.055,0.667,67.1,591.0,108.00871495760592,506.31111343809215,614.319828395698,27.77777777777778,3.065125,0.32486139651919926,0.6751386034808007
B_NYC,225,1.066,0.942,65.6,651.0,112.72195294524188,274.12364179722766,386.8455947424696,22.22222222222222,2.9523625,0.05724860959807945,0.9427513904019206
B_NYC,220,1.076,0.382,69.3,577.0,110.6921169616163,469.34860970038307,580.0407266619993,27.77777777777778,3.102361166666667,0.6055077917235117,0.39449220827648834
B_NYC,243,1.092,0.652,70.5,593.0,112.35301074308155,474.36018454525157,586.7131952883332,33.333333333333336,3.1642630000000005,0.34037361145347306,0.659626388546527
B_NYC,20,1.092,0.936,50.3,616.0,117.16245759789905,247.40091225143453,364.5633698493336,16.666666666666668,2.165065833333333,0.06409422563404368,0.9359057743659563
B_NYC,42,1.099,0.916,44.0,609.0,120.00046995386694,202.8979568086062,322.89842676247315,5.555555555555555,1.423510958333333,0.08341238401830453,0.9165876159816955
B_NYC,192,1.106,0.799,45.9,568.0,117.8307255141178,330.2851470756711,448.11587258978886,16.666666666666668,1.6687726250000003,0.19722948734734236,0.8027705126526576
B_NYC,158,1.108,0.697,70.0,587.0,113.73444432745049,523.9628548904026,637.697299217853,33.333333333333336,3.227227875,0.29344556159564716,0.7065544384043528
B_NYC,38,1.137,0.823,48.0,585.0,126.48736517183134,163.4964715033242,289.98383667515554,11.11111111111111,1.5633713333333337,0.17375863139003284,0.8262413686099672
B_NYC,128,1.139,0.788,64.8,574.0,118.06204016441878,465.8454585600543,583.907498724473,22.22222222222222,2.8986485416666667,0.20756600144337484,0.7924339985566251
B_NYC,40,1.158,0.876,66.1,614.0,120.22195054892323,447.4039048303847,567.625855379308,27.77777777777778,2.9901876666666665,0.12185187988706321,0.8781481201129367
B_NYC,189,1.17,0.922,51.7,617.0,124.36743964522923,339.34834825875396,463.71578790398314,16.666666666666668,1.88721025,0.07739763241181473,0.9226023675881853
B_NYC,184,1.171,0.921,66.5,616.0,121.25707779592501,480.20873409917414,601.4658118950991,27.77777777777778,3.070039791666667,0.07854666883374094,0.921453331166259
B_NYC,56,1.19,0.936,46.0,624.0,129.80728179570008,243.0966434230871,372.90392521878715,16.666666666666668,1.6610833333333328,0.06331984641691708,0.9366801535830829
B_NYC,241,1.19,0.868,65.8,592.0,123.64700065733979,486.7789176732064,610.4259183305462,27.77777777777778,3.031903333333334,0.13007588922350288,0.8699241107764971
B_NYC,142,1.194,0.675,55.4,561.0,126.39401455018987,379.8064932645675,506.2005078147574,16.666666666666668,2.1080116250000005,0.3170078988574394,0.6829921011425606
B_NYC,209,1.212,0.921,77.0,645.0,125.22418901340772,504.18178397888795,629.4059729922957,33.333333333333336,3.5472525000000004,0.07854666883374094,0.921453331166259
B_NYC,151,1.215,0.675,71.7,565.0,125.7412268089992,518.4353832965502,644.1766101055493,33.333333333333336,3.2968267499999997,0.3170078988574394,0.6829921011425606
B_NYC,125,1.227,0.8,48.7,573.0,132.09772102749773,308.5072725865851,440.60499361408284,16.666666666666668,1.6203958333333337,0.19499596875910752,0.8050040312408925
B_NYC,123,1.251,0.801,78.7,598.0,129.58743985491026,487.4001477700801,616.9875876249903,33.333333333333336,3.6376020000000002,0.19499596875910752,0.8050040312408925
B_NYC,208,1.255,0.951,77.6,694.0,129.92998739273278,505.5561410842186,635.4861284769514,33.333333333333336,3.5488799999999996,0.04869330246102425,0.9513066975389758
B_NYC,231,1.265,0.045,80.3,570.0,130.8081896576125,519.7237434538937,650.5319331115062,33.333333333333336,3.7098165,0.9272003506363907,0.07279964936360928
B_NYC,122,1.271,0.799,76.7,581.0,131.7005469411485,527.6966132898134,659.3971602309618,33.333333333333336,3.5490194999999995,0.19499596875910752,0.8050040312408925
B_NYC,218,1.281,0.921,76.9,624.0,133.19947406955023,498.49216226957054,631.6916363391208,33.333333333333336,3.530838,0.07854666883374094,0.921453331166259
B_NYC,126,1.292,0.579,74.7,564.0,134.40659771022703,495.3690982634623,629.7756959736894,33.333333333333336,3.60279675,0.4077731104626874,0.5922268895373126
B_NYC,211,1.313,0.065,82.7,569.0,135.8217740399817,533.3955851361502,669.2173591761318,33.333333333333336,3.898188,0.8964818797905075,0.10351812020949247
B_NYC,134,1.319,0.799,78.9,599.0,137.12756230870102,501.2148916891089,638.34245399781,33.333333333333336,3.6054033333333333,0.19499596875910752,0.8050040312408925
B_NYC,251,1.33,0.956,83.9,666.0,137.76536007431335,539.6377571704122,677.4031172447255,33.333333333333336,3.903240999999999,0.04383253790691382,0.9561674620930862
B_NYC,230,1.35,0.918,79.7,622.0,140.3918303101611,524.2208723589017,664.6127026690629,33.333333333333336,3.7370525833333326,0.08092396193891514,0.9190760380610848
B_NYC,206,1.359,0.928,86.4,649.0,140.7171313506308,545.5391227184954,686.2562540691262,33.333333333333336,4.03961,0.071011018632342,0.928988981367658
B_NYC,246,1.374,0.679,87.0,594.0,142.43487361908555,548.5089569450323,690.9438305641178,33.333333333333336,4.073092583333333,0.3103927896218998,0.6896072103781001
B_NYC,165,1.375,0.025,87.2,568.0,142.5818790464465,547.7829142532285,690.364793299675,33.333333333333336,4.0815710833333325,0.959534412175196,0.04046558782480403
B_NYC,136,1.377,0.677,87.7,589.0,142.606786397292,551.2168065157489,693.823592913041,33.333333333333336,4.1152500000000005,0.3108565086577936,0.6891434913422064
B_NYC,131,1.378,0.808,72.6,603.0,145.5876820421141,423.68914597851114,569.2768280206252,22.22222222222222,2.8861000000000003,0.18630784443677537,0.8136921555632246
B_NYC,146,1.38,0.808,87.5,603.0,143.0528485773935,550.4879088609446,693.5407574383381,33.333333333333336,4.096422666666666,0.18630784443677537,0.8136921555632246
B_NYC,102,1.381,0.804,87.8,599.0,143.10934654380955,551.8930422028833,695.0023887466929,33.333333333333336,4.121708333333332,0.19203311253086355,0.8079668874691365
B_NYC,163,1.382,0.696,87.8,588.0,143.21078566954714,553.3692085121639,696.5799941817111,33.333333333333336,4.12145775,0.29344556159564716,0.7065544384043528
B_NYC,190,1.401,0.657,85.8,577.0,145.6863573222586,532.6580978774857,678.3444551997443,33.333333333333336,4.024679624999999,0.3350808056962423,0.6649191943037577
B_NYC,249,1.401,0.794,87.0,587.0,145.63162887827136,536.7384359967301,682.3700648750014,33.333333333333336,4.076294625,0.2011327244829488,0.7988672755170512
B_NYC,129,1.403,0.809,72.6,591.0,148.54136477918414,423.26358270588787,571.804947485072,22.22222222222222,2.894346,0.18630784443677537,0.8136921555632246
B_NYC,176,1.425,0.673,87.4,574.0,148.17661961478413,549.4302517912903,697.6068714060743,33.333333333333336,4.097995916666668,0.3170078988574394,0.6829921011425606
B_NYC,194,1.441,0.913,86.1,623.0,150.28560840942868,537.1382526259063,687.423861035335,33.333333333333336,4.022947500000001,0.08601899678864494,0.9139810032113551
B_NYC,226,1.443,0.805,86.8,592.0,150.32687604999109,540.8646083383542,691.1914843883452,33.333333333333336,4.049995,0.19037342837764218,0.8096265716223578
B_NYC,181,1.45,0.8,87.9,585.0,150.96774300221898,549.8670636636116,700.8348066658305,33.333333333333336,4.126875000000001,0.19499596875910752,0.8050040312408925
C_Minneapolis,136,0.147,0.842,7.9,689.0,36.53476180765563,70.80777744147738,107.34253924913301,0.0,0.38841300000000006,0.1543718086009605,0.8456281913990396
C_Minneapolis,106,0.147,0.851,5.3,689.0,38.64455140687705,44.07298459969601,82.71753600657306,0.0,0.2055,0.14530363307236005,0.85469636692764
C_Minneapolis,133,0.148,0.704,8.6,683.0,36.47707987015267,72.70691631820326,109.18399618835593,0.0,0.42403599999999997,0.2895246950580051,0.710475304941995
C_Minneapolis,165,0.183,0.891,11.1,793.0,42.587814224494494,82.6356260576404,125.22344028213489,0.0,0.426544,0.10595387923413357,0.8940461207658664
C_Minneapolis,127,0.185,0.78,16.7,777.0,39.88233024913902,207.51908620739252,247.40141645653154,0.0,0.835884,0.2156736611906521,0.7843263388093479
C_Minneapolis,120,0.191,0.832,6.4,633.0,46.479289247476714,47.85916090093108,94.3384501484078,0.0,0.24864583333333332,0.16432308447600583,0.8356769155239941
C_Minneapolis,148,0.195,0.741,6.7,623.0,46.93141362265337,50.29208425047893,97.2234978731323,0.0,0.24864583333333334,0.25327579425408764,0.7467242057459124
C_Minneapolis,178,0.203,0.024,9.1,585.0,46.19742810498634,71.99710645538438,118.19453456037071,0.0,0.4514697916666668,0.9458491529202441,0.054150847079755926
C_Minneapolis,8,0.203,0.574,13.8,745.0,45.23644248224301,83.93552299865934,129.17196548090234,0.0,0.48049500000000006,0.4215881021860973,0.5784118978139027
C_Minneapolis,272,0.207,0.258,25.0,812.0,43.59133973569409,154.47261662277026,198.06395635846434,0.0,1.079962,0.7097148215008147,0.29028517849918534
C_Minneapolis,171,0.209,0.947,26.4,895.0,43.73963100477042,158.24391269911175,201.98354370388216,0.0,1.1454239999999998,0.05236228520764426,0.9476377147923557
C_Minneapolis,138,0.209,0.825,14.9,855.0,44.45673508042273,190.9689007893169,235.42563586973964,0.0,0.5965,0.16966624766123295,0.830333752338767
C_Minneapolis,143,0.21,0.89,23.5,872.0,43.694494831600096,171.42187208690768,215.1163669185078,0.0,1.18384,0.10731020362621796,0.8926897963737821
C_Minneapolis,66,0.211,0.657,20.6,766.0,44.751321284460836,132.8258288742867,177.57715015874757,0.0,0.9210880000000001,0.342100068351326,0.657899931648674
C_Minneapolis,253,0.211,0.373,13.0,625.0,46.460174240713386,89.29723512779098,135.75740936850437,0.0,0.6046699999999999,0.6122792365623742,0.38772076343762585
C_Minneapolis,75,0.212,0.95,14.5,879.0,45.35421175255386,145.82599334961458,191.18020510216843,0.0,0.5405,0.04941791739350779,0.9505820826064922
C_Minneapolis,131,0.215,0.866,25.9,868.0,44.951370425055714,151.52061545587017,196.4719858809259,0.0,1.07871,0.13126155225020314,0.8687384477497968
C_Minneapolis,261,0.216,0.119,12.1,599.0,47.48754541129162,87.30559617002085,134.79314158131248,0.0,0.5877804166666667,0.8450576309241344,0.15494236907586556
C_Minneapolis,268,0.221,0.95,28.1,908.0,45.36352420202768,178.88358834793794,224.24711254996566,0.0,1.2527460000000001,0.04969877688442662,0.9503012231155734
C_Minneapolis,254,0.221,0.166,11.4,606.0,48.80777021200553,83.99565592942643,132.80342614143197,0.0,0.5614400000000002,0.8095712211163044,0.19042877888369558
C_Minneapolis,258,0.223,0.945,12.5,700.0,48.6983474240616,86.26385591720042,134.962203341262,0.0,0.5895999999999999,0.05443129013559566,0.9455687098644043
C_Minneapolis,36,0.225,0.298,26.0,868.0,45.67064346148461,246.0890296878832,291.7596731493678,0.0,1.1896080000000002,0.6691233547716694,0.3308766452283306
C_Minneapolis,244,0.229,0.512,29.7,876.0,46.225519277937536,189.84125594242678,236.06677522036432,0.0,1.4050000000000002,0.46650752308230475,0.5334924769176952
C_Minneapolis,153,0.243,0.79,30.2,933.0,47.81531059420948,336.1122161678431,383.9275267620526,0.0,1.3948,0.2043478103916769,0.7956521896083231
C_Minneapolis,81,0.243,0.916,14.5,814.0,52.19318357755299,91.9475177775533,144.1407013551063,0.0,0.554094,0.08282079886659127,0.9171792011334088
C_Minneapolis,186,0.247,0.427,12.9,595.0,53.00898463724525,84.42427499026267,137.43325962750794,0.0,0.5954311458333333,0.552402013416884,0.447597986583116
C_Minneapolis,215,0.25,0.947,35.2,997.0,50.010066711361894,172.8826691510891,222.892735862451,11.11111111111111,1.6142070000000002,0.05236228520764426,0.9476377147923557
C_Minneapolis,260,0.257,0.643,13.5,603.0,54.57455206263105,89.87634030435987,144.4508923669909,0.0,0.6239864583333333,0.3456492967567451,0.654350703243255
C_Minneapolis,118,0.258,0.836,6.3,595.0,59.9656721012486,44.57868695313653,104.54435905438514,0.0,0.24119791666666668,0.15923007354899968,0.8407699264510003
C_Minneapolis,141,0.262,0.836,8.5,593.0,57.889060398749024,65.09837422492991,122.98743462367894,0.0,0.39563333333333334,0.15923007354899968,0.8407699264510003
C_Minneapolis,230,0.265,0.955,18.7,702.0,54.60074244952016,113.9864183407945,168.58716079031467,0.0,0.8633533333333334,0.04422949022709986,0.9557705097729001
C_Minneapolis,232,0.269,0.857,20.7,685.0,55.004634045210146,124.45114365319907,179.4557776984092,0.0,0.9572475,0.13989812900173948,0.8601018709982605
C_Minneapolis,68,0.271,0.778,29.0,902.0,52.45412995307577,325.63057446960863,378.0847044226844,0.0,1.4024880000000002,0.2156736611906521,0.7843263388093479
C_Minneapolis,132,0.272,0.855,37.6,1010.0,51.94953287028019,367.6541646069129,419.603697477193,16.666666666666668,1.6762529999999998,0.14106834737269255,0.8589316526273074
C_Minneapolis,196,0.273,0.854,20.0,675.0,55.765344999843855,123.05329445594596,178.81863945578982,0.0,0.9254895833333334,0.1418275545676481,0.8581724454323519
C_Minneapolis,177,0.276,0.871,39.6,1029.0,52.95400089379211,240.9472559055061,293.9012567992982,16.666666666666668,1.8900750000000002,0.12586394479487328,0.8741360552051267
C_Minneapolis,39,0.283,0.767,30.2,933.0,55.341226532070806,198.9485505040949,254.2897770361657,0.0,1.27428,0.2253563000453764,0.7746436999546236
C_Minneapolis,52,0.284,0.951,32.5,1016.0,54.4216455165894,325.0861397522986,379.50778526888803,11.11111111111111,1.552462,0.04844344826545101,0.951556551734549
C_Minneapolis,56,0.284,0.955,31.1,1004.0,54.23047519859843,375.03000835905544,429.26048355765386,16.666666666666668,1.6466759999999998,0.044589113943315085,0.9554108860566849
C_Minneapolis,223,0.284,0.324,42.7,1002.0,53.59280504658287,403.91386668081685,457.5066717273997,16.666666666666668,2.031966,0.6645848694406061,0.33541513055939387
C_Minneapolis,219,0.284,0.921,42.6,1063.0,54.62656380559046,208.09548933159783,262.7220531371883,16.666666666666668,2.039552,0.07813641744325263,0.9218635825567474
C_Minneapolis,170,0.289,0.858,11.7,608.0,60.87656582431353,86.60569595466546,147.482261778979,0.0,0.5867499166666668,0.13902031075398133,0.8609796892460186
C_Minneapolis,172,0.3,0.956,30.2,965.0,57.113095766785655,328.56204067894555,385.67513644573114,11.11111111111111,1.5964019999999994,0.043523333377788666,0.9564766666222113
C_Minneapolis,151,0.302,0.903,46.1,1099.0,56.416046955810565,401.25011951262445,457.666166468435,16.666666666666668,2.263464,0.09483246334179465,0.9051675366582054
C_Minneapolis,114,0.303,0.919,46.8,1112.0,56.12255074767718,436.763873329864,492.88642407754116,16.666666666666668,2.29,0.07899064303303838,0.9210093569669616
C_Minneapolis,83,0.308,0.952,37.2,1130.0,58.22705114236486,304.296067830991,362.52311897335585,11.11111111111111,1.6142399999999997,0.04684317397242112,0.9531568260275789
C_Minneapolis,188,0.311,0.48,47.9,1080.0,58.150965231070295,254.4109464462066,312.5619116772769,16.666666666666668,2.359145,0.506721670193296,0.49327832980670405
C_Minneapolis,45,0.312,0.905,36.2,1039.0,59.05865447332425,271.32310118741884,330.38175566074307,16.666666666666668,1.6735439999999997,0.09290845146452552,0.9070915485354745
C_Minneapolis,7,0.315,0.537,29.8,916.0,60.40673941514279,235.09268564388776,295.4994250590305,0.0,1.225722,0.44468272674714066,0.5553172732528593
C_Minneapolis,54,0.315,0.819,30.6,972.0,60.01199309348331,298.04426432916733,358.0562574226506,0.0,1.398004,0.17527625596556148,0.8247237440344385
C_Minneapolis,205,0.316,0.578,48.7,1067.0,58.01051132644482,466.5261921064387,524.5367034328835,16.666666666666668,2.399364,0.4182849127175282,0.5817150872824718
C_Minneapolis,128,0.318,0.824,23.1,682.0,64.74159680174101,98.33208838785326,163.07368518959427,0.0,1.1819820833333337,0.16966624766123295,0.830333752338767
C_Minneapolis,226,0.322,0.952,43.9,1117.0,59.51510274636907,381.50359654080415,441.01869928717326,16.666666666666668,2.0996550000000003,0.047235634544683686,0.9527643654553163
C_Minneapolis,174,0.325,0.875,51.4,1142.0,59.73488904817245,428.2696104308398,488.0044994790122,16.666666666666668,2.4887719999999995,0.12244977746308477,0.8775502225369152
C_Minneapolis,193,0.326,0.147,26.1,625.0,64.5803077693697,135.88245365738229,200.46276142675197,0.0,1.1240143750000002,0.815038793898113,0.18496120610188704
C_Minneapolis,159,0.333,0.835,7.1,567.0,74.21748628282229,47.96094542366573,122.17843170648803,0.0,0.2680208333333334,0.15923007354899968,0.8407699264510003
C_Minneapolis,140,0.341,0.868,31.8,702.0,66.2366654859149,158.02421276504742,224.26087825096232,0.0,1.3932393750000005,0.12762526047505782,0.8723747395249422
C_Minneapolis,243,0.347,0.032,27.8,641.0,67.3587894200642,156.41365877233386,223.77244819239806,0.0,1.2650114583333332,0.9294513345026335,0.07054866549736649
C_Minneapolis,111,0.354,0.709,55.2,1200.0,64.08590076017661,441.5614594678621,505.64736022803874,16.666666666666668,2.648906,0.2826507272945291,0.7173492727054709
C_Minneapolis,247,0.355,0.006,13.5,544.0,71.86196823633225,106.67199216130926,178.5339603976415,0.0,0.6825295833333334,0.9458491529202441,0.054150847079755926
C_Minneapolis,98,0.357,0.705,45.5,1073.0,65.4112013722362,367.9461716784857,433.35737305072195,16.666666666666668,2.1199999999999997,0.2945807862759731,0.7054192137240269
C_Minneapolis,126,0.358,0.064,57.3,1169.0,64.54711229717597,427.37240425618427,491.91951655336027,16.666666666666668,2.8779899999999996,0.91502701592554,0.08497298407445997
C_Minneapolis,95,0.361,0.58,20.0,637.0,72.48789722090605,105.06701086331576,177.5549080842218,0.0,0.7115625000000001,0.4150208879881929,0.5849791120118071
C_Minneapolis,137,0.362,0.89,59.5,1246.0,64.91743137059402,487.801862182045,552.719293552639,22.22222222222222,2.979,0.10731020362621796,0.8926897963737821
C_Minneapolis,74,0.362,0.673,26.3,701.0,70.68797498680956,144.5802682240918,215.26824321090135,0.0,0.9460779166666667,0.3170729366329752,0.6829270633670248
C_Minneapolis,11,0.362,0.272,21.4,663.0,70.3941307256488,172.69080939285175,243.08494011850053,0.0,0.8849385416666667,0.7097148215008147,0.29028517849918534
C_Minneapolis,24,0.362,0.957,27.2,991.0,68.99850538408802,235.83322564720345,304.8317310312915,0.0,1.2299040000000003,0.04249577642939038,0.9575042235706096
C_Minneapolis,252,0.365,0.951,13.1,620.0,74.06947450889002,102.28295450837157,176.35242901726158,0.0,0.64612525,0.04844344826545101,0.951556551734549
C_Minneapolis,195,0.366,0.954,58.2,1278.0,65.62344959044738,482.6232100052521,548.2466595956995,22.22222222222222,2.9492099999999994,0.045695044370372764,0.9543049556296272
C_Minneapolis,166,0.367,0.827,22.1,698.0,72.1919164529621,139.5734189277279,211.76533538069,0.0,0.7785937500000001,0.16966624766123295,0.830333752338767
C_Minneapolis,229,0.369,0.442,30.2,654.0,70.64544672516008,176.4198209981306,247.06526772329073,0.0,1.3512537500000001,0.532492178222653,0.46750782177734695
C_Minneapolis,146,0.371,0.709,60.7,1239.0,66.29441960581443,480.2666450304615,546.561064636276,22.22222222222222,3.0555559999999997,0.2834893635176548,0.7165106364823453
C_Minneapolis,42,0.372,0.96,20.8,885.0,73.73800597343967,127.68534025432885,201.42334622776852,0.0,1.05798,0.0402256224048201,0.9597743775951799
C_Minneapolis,224,0.374,0.951,22.5,719.0,71.0012819430044,293.18201164531894,364.18329358832335,0.0,1.0274687500000002,0.048035684697463485,0.9519643153025366
C_Minneapolis,203,0.378,0.418,61.9,1239.0,67.23650737357774,495.9361421920978,563.1726495656754,27.77777777777778,3.10232,0.5690165547593843,0.4309834452406157
C_Minneapolis,225,0.381,0.925,62.3,1319.0,67.65664111142947,497.2476322649052,564.9042733763347,27.77777777777778,3.135245,0.07340720128648606,0.926592798713514
C_Minneapolis,156,0.381,0.872,62.6,1285.0,67.77461258137731,502.17966296054664,569.9542755419238,27.77777777777778,3.137736,0.12586394479487328,0.8741360552051267
C_Minneapolis,180,0.382,0.819,62.7,1269.0,67.87502007801619,505.85939307021505,573.7344131482312,27.77777777777778,3.1603080000000006,0.17527625596556148,0.8247237440344385
C_Minneapolis,269,0.384,0.252,61.7,1209.0,68.24837907728245,503.7349720921159,571.9833511693984,27.77777777777778,3.110766,0.7328489486789324,0.26715105132106765
C_Minneapolis,73,0.385,0.754,24.4,663.0,74.18099423831876,164.2623003459491,238.44329458426787,0.0,1.2486340625000003,0.2376088778845194,0.7623911221154807
C_Minneapolis,40,0.389,0.926,35.9,1021.0,73.07754023251408,189.4545815478753,262.5321217803894,16.666666666666668,1.6908779999999994,0.0726930645805447,0.9273069354194553
C_Minneapolis,18,0.392,0.57,45.9,1052.0,71.93813731090341,253.022335435987,324.96047274689045,16.666666666666668,2.291839,0.41799602702215216,0.5820039729778479
C_Minneapolis,266,0.395,0.921,62.6,1312.0,69.98850977522245,503.170545487621,573.1590552628435,27.77777777777778,3.1535110000000004,0.0771425943672652,0.9228574056327348
C_Minneapolis,69,0.396,0.907,31.0,960.0,74.36779080995622,221.4680318797795,295.8358226897357,0.0,1.42506,0.09206793569272909,0.9079320643072709
C_Minneapolis,200,0.397,0.818,62.2,1255.0,70.38044915083931,503.39339211625025,573.7738412670896,27.77777777777778,3.139857,0.17818692733718372,0.8218130726628163
C_Minneapolis,76,0.404,0.45,42.4,976.0,74.46936967480904,230.7940168471041,305.26338652191316,16.666666666666668,1.9950240000000001,0.5425582517060756,0.45744174829392437
C_Minneapolis,169,0.412,0.831,39.9,722.0,75.2417053120943,344.933547124597,420.17525243669127,16.666666666666668,1.8209812500000004,0.16432308447600583,0.8356769155239941
C_Minneapolis,60,0.412,0.97,33.7,1121.0,76.68051306731526,262.47502888009,339.15554194740525,0.0,1.2286160000000002,0.030245532631594487,0.9697544673684055
C_Minneapolis,9,0.417,0.955,23.2,774.0,79.938336855039,180.66725390446607,260.60559075950505,0.0,0.8421875000000001,0.04493746903415118,0.9550625309658488
C_Minneapolis,238,0.42,0.858,35.1,724.0,79.60622820729282,159.45826279033213,239.06449099762494,16.666666666666668,1.726236875,0.138008108941063,0.861991891058937
C_Minneapolis,70,0.426,0.386,21.9,612.0,81.58830874602202,185.61390949971855,267.2022182457406,0.0,0.9086000000000002,0.60619964341118,0.39380035658881996
C_Minneapolis,71,0.431,0.956,32.0,742.0,81.72970302474049,171.17360927428683,252.90331229902733,0.0,1.283865,0.0438742538073716,0.9561257461926284
C_Minneapolis,43,0.431,0.63,29.4,692.0,80.19360012769968,280.2146416865137,360.4082418142134,0.0,1.2460937500000002,0.3676529704132121,0.6323470295867879
C_Minneapolis,2,0.436,0.779,24.4,688.0,84.35150151982322,139.66132366785644,224.01282518767968,0.0,0.8662500000000002,0.21563371896221864,0.7843662810377814
C_Minneapolis,16,0.442,0.911,26.2,732.0,84.38116925774666,169.10578886428698,253.48695812203363,0.0,0.9533333333333335,0.0873588749744293,0.9126411250255707
C_Minneapolis,152,0.442,0.852,42.0,743.0,80.00314750069789,403.56920829601296,483.57235579671084,16.666666666666668,1.8820885416666668,0.14530363307236005,0.85469636692764
C_Minneapolis,23,0.443,0.924,33.4,759.0,81.86911420455544,289.4798163643374,371.34893056889285,0.0,1.421083125,0.07491344040988844,0.9250865595901115
C_Minneapolis,29,0.443,0.97,28.6,796.0,83.68567388880076,189.52598229174794,273.21165618054874,0.0,1.1928182291666667,0.03004601522611199,0.9699539847738881
C_Minneapolis,46,0.445,0.442,25.4,690.0,84.8627856776929,179.17437859001186,264.0371642677048,0.0,0.963072916666667,0.5375718840620463,0.46242811593795374
C_Minneapolis,61,0.446,0.607,28.0,669.0,85.9724786879785,132.11910178514444,218.09158047312292,0.0,1.123109166666667,0.3800817240237782,0.6199182759762218
C_Minneapolis,25,0.446,0.876,41.4,762.0,80.58792203778573,377.6015433810019,458.1894654187876,16.666666666666668,1.8993333333333333,0.12105696113253007,0.8789430388674699
C_Minneapolis,270,0.449,0.024,42.6,695.0,80.94763155040823,409.936484693993,490.8841162444012,16.666666666666668,1.9534327083333338,0.9458491529202441,0.054150847079755926
C_Minneapolis,1,0.45,0.685,31.4,692.0,84.58528415231851,191.71830738857093,276.30359154088944,0.0,1.322933333333334,0.3148468742482856,0.6851531257517144
C_Minneapolis,26,0.455,0.899,34.0,733.0,83.45129279331246,308.28690718909826,391.7381999824107,11.11111111111111,1.5444320833333334,0.09868022254219184,0.9013197774578081
C_Minneapolis,17,0.456,0.748,37.3,714.0,83.38673324036445,272.1750091276982,355.56174236806265,16.666666666666668,1.7153835416666665,0.24572762511733529,0.7542723748826647
C_Minneapolis,257,0.458,0.044,44.9,709.0,85.34105651504596,184.92326199090854,270.26431850595446,16.666666666666668,2.1039356250000005,0.9294513345026335,0.07054866549736649
C_Minneapolis,199,0.459,0.952,38.1,749.0,86.6916369725555,157.14932344893307,243.8409604214886,16.666666666666668,1.7952,0.047235634544683686,0.9527643654553163
C_Minneapolis,58,0.461,0.025,38.6,697.0,83.44128302758698,357.3640859640494,440.8053689916364,16.666666666666668,1.9628468749999999,0.9294513345026335,0.07054866549736649
C_Minneapolis,14,0.465,0.942,38.7,772.0,84.67457695130571,271.7927281701582,356.46730512146394,16.666666666666668,1.8346109375,0.05678313034645841,0.9432168696535416
C_Minneapolis,12,0.467,0.862,37.2,717.0,85.96942588753554,229.0938213554589,315.06324724299446,16.666666666666668,1.9132208333333334,0.13454200611106315,0.8654579938889368
C_Minneapolis,134,0.469,0.835,44.0,739.0,84.34656493004951,408.1434449376095,492.49000986765907,16.666666666666668,1.9921825,0.15923007354899968,0.8407699264510003
C_Minneapolis,3,0.478,0.966,31.8,793.0,89.0091195301638,214.02376793177984,303.0328874619437,0.0,1.28676625,0.03349758778984947,0.9665024122101505
C_Minneapolis,34,0.479,0.555,34.7,689.0,89.5854768676947,188.65554307630822,278.2410199440029,0.0,1.3875468749999997,0.4309192159891193,0.5690807840108807
C_Minneapolis,96,0.479,0.873,26.6,711.0,89.47237714758462,236.64574594841446,326.11812309599907,0.0,1.0883789583333334,0.12418558391434348,0.8758144160856565
C_Minneapolis,4,0.481,0.66,42.8,733.0,87.09951742668365,279.67564638036833,366.77516380705197,16.666666666666668,2.010388645833334,0.3301706072731504,0.6698293927268496
C_Minneapolis,271,0.488,0.952,45.7,776.0,87.14452772411525,437.75115403665336,524.8956817607686,16.666666666666668,2.16129375,0.04684317397242112,0.9531568260275789
C_Minneapolis,264,0.493,0.049,26.8,561.0,94.5808353105917,140.04644071417897,234.62727602477065,0.0,1.185854625,0.9294513345026335,0.07054866549736649
C_Minneapolis,222,0.493,0.861,47.0,758.0,88.02497459518092,434.5508067906823,522.5757813858631,16.666666666666668,2.2343750000000004,0.13615642632059038,0.8638435736794097
C_Minneapolis,157,0.509,0.728,49.9,754.0,90.91084195769486,376.7052630481655,467.61610500586033,16.666666666666668,2.3791625,0.2652723045095235,0.7347276954904765
C_Minneapolis,263,0.514,0.954,21.3,619.0,100.57397471827467,115.33161662641022,215.9055913446849,0.0,1.091448,0.04495319774318836,0.9550468022568116
C_Minneapolis,50,0.516,0.253,42.4,691.0,94.80506608873819,206.32818583933846,301.1332519280766,16.666666666666668,1.9412880208333334,0.7328489486789324,0.26715105132106765
C_Minneapolis,190,0.517,0.963,51.3,822.0,91.98855627482077,389.32220777917547,481.31076405399625,16.666666666666668,2.465475833333333,0.036767282453653155,0.9632327175463469
C_Minneapolis,79,0.518,0.963,37.3,781.0,93.65545011200955,341.7563365441334,435.4117866561429,16.666666666666668,1.9329956250000007,0.03703870135654344,0.9629612986434566
C_Minneapolis,80,0.521,0.962,45.4,801.0,93.45739005336564,325.979971868059,419.4373619214246,16.666666666666668,2.3558333333333334,0.03815542983662702,0.961844570163373
C_Minneapolis,32,0.523,0.47,35.0,700.0,94.91654025436549,336.88438004358727,431.80092029795276,11.11111111111111,1.5931575000000002,0.5184237961388246,0.4815762038611754
C_Minneapolis,94,0.523,0.679,45.9,739.0,93.36398738750145,393.2127701231298,486.5767575106313,16.666666666666668,2.2069884375,0.3121303152902272,0.6878696847097727
C_Minneapolis,33,0.531,0.562,40.4,692.0,98.06534235868327,196.3110690059783,294.3764113646616,16.666666666666668,1.956120833333334,0.4199622861435794,0.5800377138564206
C_Minneapolis,48,0.533,0.815,27.1,580.0,102.53359626101712,126.23417566209224,228.76777192310934,0.0,1.237179,0.18117122007346767,0.8188287799265324
C_Minneapolis,163,0.539,0.789,54.2,766.0,95.30797642558375,437.12651737652385,532.4344938021076,16.666666666666668,2.6316365625,0.2043478103916769,0.7956521896083231
C_Minneapolis,119,0.541,0.822,9.0,579.0,114.7047363028861,58.55821129135947,173.26294759424556,0.0,0.35119791666666667,0.17243679912754648,0.8275632008724535
C_Minneapolis,144,0.544,0.851,14.0,584.0,110.29535354789463,78.79145760205773,189.08681114995235,0.0,0.6367052083333334,0.14530363307236005,0.85469636692764
C_Minneapolis,89,0.548,0.642,45.0,712.0,98.21984222315987,320.92084597391863,419.1406881970785,16.666666666666668,2.290886354166667,0.35452661729613866,0.6454733827038613
C_Minneapolis,168,0.548,0.821,21.2,593.0,109.23699851556938,83.60879190921675,192.84579042478612,0.0,0.7007291666666667,0.17527625596556148,0.8247237440344385
C_Minneapolis,161,0.549,0.84,31.8,604.0,104.11653469392822,152.59935740880735,256.71589210273555,0.0,1.3350511666666667,0.156772513757512,0.843227486242488
C_Minneapolis,90,0.551,0.699,46.9,720.0,98.10662345420438,372.7258668198211,470.8324902740255,16.666666666666668,2.4962976041666662,0.3004470097270282,0.6995529902729718
C_Minneapolis,91,0.551,0.942,37.6,733.0,99.57649697656089,330.3168076756982,429.8933046522591,16.666666666666668,1.7205879166666667,0.057309043394150945,0.942690956605849
C_Minneapolis,27,0.551,0.954,26.8,650.0,101.96326277700636,262.1503828891921,364.11364566619847,0.0,1.4198658749999997,0.045321815931812504,0.9546781840681875
C_Minneapolis,22,0.554,0.238,37.1,649.0,102.09721283823811,206.4155704436347,308.51278328187277,16.666666666666668,1.6747500000000002,0.7484723987829139,0.25152760121708606
C_Minneapolis,35,0.554,0.964,44.8,873.0,99.07039540344296,366.98923914333267,466.05963454677567,16.666666666666668,2.153394375,0.03622619667462699,0.963773803325373
C_Minneapolis,237,0.558,0.869,27.7,615.0,105.69099227706714,159.14033588607361,264.83132816314077,0.0,1.3851445833333336,0.12880109347904126,0.8711989065209588
C_Minneapolis,218,0.561,0.584,57.5,767.0,98.83603320683603,418.0050521523609,516.841085359197,16.666666666666668,2.7813362500000003,0.3992721286825472,0.6007278713174529
C_Minneapolis,265,0.567,0.819,58.2,788.0,99.59625832082932,455.47599390251503,555.0722522233443,16.666666666666668,2.8331015625000004,0.17527625596556148,0.8247237440344385
C_Minneapolis,246,0.569,0.555,56.5,756.0,100.22684495361963,445.5145829187681,545.7414278723877,16.666666666666668,2.764251875,0.4309192159891193,0.5690807840108807
C_Minneapolis,116,0.57,0.847,56.2,793.0,100.54996501567636,430.46050406663596,531.0104690823123,16.666666666666668,2.638080729166667,0.14749371017911395,0.852506289820886
C_Minneapolis,77,0.581,0.556,43.3,708.0,103.81383661349021,376.144735889808,479.95857250329817,16.666666666666668,2.0028444791666673,0.4387140679588591,0.561285932041141
C_Minneapolis,158,0.585,0.515,59.4,772.0,102.49363362411833,457.64434973147115,560.1379833555895,16.666666666666668,2.8688000000000002,0.46650752308230475,0.5334924769176952
C_Minneapolis,125,0.59,0.866,56.7,801.0,102.92284774951797,488.2394510701158,591.1622988196337,16.666666666666668,2.721436666666667,0.13126155225020314,0.8687384477497968
C_Minneapolis,185,0.603,0.804,16.6,536.0,115.75487242349442,159.1132650530404,274.8681374765348,0.0,0.8368708333333332,0.19059146703952226,0.8094085329604778
C_Minneapolis,102,0.604,0.861,23.6,580.0,112.71080448457586,226.79344022423632,339.50424470881217,0.0,1.1762562499999998,0.13615642632059038,0.8638435736794097
C_Minneapolis,255,0.606,0.951,28.3,623.0,110.30480238160688,374.1748907364879,484.47969311809476,5.555555555555555,1.472652416666667,0.04844344826545101,0.951556551734549
C_Minneapolis,262,0.614,0.08,62.9,778.0,106.81507452838518,483.68356936866087,590.498643897046,27.77777777777778,3.0909931250000007,0.8970886827612987,0.10291131723870128
C_Minneapolis,65,0.628,0.962,27.1,676.0,118.9304480674595,173.29860037351048,292.22904844096996,0.0,1.350796583333333,0.03748938905298612,0.9625106109470138
C_Minneapolis,57,0.641,0.07,32.8,549.0,116.44432691315615,302.43781555261484,418.882142465771,11.11111111111111,1.5586025000000001,0.91502701592554,0.08497298407445997
C_Minneapolis,183,0.646,0.92,64.6,856.0,112.40004537407437,405.3661440995411,517.7661894736154,27.77777777777778,3.2306954166666673,0.0787178648864323,0.9212821351135677
C_Minneapolis,105,0.647,0.961,28.6,645.0,125.35863561653575,121.70643823860938,247.06507385514513,0.0,1.3506893749999997,0.03873309587874729,0.9612669041212527
C_Minneapolis,210,0.647,0.419,66.6,806.0,111.92123197153495,504.50858792724534,616.4298198987804,33.333333333333336,3.312090833333334,0.5624123188017809,0.4375876811982191
C_Minneapolis,202,0.648,0.96,63.8,868.0,112.14174043874769,520.804358300354,632.9460987391017,27.77777777777778,3.2422912500000005,0.03932416265644885,0.9606758373435511
C_Minneapolis,221,0.649,0.555,65.4,802.0,112.28158645118671,511.5920725722693,623.8736590234561,33.333333333333336,3.308971875000001,0.4309192159891193,0.5690807840108807
C_Minneapolis,217,0.656,0.955,67.2,876.0,113.26865633128318,513.3531726375653,626.6218289688485,33.333333333333336,3.3519062500000008,0.044589113943315085,0.9554108860566849
C_Minneapolis,135,0.659,0.789,66.7,821.0,113.7450194645964,513.4896077245529,627.2346271891494,33.333333333333336,3.3917445833333337,0.2043478103916769,0.7956521896083231
C_Minneapolis,99,0.661,0.567,22.7,557.0,124.28975224742999,210.1624349850372,334.4521872324672,0.0,0.8944791666666667,0.4283145130618699,0.57168548693813
C_Minneapolis,113,0.667,0.77,65.5,795.0,115.4845278842827,489.1650222461397,604.6495501304224,33.333333333333336,3.263333333333333,0.22375914383779774,0.7762408561622023
C_Minneapolis,20,0.667,0.87,39.1,737.0,121.90583991693211,237.74640596541803,359.65224588235014,16.666666666666668,1.746525,0.12742381528087993,0.87257618471912
C_Minneapolis,208,0.673,0.953,67.9,878.0,115.90070422237035,528.9055294201721,644.8062336425423,33.333333333333336,3.454639375,0.04607296051544823,0.9539270394845518
C_Minneapolis,181,0.68,0.849,68.2,838.0,117.16549175691426,523.072305778371,640.2377975352852,33.333333333333336,3.4180208333333337,0.1478635170171276,0.8521364829828724
C_Minneapolis,10,0.683,0.922,29.5,600.0,129.04825346684683,159.73811914333163,288.78637261017843,0.0,1.3389675,0.07729610517418067,0.9227038948258193
C_Minneapolis,182,0.687,0.869,70.3,840.0,118.19084291090611,516.392585999973,634.5834289108791,33.333333333333336,3.5440625000000012,0.12762526047505782,0.8723747395249422
C_Minneapolis,101,0.689,0.946,32.5,652.0,126.9306223678128,230.38319353355553,357.31381590136834,0.0,1.2470473333333332,0.053923570504032535,0.9460764294959675
C_Minneapolis,194,0.69,0.12,70.0,809.0,118.70936496626194,524.0981190696986,642.8074840359604,33.333333333333336,3.4902392708333334,0.8450576309241344,0.15494236907586556
C_Minneapolis,162,0.694,0.848,40.7,603.0,124.43085290331426,353.3634620669716,477.7943149702859,16.666666666666668,1.8962415833333337,0.14749371017911395,0.852506289820886
C_Minneapolis,235,0.695,0.958,71.4,894.0,119.45461869975318,537.1326428908883,656.5872615906414,33.333333333333336,3.5974044791666673,0.042161435273637735,0.9578385647263623
C_Minneapolis,248,0.696,0.889,71.7,853.0,119.51812337504157,544.5435492779221,664.0616726529638,33.333333333333336,3.6160678125000003,0.1086929636418154,0.8913070363581846
C_Minneapolis,121,0.699,0.846,72.3,846.0,120.00053411858643,547.2822997058673,667.2828338244539,33.333333333333336,3.6506250000000002,0.14973405265875547,0.8502659473412445
C_Minneapolis,124,0.699,0.439,72.1,819.0,120.01068119663051,545.1664236980556,665.1771048946862,33.333333333333336,3.632138125000001,0.5365083405462805,0.4634916594537195
C_Minneapolis,167,0.699,0.858,72.3,849.0,119.92381746804485,547.6343959426945,667.5582134107393,33.333333333333336,3.6481190625000006,0.13902031075398133,0.8609796892460186
C_Minneapolis,207,0.7,0.352,71.1,816.0,120.19545331480604,540.8401940359095,661.0356473507155,33.333333333333336,3.5988975000000005,0.6303906900545339,0.36960930994546615
C_Minneapolis,240,0.701,0.954,72.2,894.0,120.24925269020699,545.8435200458798,666.0927727360868,33.333333333333336,3.6446850000000004,0.045321815931812504,0.9546781840681875
C_Minneapolis,107,0.701,0.877,72.4,854.0,120.33197964770466,547.936344004992,668.2683236526966,33.333333333333336,3.657276562500001,0.1191737106966153,0.8808262893033847
C_Minneapolis,155,0.702,0.683,72.5,828.0,120.51778902651773,548.6871556260069,669.2049446525247,33.333333333333336,3.6595659375000005,0.30884144513411504,0.691158554865885
C_Minneapolis,213,0.708,0.076,72.2,805.0,121.59093454909005,545.2692787319532,666.8602132810433,33.333333333333336,3.64332375,0.9103250889280627,0.08967491107193726
C_Minneapolis,242,0.708,0.115,72.0,811.0,121.59415954199497,545.8169281399468,667.4110876819418,33.333333333333336,3.6320934375,0.8663949244532537,0.13360507554674628
C_Minneapolis,251,0.711,0.355,71.6,805.0,122.00877769798257,542.3023551381627,664.3111328361452,33.333333333333336,3.606543645833334,0.6236469951891781,0.3763530048108219
C_Minneapolis,173,0.713,0.958,35.2,629.0,129.30628661527933,311.4573438558845,440.7636304711639,16.666666666666668,1.798,0.04118204314982659,0.9588179568501735
C_Minneapolis,227,0.716,0.024,19.0,504.0,137.1974324442758,170.25931949420533,307.45675193848115,0.0,0.9706229166666667,0.9458491529202441,0.054150847079755926
C_Minneapolis,164,0.716,0.543,71.8,811.0,122.90037488874168,544.4841391232068,667.3845140119485,33.333333333333336,3.632291666666667,0.4423130610321006,0.5576869389678993
C_Minneapolis,108,0.733,0.868,68.4,838.0,126.47129603584716,503.51308006447084,629.9843761003181,33.333333333333336,3.3152934375000007,0.12942410420775943,0.8705758957922406
C_Minneapolis,212,0.739,0.155,42.9,570.0,131.45574506159457,410.64617587589134,542.1019209374858,16.666666666666668,2.02195175,0.815038793898113,0.18496120610188704
C_Minneapolis,82,0.739,0.92,37.7,646.0,134.42629990323093,278.9968526234785,413.4231525267094,16.666666666666668,1.9794468749999998,0.07792419796450382,0.9220758020354962
C_Minneapolis,5,0.744,0.931,27.5,610.0,140.47758830289524,187.95665196872113,328.4342402716163,0.0,1.2086280000000003,0.06862958206366242,0.9313704179363376
C_Minneapolis,84,0.746,0.417,31.5,566.0,138.19749853986212,215.30395962223432,353.50145816209647,0.0,1.351755,0.5624123188017809,0.4375876811982191
C_Minneapolis,100,0.748,0.688,30.6,529.0,141.59769259810912,149.36805957829333,290.9657521764024,0.0,1.186841458333333,0.31062718457819893,0.6893728154218011
C_Minneapolis,78,0.749,0.871,28.6,583.0,143.63167990686202,135.93740844618503,279.56908835304705,0.0,1.0954172916666665,0.12586394479487328,0.8741360552051267
C_Minneapolis,142,0.75,0.826,17.3,545.0,143.13106051963035,191.322890433042,334.45395095267236,0.0,0.6903958333333332,0.16966624766123295,0.830333752338767
C_Minneapolis,15,0.751,0.803,32.6,600.0,142.65697009196526,139.18190288772905,281.8388729796943,0.0,1.2248745833333332,0.19078054457727114,0.8092194554227289
C_Minneapolis,13,0.752,0.963,29.3,675.0,145.9421010225799,113.79150203637876,259.7336030589587,0.0,1.1019854166666665,0.036473600136124246,0.9635263998638758
C_Minneapolis,62,0.775,0.895,33.1,607.0,145.50470890715843,169.72618520712055,315.23089411427895,0.0,1.2288955416666667,0.10214856010810287,0.8978514398918971
C_Minneapolis,197,0.776,0.866,44.8,614.0,141.88076478075672,216.37425429975076,358.25501908050745,16.666666666666668,2.055652625,0.13162416545357214,0.8683758345464279
C_Minneapolis,122,0.78,0.82,45.6,598.0,138.33950122269118,430.0514732673649,568.3909744900561,16.666666666666668,2.1289237083333328,0.17527625596556148,0.8247237440344385
C_Minneapolis,250,0.78,0.057,43.6,558.0,138.44284860125086,430.538035556792,568.9808841580428,16.666666666666668,2.0960494999999995,0.8970886827612987,0.10291131723870128
C_Minneapolis,209,0.798,0.861,29.8,554.0,144.99995950181503,343.28955011092535,488.2895096127404,5.555555555555555,1.4576871666666669,0.1350567625294688,0.8649432374705313
C_Minneapolis,234,0.799,0.197,27.0,515.0,145.80050915993098,339.7299504168707,485.53045957680166,0.0,1.3490980416666667,0.7865998140169371,0.21340018598306287
C_Minneapolis,51,0.803,0.893,33.5,590.0,151.2982888604588,174.97172387427463,326.2700127347334,11.11111111111111,1.53918875,0.1049844173069872,0.8950155826930128
C_Minneapolis,53,0.809,0.944,37.1,622.0,145.87421634637903,349.76470815427166,495.6389245006507,16.666666666666668,1.801038,0.05475100942157445,0.9452489905784256
C_Minneapolis,123,0.811,0.648,31.1,531.0,154.75244023182233,136.88713340326797,291.6395736350903,0.0,1.2868461666666666,0.34039578711813084,0.6596042128818691
C_Minneapolis,103,0.811,0.885,39.2,623.0,145.86826392129916,335.68670784838247,481.5549717696816,16.666666666666668,1.9295175000000002,0.11235425161005998,0.88764574838994
C_Minneapolis,87,0.832,0.535,39.1,518.0,155.55357979890817,163.40011349921994,318.9536932981281,16.666666666666668,1.8374578333333331,0.4606981525193327,0.5393018474806672
C_Minneapolis,19,0.846,0.617,24.0,510.0,163.69282882849936,142.92722543562277,306.62005426412213,0.0,0.8925416666666667,0.37869386403002925,0.6213061359699708
C_Minneapolis,38,0.858,0.905,40.4,587.0,155.38281259632902,278.3368395679355,433.7196521642645,16.666666666666668,1.9346789999999998,0.09260129486390085,0.9073987051360991
C_Minneapolis,92,0.871,0.918,42.5,597.0,161.24259766769208,189.31610606601933,350.5587037337114,16.666666666666668,1.9672173749999997,0.07985909162977631,0.9201409083702237
C_Minneapolis,67,0.872,0.789,39.5,583.0,158.67446041986884,273.2800021025943,431.9544625224632,16.666666666666668,1.8508472499999997,0.2043478103916769,0.7956521896083231
C_Minneapolis,245,0.88,0.958,49.7,634.0,156.74273220948905,361.18281882998946,517.9255510394785,16.666666666666668,2.374083333333333,0.04118204314982659,0.9588179568501735
C_Minneapolis,59,0.894,0.939,41.0,631.0,161.63360437878413,307.8648273194146,469.49843169819866,16.666666666666668,1.6948449166666664,0.05983467083073132,0.9401653291692686
C_Minneapolis,72,0.9,0.944,37.9,632.0,165.87914407273294,229.9815719855848,395.86071605831773,16.666666666666668,1.8235582083333337,0.054891262952248665,0.9451087370477513
C_Minneapolis,28,0.908,0.734,38.5,573.0,164.97443846742857,307.84668761775407,472.8211260851826,16.666666666666668,1.7738975000000003,0.2559813464828847,0.7440186535171154
C_Minneapolis,187,0.924,0.952,38.1,600.0,165.83596789156707,385.70528046098707,551.5412483525541,16.666666666666668,1.846760416666667,0.04763310943129751,0.9523668905687025
C_Minneapolis,110,0.933,0.642,40.9,538.0,169.0731233880246,291.0337919576433,460.1069153456679,16.666666666666668,1.7902500000000001,0.3465114438153122,0.6534885561846878
C_Minneapolis,85,0.947,0.429,47.2,552.0,167.53606295723233,426.2798044266158,593.8158673838482,16.666666666666668,2.3400479166666663,0.5471440876024782,0.45285591239752176
C_Minneapolis,37,0.95,0.79,38.0,553.0,175.3570957445428,222.88158990408982,398.23868564863255,16.666666666666668,1.7063820833333334,0.20401758920457178,0.7959824107954282
C_Minneapolis,93,0.955,0.96,44.6,691.0,170.90094093275565,357.6486028099293,528.5495437426849,16.666666666666668,2.0748739166666663,0.039373668167308834,0.9606263318326912
C_Minneapolis,97,0.959,0.838,45.3,597.0,173.01833060017356,298.79411188601307,471.8124424861866,16.666666666666668,1.8951139583333338,0.15801513445774906,0.8419848655422509
C_Minneapolis,130,0.963,0.848,56.9,603.0,170.82754645761082,368.89646844238814,539.724014899999,16.666666666666668,2.7689509999999995,0.14749371017911395,0.852506289820886
C_Minneapolis,6,0.972,0.613,50.0,583.0,174.25743703239885,316.6388126689984,490.8962497013973,16.666666666666668,2.4390903333333336,0.37271108173577233,0.6272889182642276
C_Minneapolis,55,0.978,0.48,42.6,548.0,179.2420886459973,234.49772448430997,413.7398131303073,16.666666666666668,1.718589625,0.5032486069907337,0.4967513930092663
C_Minneapolis,179,0.983,0.964,57.2,667.0,172.19624464446545,468.66269701119717,640.8589416556626,16.666666666666668,2.7182388749999995,0.035454505090672,0.964545494909328
C_Minneapolis,259,0.988,0.206,56.7,550.0,173.14625732513636,478.0516361027769,651.1978934279133,16.666666666666668,2.728322916666667,0.7596314096386942,0.24036859036130576
C_Minneapolis,231,0.992,0.327,54.0,568.0,176.5928041127243,361.1955107285218,537.7883148412461,16.666666666666668,2.531925,0.6493219459222366,0.3506780540777634
C_Minneapolis,154,1.002,0.84,57.7,601.0,176.81232859036746,437.71079108153356,614.523119671901,16.666666666666668,2.678892125,0.156772513757512,0.843227486242488
C_Minneapolis,233,1.005,0.91,48.9,614.0,177.48096781567386,458.33979875114255,635.8207665668165,16.666666666666668,2.546852791666667,0.08832088908172948,0.9116791109182705
C_Minneapolis,88,1.006,0.95,45.7,624.0,187.10646360642056,190.17305212838582,377.27951573480635,16.666666666666668,1.8688504999999997,0.049274901572784365,0.9507250984272156
C_Minneapolis,86,1.03,0.702,41.0,554.0,188.98156776850416,250.096583275522,439.07815104402613,16.666666666666668,1.6505007083333336,0.2895246950580051,0.710475304941995
C_Minneapolis,192,1.032,0.238,59.1,556.0,181.57945206285763,448.2831133661195,629.8625654289771,16.666666666666668,2.8587347499999995,0.7340336109204726,0.2659663890795274
C_Minneapolis,63,1.043,0.949,39.9,604.0,194.2964522869276,218.93927771694783,413.23573000387546,16.666666666666668,1.8787679166666669,0.050563304122553256,0.9494366958774467
C_Minneapolis,104,1.046,0.945,51.4,626.0,186.1701185445819,377.2468820047882,563.4170005493701,16.666666666666668,2.3354625,0.055052143166300964,0.9449478568336991
C_Minneapolis,211,1.053,0.918,62.2,648.0,183.17156110105637,524.5756879549106,707.747249055967,22.22222222222222,3.058505208333333,0.08034239610063866,0.9196576038993614
C_Minneapolis,31,1.054,0.92,55.3,604.0,188.43654930701152,318.4799795865688,506.91652889358033,16.666666666666668,2.6746334999999997,0.07813641744325263,0.9218635825567474
C_Minneapolis,214,1.057,0.841,43.8,560.0,187.92532434228298,446.11064931630415,634.0359736585872,16.666666666666668,2.3045348333333333,0.1543718086009605,0.8456281913990396
C_Minneapolis,21,1.092,0.949,46.7,616.0,200.09930378883183,242.63002306476108,442.7293268535929,16.666666666666668,2.165065833333333,0.05074126196028415,0.9492587380397158
C_Minneapolis,49,1.099,0.933,40.9,609.0,205.52323331004015,192.61218931169344,398.1354226217336,0.0,1.423510958333333,0.06603480401449234,0.9339651959855076
C_Minneapolis,216,1.099,0.372,64.0,562.0,193.16889376686723,458.40572607449354,651.5746198413608,27.77777777777778,3.087354583333333,0.6122792365623742,0.38772076343762585
C_Minneapolis,201,1.107,0.067,64.5,567.0,192.25152223607267,541.2402809674926,733.4918032035653,27.77777777777778,3.2091626250000003,0.8970886827612987,0.10291131723870128
C_Minneapolis,267,1.117,0.901,65.9,628.0,195.8144051983963,471.7366692731973,667.5510744715937,27.77777777777778,3.210450416666667,0.09646607157725696,0.903533928422743
C_Minneapolis,147,1.126,0.5,60.5,551.0,198.86999580079927,438.57703544931906,637.4470312501184,16.666666666666668,2.8927068749999996,0.47936033511444853,0.5206396648855515
C_Minneapolis,44,1.137,0.86,44.6,585.0,216.5175771775792,152.29645827453362,368.8140354521128,11.11111111111111,1.5633713333333337,0.13755891651710772,0.8624410834828923
C_Minneapolis,112,1.144,0.684,68.2,584.0,200.01779654759645,484.13995921027487,684.1577557578713,33.333333333333336,3.3361076250000004,0.30884144513411504,0.691158554865885
C_Minneapolis,47,1.158,0.902,61.5,614.0,203.13146426529025,460.1647901108485,663.2962543761388,22.22222222222222,2.9901876666666665,0.09646607157725696,0.903533928422743
C_Minneapolis,236,1.167,0.891,57.4,581.0,205.1085191623641,482.4197563200713,687.5282754824353,16.666666666666668,2.839173749999999,0.10595387923413357,0.8940461207658664
C_Minneapolis,41,1.185,0.702,50.3,578.0,213.75209979815367,323.89734103205257,537.6494408302062,16.666666666666668,1.8957300833333333,0.2919921656346494,0.7080078343653506
C_Minneapolis,241,1.19,0.919,70.8,625.0,207.5040162992022,502.76841516507983,710.272431464282,33.333333333333336,3.4839453333333332,0.07899064303303838,0.9210093569669616
C_Minneapolis,64,1.19,0.949,42.7,624.0,220.1284193233054,245.7220194321261,465.8504387554315,16.666666666666668,1.6610833333333328,0.05012821174672627,0.9498717882532737
C_Minneapolis,198,1.195,0.899,61.8,605.0,208.75082231494443,513.5451124768463,722.2959347917907,22.22222222222222,3.0353249583333337,0.09868022254219184,0.9013197774578081
C_Minneapolis,239,1.207,0.623,70.9,571.0,211.2628331383003,446.92919688411297,658.1920300224133,33.333333333333336,3.5101739166666666,0.36224925327409396,0.637750746725906
C_Minneapolis,150,1.218,0.5,65.1,547.0,214.80688366861904,452.1369549694484,666.9438386380675,27.77777777777778,3.131065875,0.47936033511444853,0.5206396648855515
C_Minneapolis,30,1.222,0.879,58.8,599.0,216.63811916091444,411.9347266818558,628.5728458427702,16.666666666666668,2.7352126666666665,0.11960980134493768,0.8803901986550623
C_Minneapolis,184,1.225,0.066,70.3,554.0,212.68180965221,539.5343349653426,752.2161446175527,33.333333333333336,3.527583,0.9103250889280627,0.08967491107193726
C_Minneapolis,139,1.226,0.842,68.0,579.0,213.5993988462001,517.9882463102654,731.5876451564654,33.333333333333336,3.40917075,0.1543718086009605,0.8456281913990396
C_Minneapolis,249,1.228,0.951,71.1,634.0,216.07505846127322,405.1201109264674,621.1951693877406,33.333333333333336,3.533338666666666,0.04844344826545101,0.951556551734549
C_Minneapolis,117,1.266,0.842,71.5,602.0,221.7751097149131,456.0930705287462,677.8681802436593,33.333333333333336,3.49683875,0.1543718086009605,0.8456281913990396
C_Minneapolis,189,1.288,0.861,69.9,582.0,224.56988836013912,526.706966154465,751.2768545146041,33.333333333333336,3.5443333333333324,0.1350567625294688,0.8649432374705313
C_Minneapolis,175,1.291,0.291,72.3,549.0,225.59112796257446,503.51869346636573,729.1098214289401,33.333333333333336,3.5677383333333332,0.6865909888988107,0.31340901110118935
C_Minneapolis,191,1.365,0.551,80.8,578.0,236.45900418688203,557.0950104641263,793.5540146510083,33.333333333333336,4.073713875,0.4309192159891193,0.5690807840108807
C_Minneapolis,220,1.365,0.173,80.5,566.0,236.76068305933495,548.4196434894479,785.1803265487829,33.333333333333336,4.0619015833333325,0.815038793898113,0.18496120610188704
C_Minneapolis,256,1.369,0.189,77.5,558.0,238.27699869747352,538.053061666013,776.3300603634866,33.333333333333336,3.877540708333333,0.783242498645222,0.216757501354778
C_Minneapolis,149,1.374,0.439,81.1,574.0,238.18377320598017,560.9418515271539,799.125624733134,33.333333333333336,4.090818125,0.5365083405462805,0.4634916594537195
C_Minneapolis,145,1.38,0.866,81.6,606.0,238.99849895447244,564.1918006246583,803.1902995791307,33.333333333333336,4.117332166666667,0.12942410420775943,0.8705758957922406
C_Minneapolis,160,1.381,0.824,81.7,597.0,239.11311664404275,564.4261134272931,803.5392300713359,33.333333333333336,4.125583333333333,0.17243679912754648,0.8275632008724535
C_Minneapolis,129,1.386,0.497,80.4,565.0,240.37630733897083,552.6544819698724,793.0307893088434,33.333333333333336,4.049247125,0.4927547363798908,0.5072452636201092
C_Minneapolis,228,1.387,0.948,80.9,635.0,240.51586928547118,560.3543186980313,800.8701879835025,33.333333333333336,4.07994875,0.051450864175463525,0.9485491358245365
C_Minneapolis,176,1.388,0.498,80.9,566.0,240.61984858421445,560.2012128438146,800.821061428029,33.333333333333336,4.085327250000001,0.4927547363798908,0.5072452636201092
C_Minneapolis,204,1.392,0.954,81.3,642.0,241.26623217227632,560.1511905641388,801.4174227364151,33.333333333333336,4.100328666666667,0.04495319774318836,0.9550468022568116
C_Minneapolis,109,1.398,0.822,81.6,588.0,242.20248254940194,563.2121527348978,805.4146352842997,33.333333333333336,4.123,0.17243679912754648,0.8275632008724535
C_Minneapolis,206,1.417,0.216,80.5,554.0,246.00278681769748,555.1642411006932,801.1670279183907,33.333333333333336,4.053547083333334,0.7596314096386942,0.24036859036130576
C_Minneapolis,115,1.446,0.83,81.6,584.0,251.16037861373266,559.714418798052,810.8747974117846,33.333333333333336,4.1144943750000005,0.16432308447600583,0.8356769155239941
